"u_parent_asset","name","asset_tag","serial_number","location","u_building","u_room","u_floor","po_number","u_scheduled_retirement","location.u_deskside_assignment_group"
"LD065697","LD065129","HSS-8073748","9RPTVP3","VIHA-PAHC-Port Alberni Health Centre-Main Building-1st Floor","Main Building","Gya's device","1","VIHATRP20230417-018","06/30/2031","NTT-Deskside Services-WestCoast-Local"
"PC037565","LD065608","HSS-8072159","G39TVP3","VIHA-PAMHAS-Port Alberni Mental Health & Addiction Services-Main Building-1st Floor","Main Building","214","1","VIHATRP20230213-017","05/31/2031","NTT-Deskside Services-WestCoast-Local"
"PC090480","PC090480","HSS-1049156","6WY5VZ3","VIHA-WCGH-West Coast General Hospital-Main Building-2nd Floor","Main Building","2306","2","INC3675568","06/30/2031","NTT-Deskside Services-WestCoast-Staffed"
"LD101258","LD090905","LD034741","JMG60N3","VIHA-WCMHAS-West Coast Mental Health & Addiction Services-Main Building-1st Floor","Main Building","2nd on right","1","VIHATRP20221114-004","02/28/2031","NTT-Deskside Services-WestCoast-Remote"
"LD034318","LD034318","HSS-1025875","3M1VR63","VIHA-PAMHAS-Port Alberni Mental Health & Addiction Services-Main Building-1st Floor","Main Building","6","1","REQ0188756-RITM0197449-SCTASK0292554","07/31/2029","NTT-Deskside Services-WestCoast-Local"
"PC075784","PC075784","HSS-1940282","92CMG14","VIHA-UPR-Ucluelet Peninsula Road-Community Health Centre-1st Floor","Main Building","105","1","DMND0005326","08/31/2030","NTT-Deskside Services-WestCoast-Remote"
"LD034320","LD066646","HSS-8089590","197JTY3","VIHA-PAMHAS-Port Alberni Mental Health & Addiction Services-Main Building-1st Floor","Main Building","7","1","VIHATRP20240909","11/30/2032","NTT-Deskside Services-WestCoast-Local"
"LD080462","LD066387","HSS-8086258","9PZ3VZ3","VIHA-TGH-Tofino General Hospital-Main Building-Basement 1","Main Building","'-Home and Community / Liaison","0","VIHATRP20240429-035","07/31/2032","NTT-Deskside Services-WestCoast-Remote"
"PC033759","PC033759","PC033759","311RVP3","VIHA-TGH-Tofino General Hospital-Main Building-1st Floor","Main Building","Admitting Desk","","VIHATRP20221114-011","02/28/2031","NTT-Deskside Services-WestCoast-Remote"
"PC049267","PC049267","HSS-8078591","4CXRQT3","VIHA-WCGH-West Coast General Hospital-Main Building-1st Floor","Main Building","WC1541","1","VIHATRP20230918-058","11/30/2031","NTT-Deskside Services-WestCoast-Staffed"
"LD050419","LD050419-M2","HSS-1972920","JQNKGC3","VIHA-PAHCCS-Port Alberni Home & Community Care Services-Main Building-1st Floor","Main Building","17","1","DMND0003120","12/31/2029","NTT-Deskside Services-WestCoast-Local"
"LD093077","LD061046","HSS-1034926","2ZJKRH3","VIHA-PAMHAS-Port Alberni Mental Health & Addiction Services-Main Building-1st Floor","Main Building","7","1","REQ0557136-RITM0585009-SCTASK0965062","07/31/2030","NTT-Deskside Services-WestCoast-Local"
"LD058319","LD058319","HSS-8072205","610TVP3","VIHA-PAMHAS-Port Alberni Mental Health & Addiction Services-Main Building-1st Floor","Main Building","HOff","1","VIHATRP20230213-057","05/31/2031","NTT-Deskside Services-WestCoast-Local"
"LD1000304","LD1000304","HSS-8078561","BZP6PW3","VIHA-PAMHAS-Port Alberni Mental Health & Addiction Services-Main Building-1st Floor","Main Building","Admin","0","VIHATRP20230918-036","11/30/2031","NTT-Deskside Services-WestCoast-Local"
"LD034602","LD034602","HSS-8073736","48FQQT3","VIHA-WCGH-West Coast General Hospital-Main Building-1st Floor","Main Building","WC1471B","1","VIHATRP20230417-003","06/30/2031","NTT-Deskside Services-WestCoast-Staffed"
"LD065146","LD065146","HSS-8023456","2GFHGC3","VIHA-WCGH-West Coast General Hospital-Main Building-2nd Floor","Main Building","WC2518","2","VIHATRP20210809-011","11/30/2029","NTT-Deskside Services-WestCoast-Staffed"
"PC026148","PC040021","PC040021","44B60N3","VIHA-WCGH-West Coast General Hospital-Main Building-2nd Floor","Main Building","2302B","2","VIHATRP20221114-055","03/31/2031","NTT-Deskside Services-WestCoast-Staffed"
"PC042651","PC042651","PC042651","D7B60N3","VIHA-TGH-Tofino General Hospital-Main Building-1st Floor","Main Building","Nursing Station","","VIHATRP20221114-009","02/28/2031","NTT-Deskside Services-WestCoast-Remote"
"LD064927","LD064928","HSS-1044775","26GLTY3","VIHA-PACDF-Port Alberni Community Dialysis Facility-Main Building-1st Floor","Main Building","1","1","REQ1148475-RITM1209188-SCTASK1944027","01/31/2032","NTT-Deskside Services-WestCoast-Local"
"PC020973","PC020973","HSS-8058684","1TMJRH3","VIHA-WCGH-West Coast General Hospital-Main Building-2nd Floor","Main Building","WC2504","","VIHATRP20220505-030","08/31/2030","NTT-Deskside Services-WestCoast-Staffed"
"LD059255","LD059255TRP","HSS-8095640","CWF6W14","VIHA-WCGH-West Coast General Hospital-Main Building-1st Floor","MHSU 941 - C England Avenue","WFH","1","REQ1877551-RITM1981654-SCTASK3260909","09/30/2030","NTT-Deskside Services-WestCoast-Staffed"
"LD050413","LD050413-M2","HSS-1972912","CTCKGC3","VIHA-PAHCCS-Port Alberni Home & Community Care Services-Main Building-1st Floor","Main Building","Liaison 2","1","DMND0003120","12/31/2029","NTT-Deskside Services-WestCoast-Local"
"","LD027222","HSS-1956454-M2","VTH61019","VIHA-WRC-Westhaven-Main Building-1st Floor","Main Building","WFH?","1","","02/28/2022","NTT-Deskside Services-WestCoast-Staffed"
"PC078493","PC085206","HSS-1044695","GBHLTY3","VIHA-WCGH-West Coast General Hospital-Main Building-2nd Floor","Main Building","WCAdmin","2","REQ1141946-RITM1202266-SCTASK1922035","01/31/2032","NTT-Deskside Services-WestCoast-Staffed"
"LD023195","LD030570","HSS-8024942","GXCKGC3","VIHA-PAIHN-Port Alberni Integrated Health Network-Main Building-1st Floor","Main Building","Admin","1","VIHATRP20211025-003","01/31/2030","NTT-Deskside Services-WestCoast-Local"
"LD066188","LD066188","HSS-8073751","CP8QQT3","VIHA-PARS-Port Alberni Redford Street-Main Building-1st Floor","Main Building","Team Room","1","VIHATRP20230417-020","06/30/2031","NTT-Deskside Services-WestCoast-Local"
"","100261","100261","CN43170CQ4","VIHA-TGH-Tofino General Hospital","","","","","","NTT-Deskside Services-WestCoast-Remote"
"PC076779","PC076779","HSS-8089627","1WCJTY3","VIHA-WCGH-West Coast General Hospital-Main Building-2nd Floor","Main Building","WC2441","2","VIHATRP20240909-077","11/30/2032","NTT-Deskside Services-WestCoast-Staffed"
"PC033771","PC033771","HSS-8086240","4N06VZ3","VIHA-TGH-Tofino General Hospital-Main Building-1st Floor","Main Building","Nursing Lounge","1","VIHATRP20240429-021","07/31/2032","NTT-Deskside Services-WestCoast-Remote"
"LD066070","LD066070","HSS-8073762","16FQQT3","VIHA-PARS-Port Alberni Redford Street-Main Building-1st Floor","Main Building","9","1","VIHATRP20230417-025","06/30/2031","NTT-Deskside Services-WestCoast-Local"
"PC031596","JZGKRH3","HSS-1984833","JZGKRH3","VIHA-WCGH-West Coast General Hospital-Main Building-2nd Floor","Main Building","WCOR - Surgical Desk","2","DMND0003637","10/31/2030","NTT-Deskside Services-WestCoast-Staffed"
"PC051330","PC051330","HSS-8086292","BCF4VZ3","VIHA-WCGH-West Coast General Hospital-Main Building-2nd Floor","Main Building","WC2256 - Marion's PC","2","VIHATRP20240429-063","07/31/2032","NTT-Deskside Services-WestCoast-Staffed"
"LD036938","C5CJRH3","HSS-1034075","C5CJRH3","VIHA-BAM-Bamfield Health Centre-Main Building-1st Floor","Main Building","Reception","1","REQ0557287-RITM0585173-SCTASK0915800","06/30/2030","NTT-Deskside Services-WestCoast-Remote"
"PC033742","PC033742","PC033742","8Z0MVF3","VIHA-WCGH-West Coast General Hospital-Main Building-2nd Floor","Main Building","WC2351","","VIHATRP20221114-066","02/28/2031","NTT-Deskside Services-WestCoast-Staffed"
"PC071738","PC071738","HSS-1033958","532JRH3","VIHA-WCGH-West Coast General Hospital-Main Building-2nd Floor","Main Building","WC2303","2","REQ0529603-RITM0555836-SCTASK0891865","06/30/2030","NTT-Deskside Services-WestCoast-Staffed"
"PC031609","PC031609","HSS-8091657","4T8LG14","VIHA-WCGH-West Coast General Hospital-Main Building-2nd Floor","Main Building","WC2431 - User: Arden Schiller","2","VIHATRP20241209","02/28/2033","NTT-Deskside Services-WestCoast-Staffed"
"LD036395","LD066239","HSS-8073770","55FQQT3","VIHA-PARS-Port Alberni Redford Street-Main Building-1st Floor","Main Building","8","1","VIHATRP20230417-031","06/30/2031","NTT-Deskside Services-WestCoast-Local"
"LD059155","LD059155","HSS-8095836","514LG14","VIHA-TGH-Tofino General Hospital-Main Building-1st Floor","Main Building","Admin WFH","1","ISLHTRP20250922-011","09/30/2030","NTT-Deskside Services-WestCoast-Remote"
"","PC045957","HSS-8017411-M1","VTK50215","VIHA-WCGH-West Coast General Hospital","Main Building","NTT Loaner Room (1520a)","","","08/31/2022","NTT-Deskside Services-WestCoast-Staffed"
"LD036395","LD066239","HSS-8073769","7T8QQT3","VIHA-PARS-Port Alberni Redford Street-Main Building-1st Floor","Main Building","8","1","VIHATRP20230417-031","06/30/2031","NTT-Deskside Services-WestCoast-Local"
"LD066245","LD066245","HSS-8073800","8N8QQT3","VIHA-PAHCCS-Port Alberni Home & Community Care Services-Main Building-1st Floor","Main Building","Social Work","1","VIHATRP20230417-051","06/30/2031","NTT-Deskside Services-WestCoast-Local"
"PC040022","PC032087","HSS-8089618","JXCJTY3","VIHA-WCGH-West Coast General Hospital-Main Building-2nd Floor","Main Building","WC2326 - Administration","","VIHATRP20240909-068","11/30/2032","NTT-Deskside Services-WestCoast-Staffed"
"LD066101","LD066101","HSS-8086226","37K3TY3","VIHA-WRC-Westhaven-Main Building-1st Floor","Main Building","WH1023","1","VIHATRP20240429-009","07/31/2032","NTT-Deskside Services-WestCoast-Staffed"
"LD034602","LD034602","HSS-8073737","DW8QQT3","VIHA-WCGH-West Coast General Hospital-Main Building-1st Floor","Main Building","WC1471B","1","VIHATRP20230417-003","06/30/2031","NTT-Deskside Services-WestCoast-Staffed"
"PC032082","PC032082","HSS-8086316","FPZ3VZ3","VIHA-WCGH-West Coast General Hospital-Main Building-2nd Floor","Main Building","WC2422","2","VIHATRP20240429-077","07/31/2032","NTT-Deskside Services-WestCoast-Staffed"
"LD034708","LD034708","HSS-8086295","GNV4VZ3","VIHA-WCGH-West Coast General Hospital-Main Building-2nd Floor","Main Building","CV1052","1","VIHATRP20240429-064","07/31/2032","NTT-Deskside Services-WestCoast-Staffed"
"LD033693","LD033693","HSS-8058710","BDPKRH3","VIHA-PAHCCS-Port Alberni Home & Community Care Services-Main Building-1st Floor","Main Building","12","1","VIHATRP20220505-047","08/31/2030","NTT-Deskside Services-WestCoast-Local"
"PC032112","PC032112","HSS-8086276","9MZ3VZ3","VIHA-WCGH-West Coast General Hospital-Main Building-1st Floor","Main Building","2140","2","VIHATRP20240429-050","07/31/2032","NTT-Deskside Services-WestCoast-Staffed"
"LD086133","LD086133","HSS-1046848","8B24TY3","VIHA-PAHC-Port Alberni Health Centre","","","","REQ1330423-RITM1403095-SCTASK2254254","07/31/2032","NTT-Deskside Services-WestCoast-Local"
"PC033279","PC033279","HSS-8058689","565KRH3","VIHA-WCGH-West Coast General Hospital-Main Building-2nd Floor","Main Building","Doctors lounge","","VIHATRP20220505-034","08/31/2030","NTT-Deskside Services-WestCoast-Staffed"
"","LD027219","HSS-1956468-M1","VTH60997","VIHA-PAHCCS-Port Alberni Home & Community Care Services-Main Building","Main","21","","","02/28/2022","NTT-Deskside Services-WestCoast-Local"
"LD066240","LD066240","HSS-8073772","45FQQT3","VIHA-PARS-Port Alberni Redford Street-Main Building-1st Floor","Main Building","Unit 201 - Consult Room #4","1","VIHATRP20230417-032","06/30/2031","NTT-Deskside Services-WestCoast-Local"
"LD044273","LD044273","HSS-8086255","JGH3VZ3","VIHA-TGH-Tofino General Hospital-Main Building-1st Floor","Main Building","WFH","1st Floor","VIHATRP20240429-033","07/31/2032","NTT-Deskside Services-WestCoast-Remote"
"PC067010","PC067010","PC067010","6P170N3","VIHA-WCGH-West Coast General Hospital-Main Building-2nd Floor","Main Building","WCMedical Imaging - 2288 - XRay room","","VIHATRP20221114-053","03/31/2031","NTT-Deskside Services-WestCoast-Staffed"
"LD050423","LD027199","HSS-1972947","5BJKGC3","VIHA-PAHCCS-Port Alberni Home & Community Care Services-Main Building-1st Floor","Main Building","11","1","DMND0003120","12/31/2029","NTT-Deskside Services-WestCoast-Local"
"PC080246","PC080246","HSS-1047964","49CHTY3","VIHA-PARS-Port Alberni Redford Street-Main Building-1st Floor","Main Building","1","1","REQ1397582-RITM1474316-SCTASK2445347","11/30/2032","NTT-Deskside Services-WestCoast-Local"
"LD090411","F5JKGC3","HSS-1972932","F5JKGC3","VIHA-TGH-Tofino General Hospital-Main Building-Basement 1","Main Building","TGH - Home and Community care","1","DMND0003120","12/31/2029","NTT-Deskside Services-WestCoast-Remote"
"LD066503","LD066503","HSS-8086318","BPC3VZ3","VIHA-WCGH-West Coast General Hospital-Main Building-2nd Floor","Main Building","WC2351","2","VIHATRP20240429-079","07/31/2032","NTT-Deskside Services-WestCoast-Staffed"
"PC075783","PC075783","HSS-1940281","204LG14","VIHA-UPR-Ucluelet Peninsula Road-Community Health Centre-1st Floor","Main Building","105","1","DMND0005326","08/31/2030","NTT-Deskside Services-WestCoast-Remote"
"PC033750","PC033750","PC033750","77X60N3","VIHA-WCGH-West Coast General Hospital-Main Building-2nd Floor","Main Building","WC2450 - Lab Reception desk","","VIHATRP20221114-057","03/31/2031","NTT-Deskside Services-WestCoast-Staffed"
"LD065381","LD065381","HSS-8058697","HZ4KRH3","VIHA-PAHCCS-Port Alberni Home & Community Care Services-Main Building-1st Floor","Main Building","1","1","VIHATRP20220505-040","08/31/2030","NTT-Deskside Services-WestCoast-Local"
"PC033767","PC033767-M1","PC033767","B7B60N3","VIHA-TGH-Tofino General Hospital-Main Building-Basement 1","Main Building","Mental Health and Substance Use smaller office","","VIHATRP20221114-018","02/28/2031","NTT-Deskside Services-WestCoast-Remote"
"LD066228","LD031871","HSS-8024963","DXCKGC3","VIHA-PARS-Port Alberni Redford Street-Main Building-1st Floor","Main Building","Team Room","1","VIHATRP20211025-014","04/30/2030","NTT-Deskside Services-WestCoast-Local"
"PC074082","PC074082","HSS-1903212","8424TY3","VIHA-UPR-Ucluelet Peninsula Road-Community Health Centre-2nd Floor","Main Building","218","2","DMND0005135","12/31/2032","NTT-Deskside Services-WestCoast-Remote"
"LD090317","LD090317","HSS-1041631","GRDSVP3","VIHA-PARS-Port Alberni Redford Street-Main Building-1st Floor","Main Building","main room","1","REQ0853411-RITM0896514-SCTASK1435695","05/31/2031","NTT-Deskside Services-WestCoast-Local"
"LD066016","LD038210-M1","HSS-8058724","1NJJRH3","VIHA-PAHC-Port Alberni Health Centre-Main Building-1st Floor","Main Building","6","1","VIHATRP20220505-055","08/31/2030","NTT-Deskside Services-WestCoast-Local"
"PC040906","PC040906-M1","HSS-1984846","3GGJRH3","VIHA-WCGH-West Coast General Hospital-Main Building-2nd Floor","Main Building","WC2215 (Report Room B)","","DMND0003637","10/31/2030","NTT-Deskside Services-WestCoast-Staffed"
"LD091165","PC030897","HSS-8086227","3JZ3TY3","VIHA-WRC-Westhaven-Main Building-1st Floor","Main Building","WH1004","1","VIHATRP20240429-010","07/31/2032","NTT-Deskside Services-WestCoast-Staffed"
"LD066503","LD066503","HSS-8086319","92W5VZ3","VIHA-WCGH-West Coast General Hospital-Main Building-2nd Floor","Main Building","WC2351","2","VIHATRP20240429-079","07/31/2032","NTT-Deskside Services-WestCoast-Staffed"
"LD091664","LD091664","HSS-1049058","25ZKG14","VIHA-WCGH-West Coast General Hospital","WFH","","2","REQ1561285-RITM1647339-SCTASK2656871","01/31/2033","NTT-Deskside Services-WestCoast-Staffed"
"PC075782","PC075782","HSS-1940278","6LSMG14","VIHA-UPR-Ucluelet Peninsula Road-Community Health Centre-1st Floor","Main Building","105","1","DMND0005326","08/31/2030","NTT-Deskside Services-WestCoast-Remote"
"PC031584","LD038205","HSS-8058729","J2KKRH3","VIHA-PAHC-Port Alberni Health Centre-Main Building-2nd Floor","Main Building","2nd Admin desk","2","VIHATRP20220505-053","08/31/2030","NTT-Deskside Services-WestCoast-Local"
"","LD042882","HSS-8023445","2RXGGC3","VIHA-CFP-Coastal Family Place-Main Building-1st Floor","Main Building","PH Admin","1","VIHATRP20210809-001","10/31/2029","NTT-Deskside Services-WestCoast-Remote"
"LD065126","LD065126-M1","HSS-8095842","1CN8W14","VIHA-PARS-Port Alberni Redford Street-Main Building-1st Floor","Main Building","24","1","ISLHTRP20250922-016","09/30/2030","NTT-Deskside Services-WestCoast-Local"
"PC032005","PC032005","HSS-8072129","CXPSVP3","VIHA-PAHC-Port Alberni Health Centre-Main Building-1st Floor","Main Building","Reception Office","","VIHATRP20230213-008","05/31/2031","NTT-Deskside Services-WestCoast-Local"
"LD065127","LD065127-M1","HSS-8095851","6M6MG14","VIHA-PAHC-Port Alberni Health Centre-Main Building-1st Floor","Main Building","21","1st Floor","ISLHTRP20250922-022","09/30/2030","NTT-Deskside Services-WestCoast-Local"
"PC032111","PC032111","HSS-8024981","VTN16661","VIHA-WCGH-West Coast General Hospital-Main Building-2nd Floor","Main Building","WCOR - 2110 - Surgical Desk","","VIHATRP20211025-029","01/31/2030","NTT-Deskside Services-WestCoast-Staffed"
"LD067130","LD067130","HSS-1044993","CJ9KTY3","VIHA-WCGH-West Coast General Hospital-Main Building-1st Floor","Main Building","WC1471C","1","REQ1175204-RITM1237671-SCTASK1991608","02/29/2032","NTT-Deskside Services-WestCoast-Staffed"
"LD061357","PC049245","HSS-8086217","DCK3TY3","VIHA-PARS-Port Alberni Redford Street-Main Building-1st Floor","Main Building","8","1","VIHATRP20240429-003","07/31/2032","NTT-Deskside Services-WestCoast-Local"
"LD050422","JGJKGC3","HSS-1972927","JGJKGC3","VIHA-PAHCCS-Port Alberni Home & Community Care Services-Main Building-1st Floor","Main Building","1","1","DMND0003120","12/31/2029","NTT-Deskside Services-WestCoast-Local"
"PC075775","PC075775","HSS-1940269","304LG14","VIHA-UPR-Ucluelet Peninsula Road-Community Health Centre-1st Floor","Main Building","105","1","DMND0005326","08/31/2030","NTT-Deskside Services-WestCoast-Remote"
"PC033754_EVG","PC033754","PC033754","6Z0MVF3","VIHA-WCGH-West Coast General Hospital-Main Building-2nd Floor","Main Building","1420","","VIHATRP20221114-064","02/28/2031","NTT-Deskside Services-WestCoast-Staffed"
"PC032107","PC032107-M2","","3LVCZ43","VIHA-WCGH-West Coast General Hospital-Main Building-2nd Floor","Main Building","WC2515 (Reports Room B)","2","","","NTT-Deskside Services-WestCoast-Staffed"
"LD055962","LD058183","HSS-8094590","D3L6W14","VIHA-PARS-Port Alberni Redford Street-Main Building-1st Floor","Main Building","9","1","ISLHTRP20250721-071","08/31/2030","NTT-Deskside Services-WestCoast-Local"
"LD037331","LD037331","HSS-8086221","3KP3TY3","VIHA-PARS-Port Alberni Redford Street-Main Building-1st Floor","Main Building","WFH","1","VIHATRP20240429-006","07/31/2032","NTT-Deskside Services-WestCoast-Local"
"LD026442","LD026442-M2","HSS-8058699","JDPKRH3","VIHA-PAHCCS-Port Alberni Home & Community Care Services-Main Building-1st Floor","Main Building","6","1","VIHATRP20220505-041","08/31/2030","NTT-Deskside Services-WestCoast-Local"
"LD066218","LD066218","HSS-8073764","26FQQT3","VIHA-PARS-Port Alberni Redford Street-Main Building-1st Floor","Main Building","Unit 201 - Robbie?s desk (Room 12)","1","VIHATRP20230417-028","06/30/2031","NTT-Deskside Services-WestCoast-Local"
"","HSS-1005532-M2","HSS-1005532-M2","VN554153","VIHA-WCGH-West Coast General Hospital","","","","","10/31/2017","NTT-Deskside Services-WestCoast-Staffed"
"PC031603","PC031603-M1","HSS-8078580","6N2RQT3","VIHA-WCGH-West Coast General Hospital-Main Building-2nd Floor","Main Building","WC2330 - Computer lab","2","VIHATRP20230918-051","11/30/2031","NTT-Deskside Services-WestCoast-Staffed"
"PC033756","PC033756","PC033756","9S170N3","VIHA-CFP-Coastal Family Place-Main Building-1st Floor","Main Building","Office on Left","","VIHATRP20221114-007","02/28/2031","NTT-Deskside Services-WestCoast-Remote"
"LD023194","LD023194","HSS-8078550","7ZP6PW3","VIHA-PAHCCS-Port Alberni Home & Community Care Services-Main Building-1st Floor","Main Building","HSCL/CM office--Ashley Schuhmann","1","VIHATRP20230918-024","11/30/2031","NTT-Deskside Services-WestCoast-Local"
"LD038207","LD038207-M1","HSS-8073784","9JZPQT3","VIHA-PAHC-Port Alberni Health Centre-Main Building-1st Floor","Main Building","6","1","VIHATRP20230417-039","06/30/2031","NTT-Deskside Services-WestCoast-Local"
"LD066422","LD066422-M1","HSS-8081957","7NVHTY3","VIHA-TGH-Tofino General Hospital-Main Building-1st Floor","Main Building","HCNO","1","VIHATRP20231225-045","02/29/2032","NTT-Deskside Services-WestCoast-Remote"
"LD027205","LD027205-M2","HSS-8073799","9N8QQT3","VIHA-PAHCCS-Port Alberni Home & Community Care Services-Main Building-1st Floor","Main Building","5","1","VIHATRP20230417-050","06/30/2031","NTT-Deskside Services-WestCoast-Local"
"LD061502","LD071983","HSS-1036714","55SMVF3","VIHA-PARS-Port Alberni Redford Street-Main Building-1st Floor","Main Building","'-","1","REQ0650318-RITM0683194-SCTASK1072528","09/30/2030","NTT-Deskside Services-WestCoast-Local"
"LD039282","LD065378-M2","HSS-1044053","DV66PW3","VIHA-PAHCCS-Port Alberni Home & Community Care Services-Main Building-1st Floor","Main Building","23 - on desk outside of 23","1","REQ1092444-RITM1149878-SCTASK1840131","11/30/2031","NTT-Deskside Services-WestCoast-Local"
"LD038047","LD038047","HSS-8078553","JR66PW3","VIHA-PAHC-Port Alberni Health Centre-Main Building-1st Floor","Main Building","Miranda's device","1","VIHATRP20230918-029","11/30/2031","NTT-Deskside Services-WestCoast-Local"
"PC075772","PC075772","HSS-1940265","504LG14","VIHA-UPR-Ucluelet Peninsula Road-Community Health Centre-1st Floor","Main Building","105","1","DMND0005326","08/31/2030","NTT-Deskside Services-WestCoast-Remote"
"PC033768","PC033768","PC033768","4CRQVP3","VIHA-TGH-Tofino General Hospital-Main Building-Basement 1","Main Building","Mental Health and Substance Use large office","","VIHATRP20221114-015","02/28/2031","NTT-Deskside Services-WestCoast-Remote"
"PC031598","PC031598-M1","PC031598","JQ170N3","VIHA-WCGH-West Coast General Hospital-Main Building-2nd Floor","Main Building","WC2330","2","VIHATRP20221114-036","02/28/2031","NTT-Deskside Services-WestCoast-Staffed"
"PC026224","PC026224","HSS-8069109","GFN50N3","VIHA-ULS-Ucluelet Lab Services-Main Building-1st Floor","Main Building","Lab","","VIHATRP20221121-095","02/28/2031","NTT-Deskside Services-WestCoast-Remote"
"PC074082","34660N3","HSS-1940477","34660N3","VIHA-UPR-Ucluelet Peninsula Road-Community Health Centre-2nd Floor","Main Building","218","2","DMND0005329","12/31/2030","NTT-Deskside Services-WestCoast-Remote"
"PC029481","PC029481","HSS-8086260","4SK4VZ3","VIHA-TGH-Tofino General Hospital-Main Building-Basement 1","Main Building","Nutrition Services","1","VIHATRP20240429-038","07/31/2032","NTT-Deskside Services-WestCoast-Remote"
"LD036396","LD036396","HSS-8089595","397JTY3","VIHA-PAMHAS-Port Alberni Mental Health & Addiction Services-Main Building-1st Floor","Main Building","3","1","VIHATRP20240909","11/30/2032","NTT-Deskside Services-WestCoast-Local"
"LD067464","LD034598","HSS-8072203","BGKSVP3","VIHA-PAHC-Port Alberni Health Centre-Main Building-1st Floor","Main Building","201","1","VIHATRP20230213-056","05/31/2031","NTT-Deskside Services-WestCoast-Local"
"PC077213","LD023786-M1","HSS-8023465","C5XGGC3","VIHA-WCGH-West Coast General Hospital-Main Building-2nd Floor","Main Building","WC2326","","VIHATRP20210809-018","11/30/2029","NTT-Deskside Services-WestCoast-Staffed"
"PC052209","PC052209","","CNK4440PR3","VIHA-WCGH-West Coast General Hospital-Main Building-2nd Floor","Main Building","WC2258","2","","","NTT-Deskside Services-WestCoast-Staffed"
"LD034320","LD066646","HSS-8089591","5S2JTY3","VIHA-PAMHAS-Port Alberni Mental Health & Addiction Services-Main Building-1st Floor","Main Building","7","1","VIHATRP20240909","11/30/2032","NTT-Deskside Services-WestCoast-Local"
"LD100152","LD100152","HSS-1040084","2BQHRH3","VIHA-PAHC-Port Alberni Health Centre-Main Building-1st Floor","Main Building","Natasha's Office","1","REQ0787823-RITM0827671-SCTASK1308130","10/31/2030","NTT-Deskside Services-WestCoast-Local"
"PC078681","PC078681","HSS-1044282","GLR6PW3","VIHA-WCGH-West Coast General Hospital-Main Building-2nd Floor","Main Building","2905","2","REQ1110102-RITM1168312-SCTASK1868512","12/31/2031","NTT-Deskside Services-WestCoast-Staffed"
"PC077030","PC077030","HSS-1034026","6C2JRH3","VIHA-WCGH-West Coast General Hospital-Main Building-2nd Floor","Main Building","WC2303","","REQ0529603-RITM0555835-SCTASK0894912","06/30/2030","NTT-Deskside Services-WestCoast-Staffed"
"LD065130","LD065130-M2","HSS-8095839","6ZVLG14","VIHA-PARS-Port Alberni Redford Street-Main Building-1st Floor","Main Building","22","1","ISLHTRP20250922-015","09/30/2030","NTT-Deskside Services-WestCoast-Local"
"LD050417","LD050417","HSS-1972941","6PCKGC3","VIHA-PAHCCS-Port Alberni Home & Community Care Services-Main Building-1st Floor","Main Building","18","1","DMND0003120","12/31/2029","NTT-Deskside Services-WestCoast-Local"
"LD056095","LD048528","HSS-8094588","BLSMG14","VIHA-PAMHAS-Port Alberni Mental Health & Addiction Services-Main Building-1st Floor","Main Building","12","1","ISLHTRP20250721-070","08/31/2030","NTT-Deskside Services-WestCoast-Local"
"LD033690","LD033690","HSS-8072155","DHDRVP3","VIHA-PAHCCS-Port Alberni Home & Community Care Services-Main Building-1st Floor","Main building","Leader's office","1","VIHATRP20230213-036","05/31/2031","NTT-Deskside Services-WestCoast-Local"
"PC021638","PC021638","HSS-8024983","VTN16700","VIHA-WCGH-West Coast General Hospital-Main Building-2nd Floor","Main Building","WC2503","","VIHATRP20211025-031","01/31/2030","NTT-Deskside Services-WestCoast-Staffed"
"PC075779","PC075779","HSS-1940274","JQ0LG14","VIHA-UPR-Ucluelet Peninsula Road-Community Health Centre-1st Floor","Main Building","105","1","DMND0005326","08/31/2030","NTT-Deskside Services-WestCoast-Remote"
"LD033133","LD030572","HSS-8024951","JCJKGC3","VIHA-PAMHAS-Port Alberni Mental Health & Addiction Services-Main Building-1st Floor","Main Building","12","1","VIHATRP20211025-007","01/31/2030","NTT-Deskside Services-WestCoast-Local"
"PC067145","PC067145","HSS-8086313","HPZ3VZ3","VIHA-WCGH-West Coast General Hospital-Main Building-2nd Floor","Main Building","WC2426","2","VIHATRP20240429-075","07/31/2032","NTT-Deskside Services-WestCoast-Staffed"
"LD037790","LD037790","HSS-8078574","7Z1SQT3","VIHA-PARS-Port Alberni Redford Street-Main Building-1st Floor","Main Building","Sharon Anderson's desk","1","VIHATRP20230918-043","11/30/2031","NTT-Deskside Services-WestCoast-Local"
"LD065013","LD065013","HSS-8095826","3R0LG14","VIHA-WCGH-West Coast General Hospital-Main Building-2nd Floor","Main Building","WC2352","2","ISLHTRP20250922-004","09/30/2030","NTT-Deskside Services-WestCoast-Staffed"
"PC049229","PC049229","HSS-8078588","6DHRQT3","VIHA-WCGH-West Coast General Hospital-Main Building-1st Floor","Main Building","WC1513","1","VIHATRP20230918-057","11/30/2031","NTT-Deskside Services-WestCoast-Staffed"
"LD038215","4VCKGC3","HSS-1972930","4VCKGC3","VIHA-PAHC-Port Alberni Health Centre-Main Building-1st Floor","Main Building","PAHC - HCN-TWH - Rapid Response","1","DMND0003120","12/31/2029","NTT-Deskside Services-WestCoast-Local"
"","PC051565","HSS-8009252-M2","V1F94461","VIHA-WCGH-West Coast General Hospital-Main Building-2nd Floor","","WCMedical Imaging - Reception","","","","NTT-Deskside Services-WestCoast-Staffed"
"LD066253","LD066253-M1","HSS-1972928","J9TKGC3","VIHA-WCGH-West Coast General Hospital-Main Building-1st Floor","Main Building","Rm 6","1","DMND0003120","12/31/2029","NTT-Deskside Services-WestCoast-Staffed"
"LD066069","LD066069","HSS-8073756","F6QTVP3","VIHA-PARS-Port Alberni Redford Street-Main Building-1st Floor","Main Building","10","1","VIHATRP20230417-022","06/30/2031","NTT-Deskside Services-WestCoast-Local"
"PC077226","BZGKRH3","HSS-1984832","BZGKRH3","VIHA-WCGH-West Coast General Hospital-Main Building-2nd Floor","Main Building","WC2908 (Wall Mount)","","DMND0003637","10/31/2030","NTT-Deskside Services-WestCoast-Staffed"
"PC040012","PC040012","HSS-8072153","739TVP3","VIHA-PAHCCS-Port Alberni Home & Community Care Services-Main Building-1st Floor","Main Building","Schedulers Office","","VIHATRP20230213-035","05/31/2031","NTT-Deskside Services-WestCoast-Local"
"PC031605","PC031605","PC031605","G8X60N3","VIHA-WCGH-West Coast General Hospital-Main Building-1st Floor","Main Building","WC1475","","VIHATRP20221114-048","03/31/2031","NTT-Deskside Services-WestCoast-Staffed"
"LD033693","LD036733","HSS-8073797","CT4QQT3","VIHA-PAHCCS-Port Alberni Home & Community Care Services-Main Building-1st Floor","Main Building","12","1","VIHATRP20230417-049","06/30/2031","NTT-Deskside Services-WestCoast-Local"
"PC033743","PC033743","HSS-8024975","VTN17008","VIHA-WCGH-West Coast General Hospital-Main Building-2nd Floor","Main Building","WC2354 - Medical Records","","VIHATRP20211025-023","02/28/2030","NTT-Deskside Services-WestCoast-Staffed"
"LD038212","LD038212","HSS-8058704","14SJRH3","VIHA-PAHCCS-Port Alberni Home & Community Care Services-Main Building-1st Floor","Main Building","22","1","VIHATRP20220505-044","08/31/2030","NTT-Deskside Services-WestCoast-Local"
"PC077540","PC077540","HSS-1036883","DDS60N3","VIHA-PAST-Port Alberni Youth Short Term Assessment and Response-Main Building-1st Floor","Main Building","Outreach 3","","REQ0644503-RITM0677064-SCTASK1084598","10/31/2030","NTT-Deskside Services-WestCoast-Local"
"LD055655","LD031692","HSS-1044333","2S67PW3","VIHA-PAIHN-Port Alberni Integrated Health Network-Main Building-1st Floor","Main Building","Admin","1","REQ1030322-RITM1084142-SCTASK1892690","12/31/2031","NTT-Deskside Services-WestCoast-Local"
"PC045957","PC032068","HSS-8078585","8C8SQT3","VIHA-WCGH-West Coast General Hospital-Main Building-2nd Floor","Main Building","Med Surge","2","VIHATRP20230918-055","11/30/2031","NTT-Deskside Services-WestCoast-Staffed"
"LD091165","LD091165","HSS-1047846","F7YHTY3","VIHA-WRC-Westhaven-Main Building-1st Floor","Main Building","WH1004","1","REQ1416742-RITM1494593-SCTASK2417557","11/30/2032","NTT-Deskside Services-WestCoast-Staffed"
"LD027971","LD027971","HSS-1016503-M1","VTJ58251","VIHA-PAHCCS-Port Alberni Home & Community Care Services-Main Building-1st Floor","Main Building","false","1","","04/30/2022","NTT-Deskside Services-WestCoast-Local"
"TD030560","TD030560","HSS-1045513","CWM6PW3","VIHA-PAHCCS-Port Alberni Home & Community Care Services-Main Building-1st Floor","Main Building","4","1","REQ1228514-RITM1294344-SCTASK2074751","04/30/2032","NTT-Deskside Services-WestCoast-Local"
"LD066239","LD125045","HSS-1042825","40QTVP3","VIHA-PAMHAS-Port Alberni Mental Health & Addiction Services-Main Building-1st Floor","Main Building","Allison?s desk (Admin)","1","REQ0954232-RITM1003574-SCTASK1602707","08/31/2031","NTT-Deskside Services-WestCoast-Local"
"LD065380","LD065380","HSS-8058691","33SJRH3","VIHA-PAHCCS-Port Alberni Home & Community Care Services-Main Building-1st Floor","Main Building","12","1","VIHATRP20220505-037","08/31/2030","NTT-Deskside Services-WestCoast-Local"
"LD066247","LD066247","HSS-8073782","6JZPQT3","VIHA-PAHCCS-Port Alberni Home & Community Care Services-Main Building-1st Floor","Main Building","3","1","VIHATRP20230417-038","06/30/2031","NTT-Deskside Services-WestCoast-Local"
"LD104845","LD061357","HSS-1110598","56BNG14","VIHA-PAMHAS-Port Alberni Mental Health & Addiction Services-Main Building-1st Floor","Main Building","1","1","REQ1685175-RITM1778502-SCTASK2860747","06/30/2033","NTT-Deskside Services-WestCoast-Local"
"PC107257","LD065831","HSS-8073744","2GZPQT3","VIHA-WCGH-West Coast General Hospital-Main Building-2nd Floor","Main Building","2319","2","VIHATRP20230417-009","06/30/2031","NTT-Deskside Services-WestCoast-Staffed"
"PC100056","PC100056-M1","HSS-1041060-M1","9N0MVF3","VIHA-WCGH-West Coast General Hospital-Main Building-2nd Floor","Main Building","WCER - expansion - desk behind Triage desk","","REQ0831222-RITM0873344-SCTASK1379404","01/31/2031","NTT-Deskside Services-WestCoast-Staffed"
"LD086199","LD086199","HSS-1047137","40W5VZ3","VIHA-TGH-Tofino General Hospital-Main Building-1st Floor","Main Building","218","1","REQ1359671-RITM1434147-SCTASK2302018","08/31/2032","NTT-Deskside Services-WestCoast-Remote"
"PC033773","LD021019","LD021019","HS170N3","VIHA-TGH-Tofino General Hospital-Main Building-Basement 1","Main Building","221-B","1","VIHATRP20221114-010","02/28/2031","NTT-Deskside Services-WestCoast-Remote"
"LD105429","LD105429","HSS-1111691","","VIHA-PAHC-Port Alberni Health Centre-Main Building-2nd Floor","","","2","","","NTT-Deskside Services-WestCoast-Local"
"PC078739","PC078739","HSS-1044628","8297PW3","VIHA-WCGH-West Coast General Hospital-Main Building-2nd Floor","Main Building","WC2440","2","REQ1132920-RITM1192579-SCTASK1912971","01/31/2032","NTT-Deskside Services-WestCoast-Staffed"
"","7ZGKRH3","HSS-1984839","7ZGKRH3","VIHA-WCGH-West Coast General Hospital-Main Building-1st Floor","","","","DMND0003637","10/31/2030","NTT-Deskside Services-WestCoast-Staffed"
"LD038204","LD038204-M1","HSS-1972940","79JKGC3","VIHA-PAHCCS-Port Alberni Home & Community Care Services-Main Building-1st Floor","Main Building","20","1","DMND0003120","12/31/2029","NTT-Deskside Services-WestCoast-Local"
"LD050412","LD050412-M2","HSS-1972936","GGNKGC3","VIHA-PAHCCS-Port Alberni Home & Community Care Services-Main Building-1st Floor","Main Building","Liaison 1","1","DMND0003120","12/31/2029","NTT-Deskside Services-WestCoast-Local"
"LD036936","LD036936","HSS-8086266","DT23VZ3","VIHA-WCGH-West Coast General Hospital-Main Building-1st Floor","Main Building","1471A","1","VIHATRP20240429-043","07/31/2032","NTT-Deskside Services-WestCoast-Staffed"
"LD059510","LD036390","HSS-8023494","91DJGC3","VIHA-WCGH-West Coast General Hospital-Main Building-2nd Floor","Main Building","WC2307","2","VIHATRP20210809-039","10/31/2029","NTT-Deskside Services-WestCoast-Staffed"
"LD032386","LD032386-M1","HSS-8024956","BXCKGC3","VIHA-PAHCCS-Port Alberni Home & Community Care Services-Main Building-1st Floor","Main Building","17","1","VIHATRP20211025-010","01/31/2030","NTT-Deskside Services-WestCoast-Local"
"LD063392","LD063392","HSS-1042723","40JTVP3","VIHA-PAMHAS-Port Alberni Mental Health & Addiction Services-Main Building-1st Floor","Main Building","WFH","1","REQ0951495-RITM1000686-SCTASK1588295","08/31/2031","NTT-Deskside Services-WestCoast-Local"
"LD059222","LD059222","HSS-8095843","1958W14","VIHA-PARS-Port Alberni Redford Street-Main Building-1st Floor","Main Building","11","1","ISLHTRP20250922-017","09/30/2030","NTT-Deskside Services-WestCoast-Local"
"LD036391","LD036391","HSS-8095821","7M6MG14","VIHA-WCGH-West Coast General Hospital-Main Building-1st Floor","Main Building","WC1422","1","ISLHTRP20250922-001","09/30/2030","NTT-Deskside Services-WestCoast-Staffed"
"LD066422","LD066422-M2","HSS-8081958","25FHTY3","VIHA-TGH-Tofino General Hospital-Main Building-1st Floor","Main Building","HCNO","1","VIHATRP20231225-045","02/29/2032","NTT-Deskside Services-WestCoast-Remote"
"PC038007","PC038007","HSS-8089630","8YCJTY3","VIHA-WCGH-West Coast General Hospital-Main Building-2nd Floor","Main Building","WC2905 - room 6","2","VIHATRP20240909-079","11/30/2032","NTT-Deskside Services-WestCoast-Staffed"
"PC049238","PC049238","HSS-8091250","65ZKG14","VIHA-WCGH-West Coast General Hospital-Main Building-2nd Floor","Main Building","WCRoom 2270","2","VIHATRP20240909","01/31/2033","NTT-Deskside Services-WestCoast-Staffed"
"PC032114","5JVJRH3","HSS-1984840","5JVJRH3","VIHA-WCGH-West Coast General Hospital-Main Building-2nd Floor","Main Building","WC2243 - Clinical Exam room","2","DMND0003637","10/31/2030","NTT-Deskside Services-WestCoast-Staffed"
"LD055188","LD055188","HSS-1022697","CQ25X53","VIHA-PARS-Port Alberni Redford Street-Main Building-1st Floor","Main Building","1","1","REQ0134032-RITM0139647-SCTASK0201421","03/31/2029","NTT-Deskside Services-WestCoast-Local"
"LD066218","LD066218","HSS-8073763","DT8QQT3","VIHA-PARS-Port Alberni Redford Street-Main Building-1st Floor","Main Building","Unit 201 - Robbie?s desk (Room 12)","1","VIHATRP20230417-028","06/30/2031","NTT-Deskside Services-WestCoast-Local"
"","LD027217","HSS-1956465-M2","VTH60775","VIHA-WCGH-West Coast General Hospital-Main Building-2nd Floor","Main Building","WC2104","2","","02/28/2022","NTT-Deskside Services-WestCoast-Staffed"
"LD038211","LD038211","HSS-8058717","BZ4KRH3","VIHA-PAHCCS-Port Alberni Home & Community Care Services-Main Building-1st Floor","Main Building","South HCN","1","VIHATRP20220505-050","08/31/2030","NTT-Deskside Services-WestCoast-Local"
"PC049243","PC049243","HSS-8089602","H87JTY3","VIHA-PARS-Port Alberni Redford Street-Main Building-1st Floor","Main Building","10","1","VIHATRP20240909-057","11/30/2032","NTT-Deskside Services-WestCoast-Local"
"PC033751","PC033751","HSS-8086285","7MZ3VZ3","VIHA-WCGH-West Coast General Hospital-Main Building-2nd Floor","Main Building","WC2462 - Core Lab","2","VIHATRP20240429-059","07/31/2032","NTT-Deskside Services-WestCoast-Staffed"
"PC077217","PC077217-M2","HSS-1984812","42DKRH3","VIHA-WCGH-West Coast General Hospital-Main Building-2nd Floor","Main Building","WC2515 (Reports Room B)","2","DMND0003637","10/31/2030","NTT-Deskside Services-WestCoast-Staffed"
"LD037793","GT160N3","HSS-1035973","GT160N3","VIHA-WCGH-West Coast General Hospital-Main Building-2nd Floor","Main Building","WC2532","2","REQ0617153-RITM0648195-SCTASK1017627","09/30/2030","NTT-Deskside Services-WestCoast-Staffed"
"","PC033776","HSS-8015643-M1","VTJ48676","VIHA-WCMHAS-West Coast Mental Health & Addiction Services-Main Building-1st Floor","","Reception","","","04/30/2022","NTT-Deskside Services-WestCoast-Remote"
"LD030571","DFTKGC3","HSS-1972923","DFTKGC3","VIHA-PAHCCS-Port Alberni Home & Community Care Services-Main Building-1st Floor","Main Building","Room 22","1","DMND0003120","12/31/2029","NTT-Deskside Services-WestCoast-Local"
"PC033756","GGR4W14","HSS-1111178","GGR4W14","VIHA-CFP-Coastal Family Place-Main Building-1st Floor","Main Building","Office on Left","","REQ1720330-RITM1815575-SCTASK2934721","06/30/2030","NTT-Deskside Services-WestCoast-Remote"
"LD059794","LD059794","HSS-1031593","B9XKGC3","VIHA-PAHC-Port Alberni Health Centre-Main Building-1st Floor","Main Building","'-","1","REQ0427664-RITM0448347-SCTASK0700135","02/28/2030","NTT-Deskside Services-WestCoast-Local"
"LD067385","LD067385-M2","HSS-1045334","7V66PW3","VIHA-WCGH-West Coast General Hospital","Roger Street","1","1","REQ1204244-RITM1268294-SCTASK2048920","03/31/2032","NTT-Deskside Services-WestCoast-Staffed"
"LD072273","LD072273","HSS-1037992","B9SMVF3","VIHA-PARS-Port Alberni Redford Street-Main Building-1st Floor","Main Building","'-","1","REQ0690047-RITM0724867-SCTASK1159649","11/30/2030","NTT-Deskside Services-WestCoast-Local"
"LD065651","LD065651","HSS-8072193","5XZSVP3","VIHA-PAMHAS-Port Alberni Mental Health & Addiction Services-Main Building-1st Floor","Main Building","14","1","VIHATRP20230213-044","05/31/2031","NTT-Deskside Services-WestCoast-Local"
"LD055174","LD066212","HSS-8092872","D1MNG14","VIHA-WCMHAS-West Coast Mental Health & Addiction Services-Main Building-1st Floor","Main Building","Clinical Desk - cubicle","1","VIHATRP20250331-046","06/30/2033","NTT-Deskside Services-WestCoast-Remote"
"PC032102","PC032102","PC032102","B6X60N3","VIHA-WCGH-West Coast General Hospital-Main Building-2nd Floor","Main Building","WCMedSurg - A Side Desk","","VIHATRP20221114-052","03/31/2031","NTT-Deskside Services-WestCoast-Staffed"
"","PC033754","","V8JY233S2A8B","VIHA-WCGH-West Coast General Hospital-Main Building-2nd Floor","","WC1420 Float desk area","","","","NTT-Deskside Services-WestCoast-Staffed"
"","PC033273","HSS-8014747-M1","VTH61254","VIHA-PAMHAS-Port Alberni Mental Health & Addiction Services-Main Building-1st Floor","Main Building","6","","","02/28/2022","NTT-Deskside Services-WestCoast-Local"
"PC085073","PC085073-M2","HSS-1041066","9PGMVF3","VIHA-WCGH-West Coast General Hospital-Main Building-2nd Floor","Main Building","WCER - 2012 - Triage Registration by window","","REQ0831222-RITM0873342-SCTASK1379119","01/31/2031","NTT-Deskside Services-WestCoast-Staffed"
"","LD027212","HSS-1956401-M2","VTH56263","VIHA-PAMHAS-Port Alberni Mental Health & Addiction Services-Main Building","","","","","02/28/2022","NTT-Deskside Services-WestCoast-Local"
"LD030976","LD030976","HSS-8078558","GZP6PW3","VIHA-PAHC-Port Alberni Health Centre-Main Building-1st Floor","Main Building","Admin Office","1","VIHATRP20230918-033","11/30/2031","NTT-Deskside Services-WestCoast-Local"
"LD104845","LD104845","HSS-1110597","87MNG14","VIHA-PAMHAS-Port Alberni Mental Health & Addiction Services-Main Building-1st Floor","Main Building","1","1","REQ1685175-RITM1778502-SCTASK2860747","06/30/2033","NTT-Deskside Services-WestCoast-Local"
"LD065382","LD065382","HSS-8058686","B3SJRH3","VIHA-PAHCCS-Port Alberni Home & Community Care Services-Main Building-1st Floor","Main Building","23","1","VIHATRP20220505-031","08/31/2030","NTT-Deskside Services-WestCoast-Local"
"LD032389","LD032389","HSS-8058660","3RMJRH3","VIHA-WCGH-West Coast General Hospital-Main Building-2nd Floor","Main Building","WC2343","2","VIHATRP20220505-015","08/31/2030","NTT-Deskside Services-WestCoast-Staffed"
"PC033765","PC033765","PC033765","67B60N3","VIHA-TGH-Tofino General Hospital-Main Building-Basement 1","Main Building","Laboratory reception","","VIHATRP20221114-016","02/28/2031","NTT-Deskside Services-WestCoast-Remote"
"PC077215","PC077215","HSS-1984809","2LVJRH3","VIHA-WCGH-West Coast General Hospital-Main Building-2nd Floor","Main Building","WCAMB - left hand side of desk","2","DMND0003637","10/31/2030","NTT-Deskside Services-WestCoast-Staffed"
"LD066216","LD066216","HSS-8073760","9T8QQT3","VIHA-PARS-Port Alberni Redford Street-Main Building-1st Floor","Main Building","11","1","VIHATRP20230417-024","06/30/2031","NTT-Deskside Services-WestCoast-Local"
"LD030570","LD030570","HSS-1044756","7VFLTY3","VIHA-PAIHN-Port Alberni Integrated Health Network-Main Building-1st Floor","Main Building","Admin","1","REQ1144345-RITM1204857-SCTASK1936365","01/31/2032","NTT-Deskside Services-WestCoast-Local"
"LD058319","79W4W14","HSS-1111231","79W4W14","VIHA-PAMHAS-Port Alberni Mental Health & Addiction Services-Main Building-1st Floor","Main Building","HOff","1","REQ1750228-RITM1847030-SCTASK2970271","06/30/2030","NTT-Deskside Services-WestCoast-Local"
"LD066254","LD066254","HSS-8073789","76FQQT3","VIHA-PAHCCS-Port Alberni Home & Community Care Services-Main Building-1st Floor","Main Building","5","1","VIHATRP20230417-043","06/30/2031","NTT-Deskside Services-WestCoast-Local"
"","PC050948","HSS-8009133-M2","V1F13241","VIHA-WCGH-West Coast General Hospital-Main Building-2nd Floor","","CT","","","","NTT-Deskside Services-WestCoast-Staffed"
"PC071239","PC071239","HSS-1030542","HKNKGC3","VIHA-WCGH-West Coast General Hospital-Main Building-2nd Floor","Main Building","WC2518","","REQ0382545-RITM0400639-SCTASK0623453","02/28/2030","NTT-Deskside Services-WestCoast-Staffed"
"PC031584","LD038205","HSS-8058728","43SJRH3","VIHA-PAHC-Port Alberni Health Centre-Main Building-2nd Floor","Main Building","2nd Admin desk","2","VIHATRP20220505-053","08/31/2030","NTT-Deskside Services-WestCoast-Local"
"LD058223","LD058223","HSS-8094459","5PR4W14","VIHA-PACDF-Port Alberni Community Dialysis Facility-Main Building-1st Floor","Main Building","Dialysis Unit Office","1","ISLHTRP20250714-077","08/31/2030","NTT-Deskside Services-WestCoast-Local"
"PC033763","PC043275","HSS-8086236","BRJ5VZ3","VIHA-TGH-Tofino General Hospital-Main Building-1st Floor","Main Building","lab","1","VIHATRP20240429-018","07/31/2032","NTT-Deskside Services-WestCoast-Remote"
"PC071738","PC071738","HSS-1033957","13PGRH3","VIHA-WCGH-West Coast General Hospital-Main Building-2nd Floor","Main Building","WC2303","2","REQ0529603-RITM0555836-SCTASK0891865","06/30/2030","NTT-Deskside Services-WestCoast-Staffed"
"LD034599","LD034599","HSS-8078566","CY66PW3","VIHA-PAMHAS-Port Alberni Mental Health & Addiction Services-Main Building-1st Floor","Main Building","6","1","VIHATRP20230918-038","11/30/2031","NTT-Deskside Services-WestCoast-Local"
"","LD031695","HSS-8012381-M1","VTB15484","VIHA-TGH-Tofino General Hospital-Main Building-Basement 1","","Physio ","","","08/31/2021","NTT-Deskside Services-WestCoast-Remote"
"LD023194","LD023194","HSS-8078549","9CXRQT3","VIHA-PAHCCS-Port Alberni Home & Community Care Services-Main Building-1st Floor","Main Building","HSCL/CM office--Ashley Schuhmann","1","VIHATRP20230918-024","11/30/2031","NTT-Deskside Services-WestCoast-Local"
"LD065127","LD065127-M2","HSS-8095850","J3NMG14","VIHA-PAHC-Port Alberni Health Centre-Main Building-1st Floor","Main Building","21","1st Floor","ISLHTRP20250922-022","09/30/2030","NTT-Deskside Services-WestCoast-Local"
"LD066212","LD055184","HSS-1022693","HX25X53","VIHA-TGH-Tofino General Hospital-Main Building-1st Floor","Main Building","MHAS","1","REQ0132498-RITM0138004-SCTASK0199589","02/28/2029","NTT-Deskside Services-WestCoast-Remote"
"PC075773","PC075773","HSS-1940266","404LG14","VIHA-UPR-Ucluelet Peninsula Road-Community Health Centre-1st Floor","Main Building","105","1","DMND0005326","08/31/2030","NTT-Deskside Services-WestCoast-Remote"
"PC074082","GC6PQT3","HSS-1940478","GC6PQT3","VIHA-UPR-Ucluelet Peninsula Road-Community Health Centre-2nd Floor","Main Building","218","2","DMND0005329","08/31/2031","NTT-Deskside Services-WestCoast-Remote"
"LD093077","LD093077","HSS-1048779","FN5LG14","VIHA-PAMHAS-Port Alberni Mental Health & Addiction Services-Main Building-1st Floor","Main Building","7","1","REQ1551620-RITM1637137-SCTASK2635722","01/31/2033","NTT-Deskside Services-WestCoast-Local"
"LD066246","6TNKGC3","HSS-1972926","6TNKGC3","VIHA-PAHCCS-Port Alberni Home & Community Care Services-Main Building-1st Floor","Main Building","Nurses office","1","DMND0003120","12/31/2029","NTT-Deskside Services-WestCoast-Local"
"LD050415","LD050415-M1","HSS-1972939","99TKGC3","VIHA-PAHCCS-Port Alberni Home & Community Care Services-Main Building-1st Floor","Main Building","Flex 5","1","DMND0003120","12/31/2029","NTT-Deskside Services-WestCoast-Local"
"LD030906","LD057913","HSS-1031739","8KVKGC3","VIHA-PARS-Port Alberni Redford Street-Main Building-1st Floor","Main Building","Tina's device","1","REQ0438684-RITM0459927-SCTASK0717187","02/28/2030","NTT-Deskside Services-WestCoast-Local"
"","LD055184","HSS-8003287-M1","VN698868","VIHA-WCMHAS-West Coast Mental Health & Addiction Services-Main Building-1st Floor","Main Building","Main Floor","1","","01/31/2018","NTT-Deskside Services-WestCoast-Remote"
"LD065130","LD065130-M1","HSS-8095840","2R0LG14","VIHA-PARS-Port Alberni Redford Street-Main Building-1st Floor","Main Building","22","1","ISLHTRP20250922-015","09/30/2030","NTT-Deskside Services-WestCoast-Local"
"PC037565","LD090677","HSS-1046320","1DP3TY3","VIHA-PAMHAS-Port Alberni Mental Health & Addiction Services-Main Building-1st Floor","Main Building","214","1","REQ1273657-RITM1342913-SCTASK2163471","06/30/2032","NTT-Deskside Services-WestCoast-Local"
"LD032389","LD032389","HSS-8058661","JJPKRH3","VIHA-WCGH-West Coast General Hospital-Main Building-2nd Floor","Main Building","WC2343","2","VIHATRP20220505-015","08/31/2030","NTT-Deskside Services-WestCoast-Staffed"
"PC032081","PC032081","HSS-8058682","465KRH3","VIHA-WCGH-West Coast General Hospital-Main Building-2nd Floor","Main Building","WC2434","","VIHATRP20220505-028","08/31/2030","NTT-Deskside Services-WestCoast-Staffed"
"LD105952","LD105952","HSS-1940510","J8M5VZ3","VIHA-UPR-Ucluelet Peninsula Road-Community Health Centre-1st Floor","Main Building","225","1","DMND0005390","10/31/2032","NTT-Deskside Services-WestCoast-Remote"
"PC067008","PC067008","PC067008","1T170N3","VIHA-TGH-Tofino General Hospital-Main Building-1st Floor","Main Building","Physician viewing room/xray","","VIHATRP20221114-008","02/28/2031","NTT-Deskside Services-WestCoast-Remote"
"PC080001","LD032480","HSS-8024985","CFNKGC3","VIHA-WRC-Westhaven-Main Building-1st Floor","Main Building","WH1025 - Volunteer office / CNE","","VIHATRP20211025-033","01/31/2030","NTT-Deskside Services-WestCoast-Staffed"
"LD030980","LD030980-M1","HSS-8095828","4R0LG14","VIHA-WCGH-West Coast General Hospital-Main Building-2nd Floor","Main Building","WC2602","2","ISLHTRP20250922-005","09/30/2030","NTT-Deskside Services-WestCoast-Staffed"
"LD059222","LD059222","HSS-1036011","15060N3","VIHA-PARS-Port Alberni Redford Street-Main Building-1st Floor","Main Building","11","1","REQ0631486-RITM0663318-SCTASK1048262","09/30/2030","NTT-Deskside Services-WestCoast-Local"
"PC049229","PC049229","HSS-8078589","7DHRQT3","VIHA-WCGH-West Coast General Hospital-Main Building-1st Floor","Main Building","WC1513","1","VIHATRP20230918-057","11/30/2031","NTT-Deskside Services-WestCoast-Staffed"
"","LD026179","HSS-1014561-M1","VTB16263","VIHA-TGH-Tofino General Hospital-Main Building-Basement 1","Main Building","","0","","07/31/2021","NTT-Deskside Services-WestCoast-Remote"
"LD066072","LD066228","HSS-8073767","BT8QQT3","VIHA-PARS-Port Alberni Redford Street-Main Building-1st Floor","Main Building","Team Room","1","VIHATRP20230417-030","06/30/2031","NTT-Deskside Services-WestCoast-Local"
"LD093077","LD093077","HSS-1048778","D8WKG14","VIHA-PAMHAS-Port Alberni Mental Health & Addiction Services-Main Building-1st Floor","Main Building","7","1","REQ1551620-RITM1637137-SCTASK2635722","01/31/2033","NTT-Deskside Services-WestCoast-Local"
"TD001654","9JVJRH3","HSS-1984844","9JVJRH3","VIHA-WCGH-West Coast General Hospital-Main Building-2nd Floor","Main Building","WCICU - 2166 - Physician On-Call Room","","DMND0003637","10/31/2030","NTT-Deskside Services-WestCoast-Staffed"
"LD071363","LD060021","HSS-1031980","264HGC3","VIHA-PAST-Port Alberni Youth Short Term Assessment and Response-Main Building-1st Floor","Main Building","Social Work","1","REQ0448583-RITM0470210-SCTASK0750647","02/28/2030","NTT-Deskside Services-WestCoast-Local"
"LD038205","LD038205","HSS-8091752","G4ZKG14","VIHA-PAHC-Port Alberni Health Centre-Main Building-1st Floor","Main Building","6","1","REQ1801561-RITM1901473-SCTASK3068213","01/31/2033","NTT-Deskside Services-WestCoast-Local"
"LD050421","LD050421-M1","HSS-1972945","59JKGC3","VIHA-PAHCCS-Port Alberni Home & Community Care Services-Main Building-1st Floor","Main Building","6","1","DMND0003120","12/31/2029","NTT-Deskside Services-WestCoast-Local"
"LD050419","LD050419-M1","HSS-1972942","9PCKGC3","VIHA-PAHCCS-Port Alberni Home & Community Care Services-Main Building-1st Floor","Main Building","17","1","DMND0003120","12/31/2029","NTT-Deskside Services-WestCoast-Local"
"PC041946","PC041946","HSS-8086302","4YV4VZ3","VIHA-WCGH-West Coast General Hospital-Main Building-2nd Floor","Main Building","WC2441","2","VIHATRP20240429-068","07/31/2032","NTT-Deskside Services-WestCoast-Staffed"
"LD102449","LD102449","HSS-1047280","BL84VZ3","VIHA-UFT-Ucluelet Family Ties-Main Building-1st Floor","Main Building","Main Floor","1","REQ1370624-RITM1445721-SCTASK2345217","10/31/2032","NTT-Deskside Services-WestCoast-Remote"
"","PC033760","HSS-8012383-M1","VTB15477","VIHA-TGH-Tofino General Hospital-Main Building-Basement 1","Main Building","Laboratory Clean Room","","","08/31/2021","NTT-Deskside Services-WestCoast-Remote"
"PC032063","PC032063","HSS-8024948","VTN27813","VIHA-PAMHAS-Port Alberni Mental Health & Addiction Services-Main Building-1st Floor","Main Building","Reception","","VIHATRP20211025-006","01/31/2030","NTT-Deskside Services-WestCoast-Local"
"LD030572","LD059626","HSS-1042698","BLPTVP3","VIHA-PAMHAS-Port Alberni Mental Health & Addiction Services-Main Building-1st Floor","Main Building","11","1","REQ0942714-RITM0991388-SCTASK1587827","08/31/2031","NTT-Deskside Services-WestCoast-Local"
"PC032712","PC032712","HSS-8089598","3S2JTY3","VIHA-PACDF-Port Alberni Community Dialysis Facility-Main Building-1st Floor","Main Building","Reception","1","VIHATRP20240909-053","11/30/2032","NTT-Deskside Services-WestCoast-Local"
"LD086052","LD086052","HSS-1046554","CR45VZ3","VIHA-PAHC-Port Alberni Health Centre-Main Building-1st Floor","Main Building","3","1","REQ1284072-RITM1353992-SCTASK2189684","07/31/2032","NTT-Deskside Services-WestCoast-Local"
"LD063733","LD063733-M2","HSS-1043028","2MNTVP3","VIHA-PAHC-Port Alberni Health Centre-Main Building-1st Floor","Main Building","20","1","REQ0969900-RITM1020220-SCTASK1655932","08/31/2031","NTT-Deskside Services-WestCoast-Local"
"PC075775","PC075775","HSS-1940268","604LG14","VIHA-UPR-Ucluelet Peninsula Road-Community Health Centre-1st Floor","Main Building","105","1","DMND0005326","08/31/2030","NTT-Deskside Services-WestCoast-Remote"
"PC071516","PC071516","HSS-8089615","G4NHTY3","VIHA-WRC-Westhaven-Main Building-1st Floor","Main Building","WH1028 - Social worker room","1","VIHATRP20240909-064","11/30/2032","NTT-Deskside Services-WestCoast-Staffed"
"LD065711","LD065711","LD065711","2T170N3","VIHA-TGH-Tofino General Hospital-Main Building-Basement 1","Main Building","Home and Community Care | Social Work Liaison","0","VIHATRP20221114-019","02/28/2031","NTT-Deskside Services-WestCoast-Remote"
"PC032105","PC032105","HSS-8086298","B605VZ3","VIHA-WCGH-West Coast General Hospital-Main Building-2nd Floor","Main Building","WCAmbulatory Care Unit (TRP)","2","VIHATRP20240429-066","07/31/2032","NTT-Deskside Services-WestCoast-Staffed"
"PC085206","PC078493M1","HSS-1043229","HC8PQT3","VIHA-WCGH-West Coast General Hospital-Main Building-2nd Floor","Main Building","WC2318","2","REQ1005130-RITM1057347-SCTASK1697009","09/30/2031","NTT-Deskside Services-WestCoast-Staffed"
"LD036409","LD036409","HSS-8072161","D39TVP3","VIHA-PAMHAS-Port Alberni Mental Health & Addiction Services-Main Building-1st Floor","Main Building","room #2","1","VIHATRP20230213-018","05/31/2031","NTT-Deskside Services-WestCoast-Local"
"PC032067","PC032067","PC032067","11K60N3","VIHA-WCGH-West Coast General Hospital-Main Building-2nd Floor","Main Building","WC2330","","VIHATRP20221114-040","02/28/2031","NTT-Deskside Services-WestCoast-Staffed"
"LD061502","LD071982","HSS-1036713","6K0MVF3","VIHA-PARS-Port Alberni Redford Street-Main Building-1st Floor","Main Building","'-","1","REQ0650214-RITM0683088-SCTASK1072516","09/30/2030","NTT-Deskside Services-WestCoast-Local"
"LD066248","LD066248","HSS-8073794","4V8QQT3","VIHA-PAHCCS-Port Alberni Home & Community Care Services-Main Building-1st Floor","Main Building","8","1","VIHATRP20230417-046","06/30/2031","NTT-Deskside Services-WestCoast-Local"
"LD056095","LD046313","HSS-8094587","D0L6W14","VIHA-PAMHAS-Port Alberni Mental Health & Addiction Services-Main Building-1st Floor","Main Building","12","1","ISLHTRP20250721-070","08/31/2030","NTT-Deskside Services-WestCoast-Local"
"PC049230","PC049230","HSS-8078597","GWRRQT3","VIHA-WCGH-West Coast General Hospital-Main Building-2nd Floor","Main Building","WC2246 - Ultrasound tech Rm 1","2","VIHATRP20230918-064","11/30/2031","NTT-Deskside Services-WestCoast-Staffed"
"LD046278","LD046278","HSS-8092524","FPNMG14","VIHA-PARS-Port Alberni Redford Street-Main Building-1st Floor","Main Building","Outreach","1","VIHATRP20250310-052","06/30/2033","NTT-Deskside Services-WestCoast-Local"
"LD050416","LD050416","HSS-8058693","94SJRH3","VIHA-PAHCCS-Port Alberni Home & Community Care Services-Main Building-1st Floor","Main Building","20","1","VIHATRP20220505-038","08/31/2030","NTT-Deskside Services-WestCoast-Local"
"LD101258","LD090905","HSS-1022659","1PK3X53","VIHA-WCMHAS-West Coast Mental Health & Addiction Services-Main Building-1st Floor","Main Building","2nd on right","1","REQ0129257-RITM0134510-SCTASK0199370","03/31/2029","NTT-Deskside Services-WestCoast-Remote"
"PC030896","PC030896","HSS-8078604","GXRRQT3","VIHA-WCGH-West Coast General Hospital-Main Building-2nd Floor","Main Building","WC2491","2","VIHATRP20230918-081","11/30/2031","NTT-Deskside Services-WestCoast-Staffed"
"LD105953","LD105953","HSS-1940512","CFMMVF3","VIHA-UPR-Ucluelet Peninsula Road-Community Health Centre-2nd Floor","Main Building","225","2","DMND0005390","10/31/2030","NTT-Deskside Services-WestCoast-Remote"
"LD105954","LD105954","HSS-1940515","FCKSVP3","VIHA-UPR-Ucluelet Peninsula Road-Community Health Centre-1st Floor","Main Building","225","1","DMND0005390","05/31/2031","NTT-Deskside Services-WestCoast-Remote"
"PC040902","PC040902","HSS-8078606","BFXRQT3","VIHA-WCGH-West Coast General Hospital-Main Building-2nd Floor","Main Building","WC2601 - Nursing Station Psychiatry","2","VIHATRP20230918-083","11/30/2031","NTT-Deskside Services-WestCoast-Staffed"
"LD046293","LD046293","HSS-8072132","GXPSVP3","VIHA-PARS-Port Alberni Redford Street-Main Building-1st Floor","Main Building","Main","1","VIHATRP20230213-011","05/31/2031","NTT-Deskside Services-WestCoast-Local"
"PC077224","PC077224LEG","HSS-1984822","8GGJRH3","VIHA-WCGH-West Coast General Hospital-Main Building-1st Floor","","WC1554 - Storage","","DMND0003637","10/31/2030","NTT-Deskside Services-WestCoast-Staffed"
"LD066238","LD066238","HSS-8073750","HMZPQT3","VIHA-PARS-Port Alberni Redford Street-Main Building-1st Floor","Main Building","Unit 201 - Room 11","1","VIHATRP20230417-019","06/30/2031","NTT-Deskside Services-WestCoast-Local"
"PC035986","PC035986","HSS-8024976","VTN17848","VIHA-WCGH-West Coast General Hospital-Main Building-2nd Floor","Main Building","WC2905","","VIHATRP20211025-025","02/28/2030","NTT-Deskside Services-WestCoast-Staffed"
"LD023195","LD030570","HSS-8024943","G1JKGC3","VIHA-PAIHN-Port Alberni Integrated Health Network-Main Building-1st Floor","Main Building","Admin","1","VIHATRP20211025-003","01/31/2030","NTT-Deskside Services-WestCoast-Local"
"LD065381","LD065381","HSS-8058698","84SJRH3","VIHA-PAHCCS-Port Alberni Home & Community Care Services-Main Building-1st Floor","Main Building","1","1","VIHATRP20220505-040","08/31/2030","NTT-Deskside Services-WestCoast-Local"
"","PC031599","HSS-8023462","VTN27332","VIHA-WCGH-West Coast General Hospital-Main Building-2nd Floor","Main Building","WC2318- Administration","","VIHATRP20210809-016","11/30/2029","NTT-Deskside Services-WestCoast-Staffed"
"LD101258","G9DQQT3","HSS-1940479","G9DQQT3","VIHA-WCMHAS-West Coast Mental Health & Addiction Services-Main Building-1st Floor","Main Building","2nd on right","1","DMND0005329","09/30/2031","NTT-Deskside Services-WestCoast-Remote"
"PC075776","PC075776","HSS-1940270","1W0LG14","VIHA-UPR-Ucluelet Peninsula Road-Community Health Centre-1st Floor","Main Building","105","1","DMND0005326","08/31/2030","NTT-Deskside Services-WestCoast-Remote"
"PC060712TRP","PC074084","HSS-1903214","7T24TY3","VIHA-UPR-Ucluelet Peninsula Road","Main Building","Lab","1","DMND0005135","12/31/2032","NTT-Deskside Services-WestCoast-Remote"
"LD105955","LD105955","HSS-1940516","61TMG14","VIHA-UPR-Ucluelet Peninsula Road-Community Health Centre-1st Floor","Main Building","225","1","DMND0005390","01/31/2033","NTT-Deskside Services-WestCoast-Remote"
"PC030898","PC030898","HSS-8073778","FT4QQT3","VIHA-PAHCCS-Port Alberni Home & Community Care Services-Main Building-1st Floor","Main Building","Receptiion","1","VIHATRP20230417-036","06/30/2031","NTT-Deskside Services-WestCoast-Local"
"","LD028571","HSS-1017360-M2","VTJ94676","VIHA-PAHCCS-Port Alberni Home & Community Care Services-Main Building","","21","","","07/31/2022","NTT-Deskside Services-WestCoast-Local"
"LD061677","LD061677","HSS-1110601","9LYMG14","VIHA-PARS-Port Alberni Redford Street-Main Building-1st Floor","Main Building","8","1","REQ1683294-RITM1776505-SCTASK2860535","06/30/2033","NTT-Deskside Services-WestCoast-Local"
"LD031871","LD031871","HSS-8073765","46FQQT3","VIHA-PARS-Port Alberni Redford Street-Main Building-1st Floor","Main Building","Reception","1","VIHATRP20230417-029","06/30/2031","NTT-Deskside Services-WestCoast-Local"
"LD050423","LD027199","HSS-1972935","7PCKGC3","VIHA-PAHCCS-Port Alberni Home & Community Care Services-Main Building-1st Floor","Main Building","11","1","DMND0003120","12/31/2029","NTT-Deskside Services-WestCoast-Local"
"LD032387","LD042800","HSS-8024955","52JKGC3","VIHA-PAHCCS-Port Alberni Home & Community Care Services-Main Building-1st Floor","Main Building","19","1","VIHATRP20211025-009","01/31/2030","NTT-Deskside Services-WestCoast-Local"
"LD032584","LD032584","HSS-8058722","JMJJRH3","VIHA-PAHCCS-Port Alberni Home & Community Care Services-Main Building-1st Floor","Main Building","19","1","VIHATRP20220505-054","08/31/2030","NTT-Deskside Services-WestCoast-Local"
"PC080054","PC080054","HSS-1038805","8DP60N3","VIHA-WCGH-West Coast General Hospital-Main Building-2nd Floor","Main Building","WC2335 - Meeting Room A","","REQ0648948-RITM0681752-SCTASK1205310","12/31/2030","NTT-Deskside Services-WestCoast-Staffed"
"LD105955","LD105955","HSS-1940517","CL63VZ3","VIHA-UPR-Ucluelet Peninsula Road-Community Health Centre-1st Floor","Main Building","225","1","DMND0005390","06/30/2032","NTT-Deskside Services-WestCoast-Remote"
"PC075781","PC075781","HSS-1940277","B2CMG14","VIHA-UPR-Ucluelet Peninsula Road-Community Health Centre-1st Floor","Main Building","105","1","DMND0005326","08/31/2030","NTT-Deskside Services-WestCoast-Remote"
"LD033133","LD030572","HSS-8024950","62JKGC3","VIHA-PAMHAS-Port Alberni Mental Health & Addiction Services-Main Building-1st Floor","Main Building","12","1","VIHATRP20211025-007","01/31/2030","NTT-Deskside Services-WestCoast-Local"
"LD065987","LD065987","HSS-8073753","GFQTVP3","VIHA-PARS-Port Alberni Redford Street-Main Building-1st Floor","Main Building","7","1","VIHATRP20230417-021","06/30/2031","NTT-Deskside Services-WestCoast-Local"
"PC032083","PC032083","HSS-8086325","9SK4VZ3","VIHA-WCGH-West Coast General Hospital-Main Building-2nd Floor","Main Building","WC2434","2","VIHATRP20240429-085","07/31/2032","NTT-Deskside Services-WestCoast-Staffed"
"PC066021","MJ025QZ4","","CNK4290C88","VIHA-WCGH-West Coast General Hospital-Main Building-2nd Floor","Main Building","2258","2","","","NTT-Deskside Services-WestCoast-Staffed"
"PC067008","PC067008","PC067008","37B60N3","VIHA-TGH-Tofino General Hospital-Main Building-1st Floor","Main Building","Physician viewing room/xray","","VIHATRP20221114-008","02/28/2031","NTT-Deskside Services-WestCoast-Remote"
"PC040906","PC040906-M2","PC040906","3P170N3","VIHA-WCGH-West Coast General Hospital-Main Building-2nd Floor","Main Building","WC2215 (Report Room B)","","VIHATRP20221114-054","03/31/2031","NTT-Deskside Services-WestCoast-Staffed"
"LD031723","LD031723","HSS-8086296","HNV4VZ3","VIHA-WCGH-West Coast General Hospital-Main Building-2nd Floor","Main Building","WC2122 OR","2","VIHATRP20240429-065","07/31/2032","NTT-Deskside Services-WestCoast-Staffed"
"PC085073","PC085073-M1","HSS-1041065","9WQLVF3","VIHA-WCGH-West Coast General Hospital-Main Building-2nd Floor","Main Building","WCER - 2012 - Triage Registration by window","","REQ0831222-RITM0873342-SCTASK1379119","01/31/2031","NTT-Deskside Services-WestCoast-Staffed"
"LD038213","LD038213-M2","HSS-8072126","BD7RVP3","VIHA-PAHC-Port Alberni Health Centre-Main Building-1st Floor","Main Building","6","1","VIHATRP20230213-006","05/31/2031","NTT-Deskside Services-WestCoast-Local"
"LD027219","LD027219","HSS-8073786","4JZPQT3","VIHA-PAHCCS-Port Alberni Home & Community Care Services-Main Building-1st Floor","Main Building","Manager Office","1","VIHATRP20230417-041","06/30/2031","NTT-Deskside Services-WestCoast-Local"
"LD028772","1DLTVP3","HSS-1042739","1DLTVP3","VIHA-PAMHAS-Port Alberni Mental Health & Addiction Services-Main Building-1st Floor","Main Building","5","1","REQ0941976-RITM0990578-SCTASK1599216","08/31/2031","NTT-Deskside Services-WestCoast-Local"
"PC033279","CZLKRH3","HSS-1984836","CZLKRH3","VIHA-WCGH-West Coast General Hospital-Main Building-2nd Floor","Main Building","Doctors lounge","","DMND0003637","10/31/2030","NTT-Deskside Services-WestCoast-Staffed"
"LD032387","LD042800","HSS-8024954","22JKGC3","VIHA-PAHCCS-Port Alberni Home & Community Care Services-Main Building-1st Floor","Main Building","19","1","VIHATRP20211025-009","01/31/2030","NTT-Deskside Services-WestCoast-Local"
"PC032087","PC040022","HSS-8058667","1ZJKRH3","VIHA-WCGH-West Coast General Hospital-Main Building-2nd Floor","Main Building","WC2317","2","VIHATRP20220505-019","08/31/2030","NTT-Deskside Services-WestCoast-Staffed"
"PC077215","PC077215","HSS-1984810","GDVJRH3","VIHA-WCGH-West Coast General Hospital-Main Building-2nd Floor","Main Building","WCAMB - left hand side of desk","2","DMND0003637","10/31/2030","NTT-Deskside Services-WestCoast-Staffed"
"LD057790","LD023635","HSS-1031023","GXSHGC3","VIHA-PACDF-Port Alberni Community Dialysis Facility-Main Building-1st Floor","Main Building","1","1","REQ0419689-RITM0440100-SCTASK0681751","01/31/2030","NTT-Deskside Services-WestCoast-Local"
"LD034598","LD034598","HSS-8089593","CS2JTY3","VIHA-PAMHAS-Port Alberni Mental Health & Addiction Services-Main Building-1st Floor","Main Building","14","1","VIHATRP20240909","11/30/2032","NTT-Deskside Services-WestCoast-Local"
"LD067385","LD067385-M1","HSS-1045335","8F37PW3","VIHA-WCGH-West Coast General Hospital","Roger Street","1","1","REQ1204244-RITM1268294-SCTASK2048920","03/31/2032","NTT-Deskside Services-WestCoast-Staffed"
"LD086133","LD030382","HSS-8021778","8FQHL93","VIHA-PAHC-Port Alberni Health Centre","","","","VIHATRP20210525-034","09/30/2029","NTT-Deskside Services-WestCoast-Local"
"PC075772","PC075772","HSS-1940264","4RZ6W14","VIHA-UPR-Ucluelet Peninsula Road-Community Health Centre-1st Floor","Main Building","105","1","DMND0005326","08/31/2030","NTT-Deskside Services-WestCoast-Remote"
"PC107257","PC107257-M1","HSS-1032160","C23LKF3","VIHA-WCGH-West Coast General Hospital-Main Building-2nd Floor","Main Building","2319","2","REQ0470647-RITM0493579-SCTASK0766074","03/31/2030","NTT-Deskside Services-WestCoast-Staffed"
"LD036390","LD021646","","1481459522","VIHA-WCGH-West Coast General Hospital-Main Building-2nd Floor","Main Building","2305","1","","","NTT-Deskside Services-WestCoast-Staffed"
"LD033691","LD033691","HSS-8058713","CZ4KRH3","VIHA-PAHCCS-Port Alberni Home & Community Care Services-Main Building-1st Floor","Main Building","Alicia's Office","1","VIHATRP20220505-048","08/31/2030","NTT-Deskside Services-WestCoast-Local"
"PC049241","PC049241","HSS-8073774","G5FQQT3","VIHA-WCGH-West Coast General Hospital-Main Building-2nd Floor","Main Building","WC2455 - Regional Lab office","2","VIHATRP20230417-034","06/30/2031","NTT-Deskside Services-WestCoast-Staffed"
"PC033741","PC033741","PC033741","36B60N3","VIHA-WCGH-West Coast General Hospital-Main Building-2nd Floor","Main Building","WC2161","","VIHATRP20221114-039","02/28/2031","NTT-Deskside Services-WestCoast-Staffed"
"PC067011","PC050930","HSS-8058672","95SJRH3","VIHA-WCGH-West Coast General Hospital-Main Building-2nd Floor","Main Building","WCMedical Imaging -Xray-techs","","VIHATRP20220505-022","08/31/2030","NTT-Deskside Services-WestCoast-Staffed"
"LD044273","LD044273","HSS-8086254","1973VZ3","VIHA-TGH-Tofino General Hospital-Main Building-1st Floor","Main Building","WFH","1st Floor","VIHATRP20240429-033","07/31/2032","NTT-Deskside Services-WestCoast-Remote"
"","LD058319TRP","HSS-8095856","1858W14","VIHA-PAMHAS-Port Alberni Mental Health & Addiction Services-Main Building-1st Floor","Main Building","HOff","1","ISLHTRP20250922-025","09/30/2030","NTT-Deskside Services-WestCoast-Local"
"","HSS-8003048-M1","HSS-8003048-M1","VN700128","VIHA-TGH-Tofino General Hospital","","","","","12/31/2017","NTT-Deskside Services-WestCoast-Remote"
"LD031693","LD031693","HSS-8023466","HGXGGC3","VIHA-WCGH-West Coast General Hospital-Main Building-2nd Floor","Main Building","WC2314 - Administration","2","VIHATRP20210809-018","11/30/2029","NTT-Deskside Services-WestCoast-Staffed"
"LD065711","TD020367","LD065711","FS170N3","VIHA-TGH-Tofino General Hospital-Main Building-Basement 1","Main Building","Home and Community Care | Social Work Liaison","0","VIHATRP20221114-019","02/28/2031","NTT-Deskside Services-WestCoast-Remote"
"PC031602","PC031602-M1","HSS-8068843","3YJ60N3","VIHA-WCGH-West Coast General Hospital-Main Building-2nd Floor","Main Building","WC2330","","VIHATRP20221114-042","02/28/2031","NTT-Deskside Services-WestCoast-Staffed"
"LD065126","LD065126-M2","HSS-8095841","64NMG14","VIHA-PARS-Port Alberni Redford Street-Main Building-1st Floor","Main Building","24","1","ISLHTRP20250922-016","09/30/2030","NTT-Deskside Services-WestCoast-Local"
"PC030893","2JVJRH3","HSS-1984847","2JVJRH3","VIHA-WCGH-West Coast General Hospital-Main Building-2nd Floor","Main Building","WCAmbulatory Care","","DMND0003637","10/31/2030","NTT-Deskside Services-WestCoast-Staffed"
"","PC075786","HSS-1940262","7RTKG14","VIHA-UPR-Ucluelet Peninsula Road","Main","105","1","DMND0005326","08/31/2030","NTT-Deskside Services-WestCoast-Remote"
"PC034086","PC034086","HSS-8086282","HCF4VZ3","VIHA-WCGH-West Coast General Hospital-Main Building-2nd Floor","Main Building","WC2306","2","VIHATRP20240429-056","07/31/2032","NTT-Deskside Services-WestCoast-Staffed"
"PC067175","PC067175-M1","HSS-8086242","9356VZ3","VIHA-TGH-Tofino General Hospital-Main Building-1st Floor","Main Building","Medical Imaging Front Computer","1","VIHATRP20240429-023","07/31/2032","NTT-Deskside Services-WestCoast-Remote"
"LD027199","LD027199-M2","HSS-8078551","CR66PW3","VIHA-PAHCCS-Port Alberni Home & Community Care Services-Main Building-1st Floor","Main Building","1","1","VIHATRP20230918-026","11/30/2031","NTT-Deskside Services-WestCoast-Local"
"PC032712","PC032712","HSS-8089599","4S2JTY3","VIHA-PACDF-Port Alberni Community Dialysis Facility-Main Building-1st Floor","Main Building","Reception","1","VIHATRP20240909-053","11/30/2032","NTT-Deskside Services-WestCoast-Local"
"LD055188","LD055188","HSS-1026609","B99TR63","VIHA-PARS-Port Alberni Redford Street-Main Building-1st Floor","Main Building","1","1","REQ0255496-RITM0267614-SCTASK0404901","07/31/2029","NTT-Deskside Services-WestCoast-Local"
"PC032086","PC032086","HSS-8086320","CPZ3VZ3","VIHA-WCGH-West Coast General Hospital-Main Building-2nd Floor","Main Building","WC2431","2","VIHATRP20240429-080","07/31/2032","NTT-Deskside Services-WestCoast-Staffed"
"LD066254","LD066254","HSS-8073790","2V8QQT3","VIHA-PAHCCS-Port Alberni Home & Community Care Services-Main Building-1st Floor","Main Building","5","1","VIHATRP20230417-043","06/30/2031","NTT-Deskside Services-WestCoast-Local"
"LD063733","LD063733-M1","HSS-1043027","62LTVP3","VIHA-PAHC-Port Alberni Health Centre-Main Building-1st Floor","Main Building","20","1","REQ0969900-RITM1020220-SCTASK1655932","08/31/2031","NTT-Deskside Services-WestCoast-Local"
"LD034319","LD034319","HSS-8094112","5TW4W14","VIHA-PAMHAS-Port Alberni Mental Health & Addiction Services-Main Building-1st Floor","Main Building","8","1","ISLHTRP20250623-073","07/31/2030","NTT-Deskside Services-WestCoast-Local"
"LD036403","HSS-1042740","HSS-1042740","70LTVP3","VIHA-PAMHAS-Port Alberni Mental Health & Addiction Services-Main Building-1st Floor","Main Building","WFH","1","REQ0958160-RITM1007753-SCTASK1599197","08/31/2031","NTT-Deskside Services-WestCoast-Local"
"LD065681","LD038206","HSS-8072122","9JNSVP3","VIHA-PAHC-Port Alberni Health Centre-Main Building-1st Floor","Main Building","Natasha Dumont's Office","1","VIHATRP20230213-004","05/31/2031","NTT-Deskside Services-WestCoast-Local"
"PC067010","PC067010","PC067010","G01RVP3","VIHA-WCGH-West Coast General Hospital-Main Building-2nd Floor","Main Building","WCMedical Imaging - 2288 - XRay room","","VIHATRP20221114-053","03/31/2031","NTT-Deskside Services-WestCoast-Staffed"
"PC079972","PC079972","HSS-1048396","7SH4TY3","VIHA-WCGH-West Coast General Hospital-Main Building-2nd Floor","Main Building","2444","2","REQ1514946-RITM1598193-SCTASK2577673","12/31/2032","NTT-Deskside Services-WestCoast-Staffed"
"LD104752","LD104752","HSS-1034843","BQ1LGC3","VIHA-PAIHN-Port Alberni Integrated Health Network-Main Building-1st Floor","Main Building","PA NP Clinic","1","REQ0584214-RITM0613581-SCTASK0959588","07/31/2030","NTT-Deskside Services-WestCoast-Local"
"PC035984","PC035984","HSS-8073735","HW8QQT3","VIHA-WCGH-West Coast General Hospital-Main Building-2nd Floor","Main Building","WCER - Emergency department beside filing cabinet","2","VIHATRP20230417-002","06/30/2031","NTT-Deskside Services-WestCoast-Staffed"
"PC032109","PC032109","HSS-8058664","G1CKRH3","VIHA-WCGH-West Coast General Hospital-Main Building-2nd Floor","Main Building","WC2109 MDRD","","VIHATRP20220505-017","08/31/2030","NTT-Deskside Services-WestCoast-Staffed"
"LD061677","LD061677","HSS-1110600","4JGNG14","VIHA-PARS-Port Alberni Redford Street-Main Building-1st Floor","Main Building","8","1","REQ1683294-RITM1776505-SCTASK2860535","06/30/2033","NTT-Deskside Services-WestCoast-Local"
"PC032057","LD058319","HSS-1040462","H6MMVF3","VIHA-PAMHAS-Port Alberni Mental Health & Addiction Services-Main Building-1st Floor","Main Building","Front Meeting Room (Intake Off","","REQ0800565-RITM0841090-SCTASK1342530","03/31/2031","NTT-Deskside Services-WestCoast-Local"
"PC033742","PC033742","PC033742","C7WLVF3","VIHA-WCGH-West Coast General Hospital-Main Building-2nd Floor","Main Building","WC2351","","VIHATRP20221114-066","02/28/2031","NTT-Deskside Services-WestCoast-Staffed"
"LD080046","LD080046","HSS-1036715","H4SMVF3","VIHA-PARS-Port Alberni Redford Street-Main Building-1st Floor","Main Building","6 (WFH not yet assigned)","1","REQ0650282-RITM0683158-SCTASK1073001","09/30/2030","NTT-Deskside Services-WestCoast-Local"
"PC067138","PC067138","HSS-8079317","HV67PW3","VIHA-TGH-Tofino General Hospital-Main Building-1st Floor","Main Building","FMO Shop","1","VIHATRP20231023-112","12/31/2031","NTT-Deskside Services-WestCoast-Remote"
"PC077030","PC077030","HSS-1034027","BLQHRH3","VIHA-WCGH-West Coast General Hospital-Main Building-2nd Floor","Main Building","WC2303","","REQ0529603-RITM0555835-SCTASK0894912","06/30/2030","NTT-Deskside Services-WestCoast-Staffed"
"PC035989","PC035989","HSS-8024973","VTN16665","VIHA-WCGH-West Coast General Hospital-Main Building-1st Floor","Main Building","WCStores Main Room","","VIHATRP20211025-021","02/28/2030","NTT-Deskside Services-WestCoast-Staffed"
"","C006989","C006989","609RMYA53658","VIHA-WCGH-West Coast General Hospital","Main","ED","1","","","NTT-Deskside Services-WestCoast-Staffed"
"LD059155","LD059155","HSS-8095835","5R0LG14","VIHA-TGH-Tofino General Hospital-Main Building-1st Floor","Main Building","Admin WFH","1","ISLHTRP20250922-011","09/30/2030","NTT-Deskside Services-WestCoast-Remote"
"PC067183","PC067183","HSS-8086215","DBZ3TY3","VIHA-PAHC-Port Alberni Health Centre-Main Building-1st Floor","Main Building","Reception","1","VIHATRP20240429-002","07/31/2032","NTT-Deskside Services-WestCoast-Local"
"PC080001","PC080001","HSS-1036116","H4H60N3","VIHA-WRC-Westhaven-Main Building-1st Floor","Main Building","WH1025 - Volunteer office / CNE","","REQ0616842-RITM0647877-SCTASK1053128","09/30/2030","NTT-Deskside Services-WestCoast-Staffed"
"LD048228","LD048228","HSS-8094115","5WZ4W14","VIHA-PAHC-Port Alberni Health Centre-Main Building-1st Floor","Main Building","Reception Building 202","1","ISLHTRP20250623-074","08/31/2030","NTT-Deskside Services-WestCoast-Local"
"LD038213","LD038213-M1","HSS-8072125","6D7RVP3","VIHA-PAHC-Port Alberni Health Centre-Main Building-1st Floor","Main Building","6","1","VIHATRP20230213-006","05/31/2031","NTT-Deskside Services-WestCoast-Local"
"LD065208","LD065208-M1","HSS-8024977","JDJKGC3","VIHA-PAHCCS-Port Alberni Home & Community Care Services-Main Building-1st Floor","Main Building","7","1","VIHATRP20211025-026","01/31/2030","NTT-Deskside Services-WestCoast-Local"
"LD068846","LD068846","HSS-8086218","38K3TY3","VIHA-PAMHAS-Port Alberni Mental Health & Addiction Services-Main Building-1st Floor","Main Building","11","1","VIHATRP20240429-003","07/31/2032","NTT-Deskside Services-WestCoast-Local"
"LD048548","LD048548","HSS-8094119","6YW4W14","VIHA-WCGH-West Coast General Hospital-Main Building-2nd Floor","Main Building","Health Records Room","2","ISLHTRP20250623-076","07/31/2029","NTT-Deskside Services-WestCoast-Staffed"
"PC049240","PC049240","HSS-8073741","9R4QQT3","VIHA-WCGH-West Coast General Hospital-Main Building-2nd Floor","Main Building","WCER - Emergency nursing desk","2","VIHATRP20230417-006","06/30/2031","NTT-Deskside Services-WestCoast-Staffed"
"PC066026","MJ025QZ1","","CNK4290C8B","VIHA-WCGH-West Coast General Hospital-Main Building-2nd Floor","Main Building","2258","2","","","NTT-Deskside Services-WestCoast-Staffed"
"LD066216","LD066216","HSS-8073759","HN8QQT3","VIHA-PARS-Port Alberni Redford Street-Main Building-1st Floor","Main Building","11","1","VIHATRP20230417-024","06/30/2031","NTT-Deskside Services-WestCoast-Local"
"LD032582","LD032582-M1","HSS-8024952","53SKGC3","VIHA-PAHCCS-Port Alberni Home & Community Care Services-Main Building-1st Floor","Main Building","5","1","VIHATRP20211025-008","01/31/2030","NTT-Deskside Services-WestCoast-Local"
"PC078493","PC085206","HSS-1044694","8VGLTY3","VIHA-WCGH-West Coast General Hospital-Main Building-2nd Floor","Main Building","WCAdmin","2","REQ1141946-RITM1202266-SCTASK1922035","01/31/2032","NTT-Deskside Services-WestCoast-Staffed"
"LD072273","LD072273","HSS-1037993","627MVF3","VIHA-PARS-Port Alberni Redford Street-Main Building-1st Floor","Main Building","'-","1","REQ0690047-RITM0724867-SCTASK1159649","11/30/2030","NTT-Deskside Services-WestCoast-Local"
"LD050412","LD050412-M1","HSS-1972911","DQNKGC3","VIHA-PAHCCS-Port Alberni Home & Community Care Services-Main Building-1st Floor","Main Building","Liaison 1","1","DMND0003120","12/31/2029","NTT-Deskside Services-WestCoast-Local"
"LD061204","LD061204M1","HSS-1035384","4Q3XDM3","VIHA-WCGH-West Coast General Hospital-Main Building-2nd Floor","Main Building","WCMedSurg - 2718","2","REQ0579174-RITM0608282-SCTASK0984005","08/31/2030","NTT-Deskside Services-WestCoast-Staffed"
"LD032388","LD032388","HSS-8086219","38P3TY3","VIHA-PARS-Port Alberni Redford Street-Main Building-1st Floor","Main Building","PHNO","1","VIHATRP20240429-004","07/31/2032","NTT-Deskside Services-WestCoast-Local"
"LD073165","LD031692","HSS-1030101","3LCKGC3","VIHA-WCGH-West Coast General Hospital-Main Building-1st Floor","Main Building","WFH 152A - Jasmine Meikle","1","REQ0351861-RITM0368413-SCTASK0576085","11/30/2029","NTT-Deskside Services-WestCoast-Staffed"
"LD066301","LD066301","HSS-8078568","DR66PW3","VIHA-PAMHAS-Port Alberni Mental Health & Addiction Services-Main Building-1st Floor","Main Building","9","1","VIHATRP20230918-040","11/30/2031","NTT-Deskside Services-WestCoast-Local"
"PC035988","PC035988","HSS-8073738","18FQQT3","VIHA-WCGH-West Coast General Hospital-Main Building-2nd Floor","Main Building","WC2343 - Foundation Office","2","VIHATRP20230417-004","06/30/2031","NTT-Deskside Services-WestCoast-Staffed"
"LD081052","LD080068","HSS-1036823","6N0MVF3","VIHA-PARS-Port Alberni Redford Street-Main Building-1st Floor","Main Building","1","1","REQ0638575-RITM0670787-SCTASK1081656","10/31/2030","NTT-Deskside Services-WestCoast-Local"
"PC032107","PC032101","HSS-8058663","6ZJKRH3","VIHA-WCGH-West Coast General Hospital-Main Building-2nd Floor","Main Building","WC2514 (Reports Room A)","","VIHATRP20220505-016","08/31/2030","NTT-Deskside Services-WestCoast-Staffed"
"PC032077","PC032077","HSS-8058680","2TMJRH3","VIHA-WCGH-West Coast General Hospital-Main Building-2nd Floor","Main Building","WC2454","","VIHATRP20220505-026","08/31/2030","NTT-Deskside Services-WestCoast-Staffed"
"LD038204","LD038204-M2","HSS-1972918","GJNKGC3","VIHA-PAHCCS-Port Alberni Home & Community Care Services-Main Building-1st Floor","Main Building","20","1","DMND0003120","12/31/2029","NTT-Deskside Services-WestCoast-Local"
"PC030893","PC030893","HSS-8058654","44CKRH3","VIHA-WCGH-West Coast General Hospital-Main Building-2nd Floor","Main Building","WCAmbulatory Care","","VIHATRP20220505-010","08/31/2030","NTT-Deskside Services-WestCoast-Staffed"
"LD027219","LD027219","HSS-8073785","5JZPQT3","VIHA-PAHCCS-Port Alberni Home & Community Care Services-Main Building-1st Floor","Main Building","Manager Office","1","VIHATRP20230417-041","06/30/2031","NTT-Deskside Services-WestCoast-Local"
"LD033692","LD033692-M1","HSS-1972925","8FTKGC3","VIHA-PAHCCS-Port Alberni Home & Community Care Services-Main Building-1st Floor","Main Building","5","1","DMND0003120","12/31/2029","NTT-Deskside Services-WestCoast-Local"
"LD033691","LD033691","HSS-8058712","CDPKRH3","VIHA-PAHCCS-Port Alberni Home & Community Care Services-Main Building-1st Floor","Main Building","Alicia's Office","1","VIHATRP20220505-048","08/31/2030","NTT-Deskside Services-WestCoast-Local"
"LD066301","LD066301","HSS-8078569","9ZP6PW3","VIHA-PAMHAS-Port Alberni Mental Health & Addiction Services-Main Building-1st Floor","Main Building","9","1","VIHATRP20230918-040","11/30/2031","NTT-Deskside Services-WestCoast-Local"
"PC030898","PC045957","HSS-8086264","69J3VZ3","VIHA-PAHCCS-Port Alberni Home & Community Care Services-Main Building-1st Floor","Main Building","Receptiion","1","VIHATRP20240429-042","07/31/2032","NTT-Deskside Services-WestCoast-Local"
"LD050422","LD050422","HSS-1972946","69JKGC3","VIHA-PAHCCS-Port Alberni Home & Community Care Services-Main Building-1st Floor","Main Building","1","1","DMND0003120","12/31/2029","NTT-Deskside Services-WestCoast-Local"
"PC032060","LD065642","HSS-8072192","HJ7RVP3","VIHA-PAMHAS-Port Alberni Mental Health & Addiction Services-Main Building-1st Floor","Main Building","2","","VIHATRP20230213-043","05/31/2031","NTT-Deskside Services-WestCoast-Local"
"PC077225","PC077225","HSS-1984823","DZGKRH3","VIHA-WCGH-West Coast General Hospital-Main Building-2nd Floor","Main Building","WC2908 - wall mount in cubby","2","DMND0003637","10/31/2030","NTT-Deskside Services-WestCoast-Staffed"
"PC034666","PC034666","HSS-8086317","BPZ3VZ3","VIHA-WCGH-West Coast General Hospital-Main Building-2nd Floor","Main Building","WC2495","2","VIHATRP20240429-078","07/31/2032","NTT-Deskside Services-WestCoast-Staffed"
"LD046277","LD046277","HSS-8086230","DL84VZ3","VIHA-TGH-Tofino General Hospital-Main Building-1st Floor","Main Building","1","1","VIHATRP20240429-012","07/31/2032","NTT-Deskside Services-WestCoast-Remote"
"LD056454","LD071363","HSS-1033060","GZFJRH3","VIHA-PAST-Port Alberni Youth Short Term Assessment and Response-Main Building-1st Floor","Main Building","1","1","REQ0501083-RITM0525668-SCTASK0835123","05/31/2030","NTT-Deskside Services-WestCoast-Local"
"LD023195","LD073165","HSS-8078572","4Z1SQT3","VIHA-PAIHN-Port Alberni Integrated Health Network-Main Building-1st Floor","Main Building","Admin","1","VIHATRP20230918-042","11/30/2031","NTT-Deskside Services-WestCoast-Local"
"LD066069","LD066069","HSS-8073755","4RPTVP3","VIHA-PARS-Port Alberni Redford Street-Main Building-1st Floor","Main Building","10","1","VIHATRP20230417-022","06/30/2031","NTT-Deskside Services-WestCoast-Local"
"LD066247","LD066247","HSS-8073781","GN8QQT3","VIHA-PAHCCS-Port Alberni Home & Community Care Services-Main Building-1st Floor","Main Building","3","1","VIHATRP20230417-038","06/30/2031","NTT-Deskside Services-WestCoast-Local"
"PC030895","PC030895","HSS-8086271","2G35VZ3","VIHA-WRC-Westhaven-Main Building-1st Floor","Main Building","WHNursing station","1","VIHATRP20240429-047","07/31/2032","NTT-Deskside Services-WestCoast-Staffed"
"LD055187","LD055187","HSS-8092525","85TMG14","VIHA-PARS-Port Alberni Redford Street-Main Building-1st Floor","Main Building","1","1","VIHATRP20250310-053","06/30/2033","NTT-Deskside Services-WestCoast-Local"
"PC032060","LD066300","HSS-8078567","8ZP6PW3","VIHA-PAMHAS-Port Alberni Mental Health & Addiction Services-Main Building-1st Floor","Main Building","2","","VIHATRP20230918-039","11/30/2031","NTT-Deskside Services-WestCoast-Local"
"LD061485","LD061485","HSS-1037122","54660N3","VIHA-PARS-Port Alberni Redford Street-Main Building-1st Floor","Main Building","6 (WFH not yet assigned)","1","REQ0616732-RITM0647765-SCTASK1018385","10/31/2030","NTT-Deskside Services-WestCoast-Local"
"TD001656","TD001656","HSS-8078544","GDHRQT3","VIHA-PACDF-Port Alberni Community Dialysis Facility-Main Building-1st Floor","Main Building","2nd door on right","1","VIHATRP20230918-020","11/30/2031","NTT-Deskside Services-WestCoast-Local"
"PC032115","PC032114","HSS-8086287","2MZ3VZ3","VIHA-WCGH-West Coast General Hospital-Main Building-2nd Floor","Main Building","WC2241","2","VIHATRP20240429-060","07/31/2032","NTT-Deskside Services-WestCoast-Staffed"
"PC030896","PC030896","HSS-8078605","3YRRQT3","VIHA-WCGH-West Coast General Hospital-Main Building-2nd Floor","Main Building","WC2491","2","VIHATRP20230918-081","11/30/2031","NTT-Deskside Services-WestCoast-Staffed"
"LD080462","LD080462","HSS-8086257","4YM3VZ3","VIHA-TGH-Tofino General Hospital-Main Building-Basement 1","Main Building","'-Home and Community / Liaison","0","VIHATRP20240429-035","07/31/2032","NTT-Deskside Services-WestCoast-Remote"
"","HSS-8007144-M1","HSS-8007144-M1","V1852061","VIHA-TGH-Tofino General Hospital","Main Building","","1","","03/31/2019","NTT-Deskside Services-WestCoast-Remote"
"LD031871","LD031871","HSS-8073766","HT8QQT3","VIHA-PARS-Port Alberni Redford Street-Main Building-1st Floor","Main Building","Reception","1","VIHATRP20230417-029","06/30/2031","NTT-Deskside Services-WestCoast-Local"
"PC034385","PC034385","HSS-8078555","HR66PW3","VIHA-PAHC-Port Alberni Health Centre-Main Building-1st Floor","Main Building","nursing station","1","VIHATRP20230918-031","11/30/2031","NTT-Deskside Services-WestCoast-Local"
"LD050416","LD050416","HSS-8058694","DNXJRH3","VIHA-PAHCCS-Port Alberni Home & Community Care Services-Main Building-1st Floor","Main Building","20","1","VIHATRP20220505-038","08/31/2030","NTT-Deskside Services-WestCoast-Local"
"PC085236","PC085236-M1","HSS-1045149","D8FJTY3","VIHA-WCGH-West Coast General Hospital-Main Building-1st Floor","Main Building","1486","1","REQ1175249-RITM1237716-SCTASK2015849","03/31/2032","NTT-Deskside Services-WestCoast-Staffed"
"PC032077","PC032077","HSS-8058679","5ZTKRH3","VIHA-WCGH-West Coast General Hospital-Main Building-2nd Floor","Main Building","WC2454","","VIHATRP20220505-026","08/31/2030","NTT-Deskside Services-WestCoast-Staffed"
"PC051248","PC051248","HSS-8086246","9JZ3TY3","VIHA-TGH-Tofino General Hospital-Main Building-1st Floor","Main Building","Health Records","1","VIHATRP20240429-026","07/31/2032","NTT-Deskside Services-WestCoast-Remote"
"","PC033766","HSS-8012396-M1","VTB15471","VIHA-TGH-Tofino General Hospital-Main Building-Basement 1","Main Building","Laboratory Clean Room","","","08/31/2021","NTT-Deskside Services-WestCoast-Remote"
"","HSS-8001654-M1","HSS-8001654-M1","VN375083","VIHA-WCGH-West Coast General Hospital","","","","","07/31/2017","NTT-Deskside Services-WestCoast-Staffed"
"LD033692","1HJKGC3","HSS-1972929","1HJKGC3","VIHA-PAHCCS-Port Alberni Home & Community Care Services-Main Building-1st Floor","Main Building","South HCN","1","DMND0003120","12/31/2029","NTT-Deskside Services-WestCoast-Local"
"PC034083","PC034083","HSS-8078596","3CXRQT3","VIHA-WCGH-West Coast General Hospital-Main Building-2nd Floor","Main Building","WCER - Emergency Department MAIN area/ AKA Dr.'s C","2","VIHATRP20230918-062","11/30/2031","NTT-Deskside Services-WestCoast-Staffed"
"PC074082","PC074082","HSS-1049733","7764W14","VIHA-UPR-Ucluelet Peninsula Road-Community Health Centre-2nd Floor","Main Building","218","2","REQ1544311-RITM1629271-SCTASK2721921","04/30/2033","NTT-Deskside Services-WestCoast-Remote"
"","LD021646","HSS-8024982","7JJKGC3","VIHA-WCGH-West Coast General Hospital-Main Building-2nd Floor","Main Building","WC2318","2","VIHATRP20211025-030","01/31/2030","NTT-Deskside Services-WestCoast-Staffed"
"PC036378","PC036378","HSS-8072134","FD7RVP3","VIHA-PAHC-Port Alberni Health Centre-Main Building-1st Floor","Main Building","main desk at dialysis unit.  Moved to 4201 6th ave","","VIHATRP20230213-012","05/31/2031","NTT-Deskside Services-WestCoast-Local"
"LD032581","LD032581","LD032581","1W0RVP3","VIHA-WCMHAS-West Coast Mental Health & Addiction Services-Main Building-1st Floor","Main Building","Main Floor","1","VIHATRP20221114-001","02/28/2031","NTT-Deskside Services-WestCoast-Remote"
"LD027199","LD027199-M1","HSS-8078552","FZP6PW3","VIHA-PAHCCS-Port Alberni Home & Community Care Services-Main Building-1st Floor","Main Building","1","1","VIHATRP20230918-026","11/30/2031","NTT-Deskside Services-WestCoast-Local"
"","GJGKRH3","HSS-1984835","GJGKRH3","VIHA-WCGH-West Coast General Hospital-Main Building-2nd Floor","Main Building","WC2115","","DMND0003637","10/31/2030","NTT-Deskside Services-WestCoast-Staffed"
"PC033289","PC033289","HSS-8078599","6YRRQT3","VIHA-WRC-Westhaven-Main Building-1st Floor","Main Building","WH1020","1","VIHATRP20230918-065","11/30/2031","NTT-Deskside Services-WestCoast-Staffed"
"PC100057","PC100057-M2","HSS-1041056","BN0MVF3","VIHA-WCGH-West Coast General Hospital-Main Building-2nd Floor","Main Building","WCER - Expansion","","REQ0831222-RITM0873341-SCTASK1379803","01/31/2031","NTT-Deskside Services-WestCoast-Staffed"
"PC033744","PC033744","PC033744","201RVP3","VIHA-WCGH-West Coast General Hospital-Main Building-2nd Floor","Main Building","WC2354 - Medical Records","","VIHATRP20221114-051","03/31/2031","NTT-Deskside Services-WestCoast-Staffed"
"PC077540","PC077540","HSS-1036882","16H60N3","VIHA-PAST-Port Alberni Youth Short Term Assessment and Response-Main Building-1st Floor","Main Building","Outreach 3","","REQ0644503-RITM0677064-SCTASK1084598","10/31/2030","NTT-Deskside Services-WestCoast-Local"
"PC034391","PC034391","PC034391","B2B60N3","VIHA-WCGH-West Coast General Hospital-Main Building-2nd Floor","Main Building","WC2905 - Patient Room","","VIHATRP20221114-034","02/28/2031","NTT-Deskside Services-WestCoast-Staffed"
"PC040022","PC032087","HSS-8089619","9VCJTY3","VIHA-WCGH-West Coast General Hospital-Main Building-2nd Floor","Main Building","WC2326 - Administration","","VIHATRP20240909-068","11/30/2032","NTT-Deskside Services-WestCoast-Staffed"
"LD027218","LD027218","HSS-8072148","839TVP3","VIHA-PAHCCS-Port Alberni Home & Community Care Services-Main Building-1st Floor","Main Building","Manager Office","1","VIHATRP20230213-032","05/31/2031","NTT-Deskside Services-WestCoast-Local"
"LD071026","LD060359","HSS-1033045","DWCJRH3","VIHA-PAST-Port Alberni Youth Short Term Assessment and Response-Main Building-1st Floor","Main Building","Outreach 1","1","REQ0501088-RITM0525674-SCTASK0835182","05/31/2030","NTT-Deskside Services-WestCoast-Local"
"PC034667","PC034667","PC034667","F8Z60N3","VIHA-WRC-Westhaven-Main Building-1st Floor","Main Building","WH1016","","VIHATRP20221114-029","02/28/2031","NTT-Deskside Services-WestCoast-Staffed"
"PC067145","PC067145","HSS-8086312","7SK4VZ3","VIHA-WCGH-West Coast General Hospital-Main Building-2nd Floor","Main Building","WC2426","2","VIHATRP20240429-075","07/31/2032","NTT-Deskside Services-WestCoast-Staffed"
"LD034597","LD031378","HSS-8024959","7DJKGC3","VIHA-PAHCCS-Port Alberni Home & Community Care Services-Main Building-1st Floor","Main Building","17","1","VIHATRP20211025-011","01/31/2030","NTT-Deskside Services-WestCoast-Local"
"LD102652","LD102652","HSS-1046605","4C44VZ3","VIHA-WCGH-West Coast General Hospital-Main Building-2nd Floor","Main Building","2316","2","REQ1304164-RITM1375335-SCTASK2204410","07/31/2032","NTT-Deskside Services-WestCoast-Staffed"
"PC032078","PC032078","HSS-8058688","5DPKRH3","VIHA-WCGH-West Coast General Hospital-Main Building-2nd Floor","Main Building","WC2462","","VIHATRP20220505-033","08/31/2030","NTT-Deskside Services-WestCoast-Staffed"
"PC100056","PC100056-M2","HSS-1041061","DWQLVF3","VIHA-WCGH-West Coast General Hospital-Main Building-2nd Floor","Main Building","WCER - expansion - desk behind Triage desk","","REQ0831222-RITM0873344-SCTASK1379404","01/31/2031","NTT-Deskside Services-WestCoast-Staffed"
"LD081052","LD080068","HSS-1036824","4N0MVF3","VIHA-PARS-Port Alberni Redford Street-Main Building-1st Floor","Main Building","1","1","REQ0638575-RITM0670787-SCTASK1081656","10/31/2030","NTT-Deskside Services-WestCoast-Local"
"LD061357","LD061357","HSS-1110603","41MNG14","VIHA-PARS-Port Alberni Redford Street-Main Building-1st Floor","Main Building","8","1","REQ1685166-RITM1778493-SCTASK2860743","06/30/2033","NTT-Deskside Services-WestCoast-Local"
"PC100458","PC100458","HSS-1046898","1VK4VZ3","VIHA-WCGH-West Coast General Hospital-Main Building-2nd Floor","Main Building","2411","2","REQ1201367-RITM1265266-SCTASK2189708","07/31/2032","NTT-Deskside Services-WestCoast-Staffed"
"LD066238","LD066238","HSS-8073749","2RPTVP3","VIHA-PARS-Port Alberni Redford Street-Main Building-1st Floor","Main Building","Unit 201 - Room 11","1","VIHATRP20230417-019","06/30/2031","NTT-Deskside Services-WestCoast-Local"
"LD100753","LD060022","HSS-1031978","3RVKGC3","VIHA-PAST-Port Alberni Youth Short Term Assessment and Response-Main Building-1st Floor","Main Building","Admin","1","REQ0448598-RITM0470225-SCTASK0750648","02/28/2030","NTT-Deskside Services-WestCoast-Local"
"PC035985","PC035985","HSS-8073740","28FQQT3","VIHA-WCGH-West Coast General Hospital-Main Building-2nd Floor","Main Building","WCICU - 2165 (TRP)","2","VIHATRP20230417-005","06/30/2031","NTT-Deskside Services-WestCoast-Staffed"
"PC075780","PC075780","HSS-1940275","GV0LG14","VIHA-UPR-Ucluelet Peninsula Road-Community Health Centre-1st Floor","Main Building","105","1","DMND0005326","08/31/2030","NTT-Deskside Services-WestCoast-Remote"
"LD032584","LD032584","HSS-8058723","CZTKRH3","VIHA-PAHCCS-Port Alberni Home & Community Care Services-Main Building-1st Floor","Main Building","19","1","VIHATRP20220505-054","08/31/2030","NTT-Deskside Services-WestCoast-Local"
"PC060712TRP","LD055612","HSS-8092464","4G2LG14","VIHA-UPR-Ucluelet Peninsula Road","Main Building","Lab","1","VIHATRP20250303","06/30/2033","NTT-Deskside Services-WestCoast-Remote"
"LD050413","LD050413-M1","HSS-1972937","56JKGC3","VIHA-PAHCCS-Port Alberni Home & Community Care Services-Main Building-1st Floor","Main Building","Liaison 2","1","DMND0003120","12/31/2029","NTT-Deskside Services-WestCoast-Local"
"LD105954","LD105954","HSS-1940514","7L36TY3","VIHA-UPR-Ucluelet Peninsula Road-Community Health Centre-1st Floor","Main Building","225","1","DMND0005390","06/30/2032","NTT-Deskside Services-WestCoast-Remote"
"LD066646","LD081386","HSS-1110144","CNNMG14","VIHA-PAMHAS-Port Alberni Mental Health & Addiction Services-Main Building-1st Floor","Main Building","Front Meeting Room","1","REQ1641282-RITM1732123-SCTASK2808062","06/30/2033","NTT-Deskside Services-WestCoast-Local"
"PC067009","LD021234","HSS-8021779","2SQHL93","VIHA-WCGH-West Coast General Hospital-Main Building-2nd Floor","Main Building","WCMedical Imaging - XRay far end of room by printe","","VIHATRP20210525-034","09/30/2029","NTT-Deskside Services-WestCoast-Staffed"
"PC077224","PC077224","HSS-1984821","BGGJRH3","VIHA-WCGH-West Coast General Hospital-Main Building-1st Floor","","WC1554 - Storage","","DMND0003637","10/31/2030","NTT-Deskside Services-WestCoast-Staffed"
"PC032073","PC032073","HSS-8078593","6CXRQT3","VIHA-WCGH-West Coast General Hospital-Main Building-2nd Floor","Main Building","WCER - Emergency Department on filing cabinet near","2","VIHATRP20230918-060","11/30/2031","NTT-Deskside Services-WestCoast-Staffed"
"PC033286","PC033286","HSS-8086278","4MZ3VZ3","VIHA-WCGH-West Coast General Hospital-Main Building-1st Floor","Main Building","WCOR - 2163 ENDOSCOPY","2","VIHATRP20240429-052","07/31/2032","NTT-Deskside Services-WestCoast-Staffed"
"LD065382","LD065382-M2","HSS-1044041","D4B6PW3","VIHA-PAHCCS-Port Alberni Home & Community Care Services-Main Building-1st Floor","Main Building","23","1","REQ1092618-RITM1150071-SCTASK1840116","11/30/2031","NTT-Deskside Services-WestCoast-Local"
"LD048470","LD048470","HSS-8094116","5WV4W14","VIHA-PARS-Port Alberni Redford Street-Main Building-1st Floor","Main Building","WFH","1st Floor","ISLHTRP20250512-041","08/31/2030","NTT-Deskside Services-WestCoast-Local"
"LD063734","LD063734-M1","HSS-1043025","65JTVP3","VIHA-PAHC-Port Alberni Health Centre-Main Building-1st Floor","Main Building","5","1","REQ0969891-RITM1020211-SCTASK1655944","08/31/2031","NTT-Deskside Services-WestCoast-Local"
"PC051330","PC051330","HSS-8086293","DCF4VZ3","VIHA-WCGH-West Coast General Hospital-Main Building-2nd Floor","Main Building","WC2256 - Marion's PC","2","VIHATRP20240429-063","07/31/2032","NTT-Deskside Services-WestCoast-Staffed"
"PC067011","PC050930","HSS-8058671","75SJRH3","VIHA-WCGH-West Coast General Hospital-Main Building-2nd Floor","Main Building","WCMedical Imaging -Xray-techs","","VIHATRP20220505-022","08/31/2030","NTT-Deskside Services-WestCoast-Staffed"
"PC067012","PC067012","PC067012","JYVLVF3","VIHA-WCGH-West Coast General Hospital-Main Building-2nd Floor","Main Building","WC2248 - Ultrasound Room 2","","VIHATRP20221114-061","02/28/2031","NTT-Deskside Services-WestCoast-Staffed"
"","B8Y5TY3","HSS-1046327","B8Y5TY3","VIHA-TGH-Tofino General Hospital","Main Building","","1","REQ1294112-RITM1364697-SCTASK2192688","06/30/2032","NTT-Deskside Services-WestCoast-Remote"
"PC032085","PC032085","HSS-8086324","2TK4VZ3","VIHA-WCGH-West Coast General Hospital-Main Building-2nd Floor","Main Building","WC2315 - Administration","2","VIHATRP20240429-083","07/31/2032","NTT-Deskside Services-WestCoast-Staffed"
"LD037791","LD037791","HSS-8095849","G04LG14","VIHA-PAHC-Port Alberni Health Centre-Main Building-1st Floor","Main Building","Main Room","1","ISLHTRP20250922-021","09/30/2030","NTT-Deskside Services-WestCoast-Local"
"","LD021019","HSS-8015648-M2","VTJ48672","VIHA-TGH-Tofino General Hospital-Main Building-1st Floor","","Clinical Coordinator Office","","","04/30/2022","NTT-Deskside Services-WestCoast-Remote"
"PC075782","PC075782","HSS-1940279","9LSMG14","VIHA-UPR-Ucluelet Peninsula Road-Community Health Centre-1st Floor","Main Building","105","1","DMND0005326","08/31/2030","NTT-Deskside Services-WestCoast-Remote"
"PC026148","PC026148","HSS-8079527","6CK6PW3","VIHA-WCGH-West Coast General Hospital-Main Building-2nd Floor","Main Building","2302B","2","VIHATRP20230916-074","12/31/2031","NTT-Deskside Services-WestCoast-Staffed"
"PC033765","PC033765","PC033765","77B60N3","VIHA-TGH-Tofino General Hospital-Main Building-Basement 1","Main Building","Laboratory reception","","VIHATRP20221114-016","02/28/2031","NTT-Deskside Services-WestCoast-Remote"
"LD030571","LD030571","HSS-8078548","BCXRQT3","VIHA-PAHCCS-Port Alberni Home & Community Care Services-Main Building-1st Floor","Main Building","Room 22","1","VIHATRP20230918-022","11/30/2031","NTT-Deskside Services-WestCoast-Local"
"LD071712","LD071712","HSS-1033964","632JRH3","VIHA-PARS-Port Alberni Redford Street-Main Building-1st Floor","Main Building","'-","1","REQ0544471-RITM0571553-SCTASK0892534","06/30/2030","NTT-Deskside Services-WestCoast-Local"
"LD090905","LD101258","HSS-8061269","787MVF3","VIHA-WCGH-West Coast General Hospital","IMIT Deskside","Room 1520a - Deskside - Roman Frank","Basement","REQ1142317-RITM1202647-SCTASK1999597","10/31/2030","NTT-Deskside Services-WestCoast-Staffed"
"LD073165","LD057434","HSS-1030100","3VCKGC3","VIHA-WCGH-West Coast General Hospital-Main Building-1st Floor","Main Building","WFH 152A - Jasmine Meikle","1","REQ0351861-RITM0368413-SCTASK0576085","11/30/2029","NTT-Deskside Services-WestCoast-Staffed"
"LD048226","LD048226","HSS-8078554","DZP6PW3","VIHA-PARS-Port Alberni Redford Street-Main Building-1st Floor","Main Building","1","1","VIHATRP20230918-030","11/30/2031","NTT-Deskside Services-WestCoast-Local"
"LD065380","LD065380","HSS-8058692","53SJRH3","VIHA-PAHCCS-Port Alberni Home & Community Care Services-Main Building-1st Floor","Main Building","12","1","VIHATRP20220505-037","08/31/2030","NTT-Deskside Services-WestCoast-Local"
"LD038046","LD041016","HSS-8023510","2BWHL93","VIHA-PAHC-Port Alberni Health Centre-Main Building-1st Floor","Main Building","Room 22","1","VIHATRP20210809-052","11/30/2029","NTT-Deskside Services-WestCoast-Local"
"LD100753","LD060022","HSS-1031977","6Q0LGC3","VIHA-PAST-Port Alberni Youth Short Term Assessment and Response-Main Building-1st Floor","Main Building","Admin","1","REQ0448598-RITM0470225-SCTASK0750648","02/28/2030","NTT-Deskside Services-WestCoast-Local"
"PC032072","PC032072","PC032072","7R170N3","VIHA-WCGH-West Coast General Hospital-Main Building-2nd Floor","Main Building","WCER - WCGH Emergency Department - near medicine c","","VIHATRP20221114-037","02/28/2031","NTT-Deskside Services-WestCoast-Staffed"
"LD059255","LD059254","HSS-1030451","DDJKGC3","VIHA-WCGH-West Coast General Hospital-Main Building-1st Floor","Main Building","WFH","1","REQ0366695-RITM0384099-SCTASK0593155","11/30/2029","NTT-Deskside Services-WestCoast-Staffed"
"LD066016","LD038210-M2","HSS-8058725","6ZTKRH3","VIHA-PAHC-Port Alberni Health Centre-Main Building-1st Floor","Main Building","6","1","VIHATRP20220505-055","08/31/2030","NTT-Deskside Services-WestCoast-Local"
"LD038206","PC034078","HSS-8058727","865KRH3","VIHA-PAHC-Port Alberni Health Centre-Main Building-1st Floor","Main Building","Room 6","1","VIHATRP20220505-057","08/31/2030","NTT-Deskside Services-WestCoast-Local"
"LD104752","LD104752","HSS-8024941","1YCKGC3","VIHA-PAIHN-Port Alberni Integrated Health Network-Main Building-1st Floor","Main Building","PA NP Clinic","1","VIHATRP20211025-002","01/31/2030","NTT-Deskside Services-WestCoast-Local"
"PC021638","PC033288","PC033288","9QGMVF3","VIHA-WCGH-West Coast General Hospital-Main Building-2nd Floor","Main Building","WC2503","","VIHATRP20221114-046","03/31/2031","NTT-Deskside Services-WestCoast-Staffed"
"LD039280","LD039280","HSS-8072142","8HDRVP3","VIHA-PAHCCS-Port Alberni Home & Community Care Services-Main Building-1st Floor","Main Building","Ty Watson House site","1","VIHATRP20230213-025","05/31/2031","NTT-Deskside Services-WestCoast-Local"
"LD093077","LD061046","HSS-1034927","BZJKRH3","VIHA-PAMHAS-Port Alberni Mental Health & Addiction Services-Main Building-1st Floor","Main Building","7","1","REQ0557136-RITM0585009-SCTASK0965062","07/31/2030","NTT-Deskside Services-WestCoast-Local"
"","LD044750","HSS-1022674","CX25X53","VIHA-PAHC-Port Alberni Health Centre-Main Building-1st Floor","Main Building","","1","REQ0136095-RITM0141863-SCTASK0202996","03/31/2029","NTT-Deskside Services-WestCoast-Local"
"LD050418","LD050418-M2","HSS-1972921","HQNKGC3","VIHA-PAHCCS-Port Alberni Home & Community Care Services-Main Building-1st Floor","Main Building","17","1","DMND0003120","12/31/2029","NTT-Deskside Services-WestCoast-Local"
"LD038205","LD038205","HSS-8091693","GM8LG14","VIHA-PAHC-Port Alberni Health Centre-Main Building-1st Floor","Main Building","6","1","REQ1801561-RITM1901473-SCTASK3068213","01/31/2033","NTT-Deskside Services-WestCoast-Local"
"LD066391","LD066391","HSS-8086238","36K3TY3","VIHA-TGH-Tofino General Hospital-Main Building-1st Floor","Main Building","Home and Community Care Office","1","VIHATRP20240429-019","07/31/2032","NTT-Deskside Services-WestCoast-Remote"
"TD001655","TD001655","HSS-8078543","DCXRQT3","VIHA-PACDF-Port Alberni Community Dialysis Facility-Main Building-1st Floor","Main Building","First office on the right","1","VIHATRP20230918-019","11/30/2031","NTT-Deskside Services-WestCoast-Local"
"LD066248","3FTKGC3","HSS-1972915","3FTKGC3","VIHA-PAHCCS-Port Alberni Home & Community Care Services-Main Building-1st Floor","Main Building","8","1","DMND0003120","12/31/2029","NTT-Deskside Services-WestCoast-Local"
"PC077227","PC077227","HSS-1984827","C2DKRH3","VIHA-WCGH-West Coast General Hospital-Main Building-2nd Floor","Main Building","WC2911","","DMND0003637","10/31/2030","NTT-Deskside Services-WestCoast-Staffed"
"PC049238","PC049238","HSS-8091249","BJ5LG14","VIHA-WCGH-West Coast General Hospital-Main Building-2nd Floor","Main Building","WCRoom 2270","2","VIHATRP20240909","01/31/2033","NTT-Deskside Services-WestCoast-Staffed"
"PC038024","PC038024","HSS-8086245","DQK4VZ3","VIHA-TGH-Tofino General Hospital-Main Building-1st Floor","Main Building","Nurses' Station","1","VIHATRP20240429-025","07/31/2032","NTT-Deskside Services-WestCoast-Remote"
"LD065696","LD030572","HSS-8024945","HCJKGC3","VIHA-PAMHAS-Port Alberni Mental Health & Addiction Services-Main Building-1st Floor","Main Building","7","1","VIHATRP20211025-004","01/31/2030","NTT-Deskside Services-WestCoast-Local"
"LD034598","LD034598","HSS-8089592","7S2JTY3","VIHA-PAMHAS-Port Alberni Mental Health & Addiction Services-Main Building-1st Floor","Main Building","14","1","VIHATRP20240909","11/30/2032","NTT-Deskside Services-WestCoast-Local"
"LD055655","PC026185TRP","HSS-8091399","9L5LG14","VIHA-PAIHN-Port Alberni Integrated Health Network-Main Building-1st Floor","Main Building","Admin","1","REQ1561906-RITM1648014-SCTASK2644694","02/28/2033","NTT-Deskside Services-WestCoast-Local"
"LD030572","LD059626","HSS-8072165","F39TVP3","VIHA-PAMHAS-Port Alberni Mental Health & Addiction Services-Main Building-1st Floor","Main Building","11","1","VIHATRP20230213-031","05/31/2031","NTT-Deskside Services-WestCoast-Local"
"PC035978","PC035978","HSS-8058720","9ZTKRH3","VIHA-PAHCCS-Port Alberni Home & Community Care Services-Main Building-1st Floor","Main Building","19","","VIHATRP20220505-052","08/31/2030","NTT-Deskside Services-WestCoast-Local"
"LD065128","LD065196","HSS-8024979","G2SKGC3","VIHA-PAHC-Port Alberni Health Centre-Main Building-1st Floor","Main Building","Main Room","1","VIHATRP20211025-027","01/31/2030","NTT-Deskside Services-WestCoast-Local"
"PC085073","LD071099","HSS-1032230","4BMLKF3","VIHA-WCGH-West Coast General Hospital-Main Building-2nd Floor","Main Building","WCER - 2012 - Triage Registration by window","","REQ0470648-RITM0493580-SCTASK0776407","03/31/2030","NTT-Deskside Services-WestCoast-Staffed"
"LD102652","LD102652","HSS-1046608","6644VZ3","VIHA-WCGH-West Coast General Hospital-Main Building-2nd Floor","Main Building","2316","2","REQ1304119-RITM1375288-SCTASK2213351","07/31/2032","NTT-Deskside Services-WestCoast-Staffed"
"PC032100","PC032100","HSS-8058647","DJPKRH3","VIHA-WCGH-West Coast General Hospital-Main Building-2nd Floor","Main Building","WCMedSurg - Nursing Station - B Side Desk","","VIHATRP20220505-003","08/31/2030","NTT-Deskside Services-WestCoast-Staffed"
"PC080240","PC080240","HSS-1047470","F4B5VZ3","VIHA-WCGH-West Coast General Hospital-Main Building-2nd Floor","Main Building","2504","2","REQ1370626-RITM1445723-SCTASK2382382","09/30/2032","NTT-Deskside Services-WestCoast-Staffed"
"PC032079","PC032079","HSS-8058690","BZTKRH3","VIHA-WCGH-West Coast General Hospital-Main Building-2nd Floor","Main Building","WC2450","","VIHATRP20220505-035","08/31/2030","NTT-Deskside Services-WestCoast-Staffed"
"LD050414","LD050414","HSS-1972913","32SKGC3","VIHA-PAHCCS-Port Alberni Home & Community Care Services-Main Building-1st Floor","Main Building","Flex Desk 2","1","DMND0003120","12/31/2029","NTT-Deskside Services-WestCoast-Local"
"LD065617","LD065617","LD065617","3NG60N3","VIHA-TGH-Tofino General Hospital-Main Building-Basement 1","Main Building","Mental Health Services - reception","0","VIHATRP20221114-014","02/28/2031","NTT-Deskside Services-WestCoast-Remote"
"PC031601","PC031601","HSS-8091656","5M5LG14","VIHA-WCGH-West Coast General Hospital-Main Building-2nd Floor","Main Building","WC2330","2","VIHATRP20241209","02/28/2033","NTT-Deskside Services-WestCoast-Staffed"
"LD066299","LD058319","HSS-1027281","9MPHL93","VIHA-PAMHAS-Port Alberni Mental Health & Addiction Services-Main Building-1st Floor","Main Building","10","1","VIHA-PAMHAS-Port Alberni Mental Health &","07/31/2029","NTT-Deskside Services-WestCoast-Local"
"LD060021","LD071026","HSS-1031983","D00LGC3","VIHA-PAST-Port Alberni Youth Short Term Assessment and Response-Main Building-1st Floor","Main Building","Front Reception","1","REQ0448595-RITM0470222-SCTASK0750683","02/28/2030","NTT-Deskside Services-WestCoast-Local"
"PC033740","PC033740","HSS-8078600","GGS5PW3","VIHA-WCGH-West Coast General Hospital-Main Building-2nd Floor","Main Building","Physicians lounge","2","VIHATRP20230918-067","11/30/2031","NTT-Deskside Services-WestCoast-Staffed"
"PC066026","MJ025QZ1","","1890310712","VIHA-WCGH-West Coast General Hospital-Main Building-2nd Floor","Main Building","2258","2","","","NTT-Deskside Services-WestCoast-Staffed"
"LD027217","PC071738","HSS-8086329","1QZ3VZ3","VIHA-WCGH-West Coast General Hospital-Main Building-2nd Floor","Main Building","WC2104","2","VIHATRP20240429-087","07/31/2032","NTT-Deskside Services-WestCoast-Staffed"
"PC032076","PC032076","HSS-8095823","34NMG14","VIHA-WCGH-West Coast General Hospital-Main Building-2nd Floor","Main Building","WC2462","2","ISLHTRP20250922-002","09/30/2030","NTT-Deskside Services-WestCoast-Staffed"
"PC075776","PC075776","HSS-1940271","8LSMG14","VIHA-UPR-Ucluelet Peninsula Road-Community Health Centre-1st Floor","Main Building","105","1","DMND0005326","08/31/2030","NTT-Deskside Services-WestCoast-Remote"
"LD050415","LD050415-M2","HSS-1972914","5TCKGC3","VIHA-PAHCCS-Port Alberni Home & Community Care Services-Main Building-1st Floor","Main Building","Flex 5","1","DMND0003120","12/31/2029","NTT-Deskside Services-WestCoast-Local"
"LD090455","LD090455-M1","HSS-1045421","3HS6PW3","VIHA-WCGH-West Coast General Hospital","Main","2270","1","REQ1220014-RITM1285204-SCTASK2068947","03/31/2032","NTT-Deskside Services-WestCoast-Staffed"
"LD031378","LD032386","HSS-8072143","4NYSVP3","VIHA-PAHCCS-Port Alberni Home & Community Care Services-Main Building-1st Floor","Main Building","17","1","VIHATRP20230213-026","05/31/2031","NTT-Deskside Services-WestCoast-Local"
"PC035980","LD044506","HSS-8086235","70JJTY3","VIHA-TGH-Tofino General Hospital-Main Building-1st Floor","Main Building","Physician Dictation Room","1","VIHATRP20240429-017","07/31/2032","NTT-Deskside Services-WestCoast-Remote"
"LD059255","LD059254","HSS-1030450","7CTHGC3","VIHA-WCGH-West Coast General Hospital-Main Building-1st Floor","Main Building","WFH","1","REQ0366695-RITM0384099-SCTASK0593155","11/30/2029","NTT-Deskside Services-WestCoast-Staffed"
"LD102449","LD102449","HSS-1047279","F944VZ3","VIHA-UFT-Ucluelet Family Ties-Main Building-1st Floor","Main Building","Main Floor","1","REQ1370624-RITM1445721-SCTASK2345217","10/31/2032","NTT-Deskside Services-WestCoast-Remote"
"LD086080","LD100751","HSS-1043994","6LX5PW3","VIHA-WCGH-West Coast General Hospital-Main Building-2nd Floor","Main Building","2403","2","REQ1075834-RITM1132085-SCTASK1823778","11/30/2031","NTT-Deskside Services-WestCoast-Staffed"
"LD104752","LD104752","HSS-1110470","40TMG14","VIHA-PAIHN-Port Alberni Integrated Health Network-Main Building-1st Floor","Main Building","PA NP Clinic","1","REQ1671883-RITM1764501-SCTASK2834689","06/30/2033","NTT-Deskside Services-WestCoast-Local"
"LD081357","LD081357","HSS-1110216","GKGNG14","VIHA-PAST-Port Alberni Youth Short Term Assessment and Response-Main Building-1st Floor","Main Building","Admin Area","1","REQ1638920-RITM1729620-SCTASK2777947","06/30/2033","NTT-Deskside Services-WestCoast-Local"
"LD059635","LD060361","HSS-1033057","409JRH3","VIHA-PAST-Port Alberni Youth Short Term Assessment and Response-Main Building-1st Floor","Main Building","Nursing","1","REQ0501077-RITM0525662-SCTASK0835184","05/31/2030","NTT-Deskside Services-WestCoast-Local"
"LD066212","LD034741","HSS-8086253","2VC3VZ3","VIHA-TGH-Tofino General Hospital-Main Building-1st Floor","Main Building","MHAS","1","VIHATRP20240429-032","07/31/2032","NTT-Deskside Services-WestCoast-Remote"
"PC033747","PC033747","HSS-1049296","HGJ8SP3","VIHA-WCGH-West Coast General Hospital-Main Building-2nd Floor","Main Building","WC2467","2","INC3705515","06/30/2033","NTT-Deskside Services-WestCoast-Staffed"
"PC050930","PC067011","PC067011","54B60N3","VIHA-WCGH-West Coast General Hospital-Main Building-2nd Floor","Main Building","WCMedical Imaging - XRay","","VIHATRP20221114-056","03/31/2031","NTT-Deskside Services-WestCoast-Staffed"
"LD038209","LD038209","HSS-8058702","GDPKRH3","VIHA-PAHCCS-Port Alberni Home & Community Care Services-Main Building-1st Floor","Main Building","12","1","VIHATRP20220505-043","08/31/2030","NTT-Deskside Services-WestCoast-Local"
"PC026224","PC038006","HSS-8005503-M1","VN991641","VIHA-ULS-Ucluelet Lab Services-Main Building-1st Floor","Main Building","Lab","","","08/31/2018","NTT-Deskside Services-WestCoast-Remote"
"","LD027212","","Z4QX1513378136","VIHA-PAMHAS-Port Alberni Mental Health & Addiction Services-Main Building","","","","","","NTT-Deskside Services-WestCoast-Local"
"LD030982","LD030982","HSS-8072147","939TVP3","VIHA-PAHCCS-Port Alberni Home & Community Care Services-Main Building-1st Floor","Main Building","5 -","1","VIHATRP20230213-030","05/31/2031","NTT-Deskside Services-WestCoast-Local"
"PC034899","PC034899","HSS-8078578","BDHRQT3","VIHA-WCGH-West Coast General Hospital-Main Building-1st Floor","Main Building","Cafeteria","1","VIHATRP20230918-049","11/30/2031","NTT-Deskside Services-WestCoast-Staffed"
"","PC051565","HSS-8009252-M1","V1F94457","VIHA-WCGH-West Coast General Hospital-Main Building-2nd Floor","","WCMedical Imaging - Reception","","","","NTT-Deskside Services-WestCoast-Staffed"
"LD066027","LD050416","HSS-8089610","DJFJTY3","VIHA-WCGH-West Coast General Hospital-Main Building-2nd Floor","Main Building","WC2104","2","VIHATRP20240909-061","11/30/2032","NTT-Deskside Services-WestCoast-Staffed"
"PC080246","PC080246","HSS-1047965","29CHTY3","VIHA-PARS-Port Alberni Redford Street-Main Building-1st Floor","Main Building","1","1","REQ1397582-RITM1474316-SCTASK2445347","11/30/2032","NTT-Deskside Services-WestCoast-Local"
"LD024836","LD024836-M1","HSS-8095858","H04LG14","VIHA-PAHCCS-Port Alberni Home & Community Care Services-Main Building-1st Floor","Main Building","20","1","ISLHTRP20250922-027","09/30/2030","NTT-Deskside Services-WestCoast-Local"
"LD027205","LD027205-M1","HSS-8073798","8KZPQT3","VIHA-PAHCCS-Port Alberni Home & Community Care Services-Main Building-1st Floor","Main Building","5","1","VIHATRP20230417-050","06/30/2031","NTT-Deskside Services-WestCoast-Local"
"LD066299","LD066299","HSS-8078560","GR66PW3","VIHA-PAMHAS-Port Alberni Mental Health & Addiction Services-Main Building-1st Floor","Main Building","10","1","VIHATRP20230918-035","11/30/2031","NTT-Deskside Services-WestCoast-Local"
"PC079973","PC026145TRP","HSS-1048406","2615TY3","VIHA-WCGH-West Coast General Hospital-Main Building-2nd Floor","Main Building","2444","2","REQ1522627-RITM1606300-SCTASK2577674","12/31/2032","NTT-Deskside Services-WestCoast-Staffed"
"PC033287","JFGJRH3","HSS-1984838","JFGJRH3","VIHA-WCGH-West Coast General Hospital-Main Building-2nd Floor","Main Building","2115","2","DMND0003637","10/31/2030","NTT-Deskside Services-WestCoast-Staffed"
"LD059222","LD059222","HSS-8095844","114LG14","VIHA-PARS-Port Alberni Redford Street-Main Building-1st Floor","Main Building","11","1","ISLHTRP20250922-017","09/30/2030","NTT-Deskside Services-WestCoast-Local"
"LD034318","LD034318","HSS-1025876","6C9TR63","VIHA-PAMHAS-Port Alberni Mental Health & Addiction Services-Main Building-1st Floor","Main Building","6","1","REQ0188756-RITM0197449-SCTASK0292554","07/31/2029","NTT-Deskside Services-WestCoast-Local"
"LD065013","LD065013","HSS-8095827","314LG14","VIHA-WCGH-West Coast General Hospital-Main Building-2nd Floor","Main Building","WC2352","2","ISLHTRP20250922-004","09/30/2030","NTT-Deskside Services-WestCoast-Staffed"
"PC030728","PC043275","HSS-8086234","G2JJTY3","VIHA-TGH-Tofino General Hospital-Main Building-1st Floor","Main Building","Patient Lounge Room 10","1","VIHATRP20240429-015","07/31/2032","NTT-Deskside Services-WestCoast-Remote"
"LD1000304","LD1000304","HSS-8078562","FR66PW3","VIHA-PAMHAS-Port Alberni Mental Health & Addiction Services-Main Building-1st Floor","Main Building","Admin","0","VIHATRP20230918-036","11/30/2031","NTT-Deskside Services-WestCoast-Local"
"LD034708","LD034708","HSS-8086294","F505VZ3","VIHA-WCGH-West Coast General Hospital-Main Building-2nd Floor","Main Building","CV1052","1","VIHATRP20240429-064","07/31/2032","NTT-Deskside Services-WestCoast-Staffed"
"PC067009","PC067009","PC067009","67X60N3","VIHA-WCGH-West Coast General Hospital-Main Building-2nd Floor","Main Building","WCMedical Imaging - XRay far end of room by printe","","VIHATRP20221114-047","03/31/2031","NTT-Deskside Services-WestCoast-Staffed"
"PC077124","PC077124L","HSS-1034588","79SJRH3","VIHA-WRC-Westhaven-Main Building-1st Floor","Main Building","Reception","","REQ0561041-RITM0589094-SCTASK0947402","07/31/2030","NTT-Deskside Services-WestCoast-Staffed"
"PC033747","PC033747","HSS-8089625","5P2JTY3","VIHA-WCGH-West Coast General Hospital-Main Building-2nd Floor","Main Building","WC2467","2","VIHATRP20240909-076","11/30/2032","NTT-Deskside Services-WestCoast-Staffed"
"PC067183","PC067183","HSS-8086216","D9Z3TY3","VIHA-PAHC-Port Alberni Health Centre-Main Building-1st Floor","Main Building","Reception","1","VIHATRP20240429-002","07/31/2032","NTT-Deskside Services-WestCoast-Local"
"PC049230","PC049230","HSS-8078598","9FXRQT3","VIHA-WCGH-West Coast General Hospital-Main Building-2nd Floor","Main Building","WC2246 - Ultrasound tech Rm 1","2","VIHATRP20230918-064","11/30/2031","NTT-Deskside Services-WestCoast-Staffed"
"PC034836","PC034836","HSS-8078587","2CXRQT3","VIHA-WCGH-West Coast General Hospital-Main Building-2nd Floor","Main Building","WC2238 - Clinical Coordinator","2","VIHATRP20230918-056","11/30/2031","NTT-Deskside Services-WestCoast-Staffed"
"PC033276","78660N3","HSS-1036193","78660N3","VIHA-WCGH-West Coast General Hospital-Main Building-2nd Floor","Main Building","WC2345","2","REQ0638544-RITM0670756-SCTASK1061500","09/30/2030","NTT-Deskside Services-WestCoast-Staffed"
"TD001763","TD001763","HSS-8090388","2035TY3","VIHA-PARS-Port Alberni Redford Street-Main Building-1st Floor","Main Building","ACT Team Room","1","VIHATRP20241007-008","12/31/2032","NTT-Deskside Services-WestCoast-Local"
"PC038025","PC038025","PC038025","H01RVP3","VIHA-TGH-Tofino General Hospital-Main Building-1st Floor","Main Building","Nurses' Station","","VIHATRP20221114-012","02/28/2031","NTT-Deskside Services-WestCoast-Remote"
"PC032085","PC032085","HSS-8086323","6SK4VZ3","VIHA-WCGH-West Coast General Hospital-Main Building-2nd Floor","Main Building","WC2315 - Administration","2","VIHATRP20240429-083","07/31/2032","NTT-Deskside Services-WestCoast-Staffed"
"LD038206","LD038206","HSS-1972917","C1SKGC3","VIHA-PAHC-Port Alberni Health Centre-Main Building-1st Floor","Main Building","Room 6","1","DMND0003120","12/31/2029","NTT-Deskside Services-WestCoast-Local"
"","BGS5PW3","HSS-1940483","BGS5PW3","VIHA-UPR-Ucluelet Peninsula Road","Main","221","2","DMND0005329","11/30/2031","NTT-Deskside Services-WestCoast-Remote"
"LD056454","LD060359","HSS-1033044","B3CJRH3","VIHA-PAST-Port Alberni Youth Short Term Assessment and Response-Main Building-1st Floor","Main Building","1","1","REQ0501088-RITM0525674-SCTASK0835182","05/31/2030","NTT-Deskside Services-WestCoast-Local"
"PC050094","PC050094","HSS-8086290","JCF4VZ3","VIHA-WCGH-West Coast General Hospital-Main Building-2nd Floor","Main Building","WC2258 - Radiologist office","2","VIHATRP20240429-062","07/31/2032","NTT-Deskside Services-WestCoast-Staffed"
"LD065130","HSS-8058730","HSS-8058730","73SJRH3","VIHA-PARS-Port Alberni Redford Street-Main Building-1st Floor","Main Building","22","1","VIHATRP20220505-060","08/31/2030","NTT-Deskside Services-WestCoast-Local"
"LD058223","LD058223","HSS-8094458","9GSMG14","VIHA-PACDF-Port Alberni Community Dialysis Facility-Main Building-1st Floor","Main Building","Dialysis Unit Office","1","ISLHTRP20250714-077","08/31/2030","NTT-Deskside Services-WestCoast-Local"
"PC034389","PC034389","PC034389","501RVP3","VIHA-WCGH-West Coast General Hospital-Main Building-2nd Floor","Main Building","WC2222 - Trauma Room","","VIHATRP20221114-050","03/31/2031","NTT-Deskside Services-WestCoast-Staffed"
"PC077219","PC077219-M1","HSS-1984814","GY2KRH3","VIHA-WCGH-West Coast General Hospital-Main Building-2nd Floor","Main Building","WC2215 (Reports Room B)","2","DMND0003637","10/31/2030","NTT-Deskside Services-WestCoast-Staffed"
"PC033748","PC033748","HSS-8089613","GJFJTY3","VIHA-WCGH-West Coast General Hospital-Main Building-2nd Floor","Main Building","2467","2","VIHATRP20240909-063","11/30/2032","NTT-Deskside Services-WestCoast-Staffed"
"PC077221","PC077221","HSS-1984816","7YZJRH3","VIHA-WCGH-West Coast General Hospital-Main Building-2nd Floor","Main Building","WC2900 - Nurse's Station","2","DMND0003637","10/31/2030","NTT-Deskside Services-WestCoast-Staffed"
"PC031583","PC031583","HSS-8058726","665KRH3","VIHA-PAHC-Port Alberni Health Centre-Main Building-1st Floor","Main Building","2","","VIHATRP20220505-056","08/31/2030","NTT-Deskside Services-WestCoast-Local"
"PC067103","PC067103","HSS-8073779","66FQQT3","VIHA-PAHCCS-Port Alberni Home & Community Care Services-Main Building-1st Floor","Main Building","Reception","1","VIHATRP20230417-037","06/30/2031","NTT-Deskside Services-WestCoast-Local"
"LD031692","LD055655","HSS-8092521","55M2W14","VIHA-PAIHN-Port Alberni Integrated Health Network-Main Building-1st Floor","Main Building","Admin","1","VIHATRP20250310-049","04/30/2033","NTT-Deskside Services-WestCoast-Local"
"LD050414","LD050414","HSS-1972938","4PCKGC3","VIHA-PAHCCS-Port Alberni Home & Community Care Services-Main Building-1st Floor","Main Building","Flex Desk 2","1","DMND0003120","12/31/2029","NTT-Deskside Services-WestCoast-Local"
"LD031378","LD032386","HSS-8073795","1V4QQT3","VIHA-PAHCCS-Port Alberni Home & Community Care Services-Main Building-1st Floor","Main Building","17","1","VIHATRP20230417-046","06/30/2031","NTT-Deskside Services-WestCoast-Local"
"PC034081","PC034081","HSS-8024961","VTN17560","VIHA-PAHCCS-Port Alberni Home & Community Care Services-Main Building-1st Floor","Main Building","Scheduler's office #1","","VIHATRP20211025-012","01/31/2030","NTT-Deskside Services-WestCoast-Local"
"PC040023","PC040023","PC040023","97B60N3","VIHA-WCGH-West Coast General Hospital-Main Building-2nd Floor","Main Building","WC2517 -Dictation","","VIHATRP20221114-049","03/31/2031","NTT-Deskside Services-WestCoast-Staffed"
"LD065379","LD065379","HSS-8058696","9NXJRH3","VIHA-PAHCCS-Port Alberni Home & Community Care Services-Main Building-1st Floor","Main Building","2","1","VIHATRP20220505-039","08/31/2030","NTT-Deskside Services-WestCoast-Local"
"LD065196","LD065128","HSS-8095852","56NMG14","VIHA-PAHC-Port Alberni Health Centre-Main Building-1st Floor","Main Building","Main Room","1","ISLHTRP20250922-023","09/30/2030","NTT-Deskside Services-WestCoast-Local"
"LD066241","LD066241","HSS-8073757","8T8QQT3","VIHA-PARS-Port Alberni Redford Street-Main Building-1st Floor","Main Building","7","1","VIHATRP20230417-023","06/30/2031","NTT-Deskside Services-WestCoast-Local"
"PC071516","PC071516","HSS-1032534","8DHKKF3","VIHA-WRC-Westhaven-Main Building-1st Floor","Main Building","WH1028 - Social worker room","1","REQ0486331-RITM0510029-SCTASK0803204","04/30/2030","NTT-Deskside Services-WestCoast-Staffed"
"PC079973","LD024398TRP","HSS-1048407","26X4TY3","VIHA-WCGH-West Coast General Hospital-Main Building-2nd Floor","Main Building","2444","2","REQ1522627-RITM1606300-SCTASK2577674","12/31/2032","NTT-Deskside Services-WestCoast-Staffed"
"PC075773","PC075773","HSS-1940267","FV0LG14","VIHA-UPR-Ucluelet Peninsula Road-Community Health Centre-1st Floor","Main Building","105","1","DMND0005326","08/31/2030","NTT-Deskside Services-WestCoast-Remote"
"LD064615","PC052860","","7CKTVP3","VIHA-WCGH-West Coast General Hospital","Remote -WFH bundle","","","INC2355638","10/31/2030","NTT-Deskside Services-WestCoast-Staffed"
"LD034320","LD034320","HSS-8072200","800TVP3","VIHA-PAMHAS-Port Alberni Mental Health & Addiction Services-Main Building-1st Floor","Main Building","7","1","VIHATRP20230213-050","05/31/2031","NTT-Deskside Services-WestCoast-Local"
"LD060021","LD071026","HSS-1031984","250LGC3","VIHA-PAST-Port Alberni Youth Short Term Assessment and Response-Main Building-1st Floor","Main Building","Front Reception","1","REQ0448595-RITM0470222-SCTASK0750683","02/28/2030","NTT-Deskside Services-WestCoast-Local"
"PC032114","6GGJRH3","HSS-1984831","6GGJRH3","VIHA-WCGH-West Coast General Hospital-Main Building-2nd Floor","Main Building","WC2243 - Clinical Exam room","2","DMND0003637","10/31/2030","NTT-Deskside Services-WestCoast-Staffed"
"LD102652","LD102652","HSS-1047845","BM2KTY3","VIHA-WCGH-West Coast General Hospital-Main Building-2nd Floor","Main Building","2316","2","REQ1415180-RITM1492914-SCTASK2427792","11/30/2032","NTT-Deskside Services-WestCoast-Staffed"
"PC080199","PC080199-M1","HSS-1044091","1CK6PW3","VIHA-BAM-Bamfield Health Centre-Main Building-1st Floor","Main Building","well women's room","1","REQ1093454-RITM1150977-SCTASK1844956","12/31/2031","NTT-Deskside Services-WestCoast-Remote"
"LD030980","LD030980-M2","HSS-8095829","6R0LG14","VIHA-WCGH-West Coast General Hospital-Main Building-2nd Floor","Main Building","WC2602","2","ISLHTRP20250922-005","09/30/2030","NTT-Deskside Services-WestCoast-Staffed"
"PC077223","PC077223","HSS-1984819","5GGJRH3","VIHA-WCGH-West Coast General Hospital-Main Building-2nd Floor","","WC2514","2","DMND0003637","10/31/2030","NTT-Deskside Services-WestCoast-Staffed"
"","24MMVF3","HSS-1940482","24MMVF3","VIHA-UPR-Ucluelet Peninsula Road","Main","220","2","DMND0005329","01/31/2031","NTT-Deskside Services-WestCoast-Remote"
"PC049241","PC049241","HSS-8073775","CT8QQT3","VIHA-WCGH-West Coast General Hospital-Main Building-2nd Floor","Main Building","WC2455 - Regional Lab office","2","VIHATRP20230417-034","06/30/2031","NTT-Deskside Services-WestCoast-Staffed"
"PC033284","PC033284","PC033284","9XQLVF3","VIHA-WCGH-West Coast General Hospital-Main Building-2nd Floor","Main Building","WCMedSurg - Nursing Station  (TRP)","","VIHATRP20221114-063","02/28/2031","NTT-Deskside Services-WestCoast-Staffed"
"PC085075","PC085075-M1","HSS-1041051-M1","5SXMVF3","VIHA-WCGH-West Coast General Hospital-Main Building-2nd Floor","Main Building","WCER - expansion triage desk","","REQ0831222-RITM0873345-SCTASK1380180","01/31/2031","NTT-Deskside Services-WestCoast-Staffed"
"","LD080210","HSS-1038518","FD1NVF3","VIHA-PARS-Port Alberni Redford Street-Main Building-1st Floor","Main Building","6 (WFH not yet assigned)","1","REQ0721986-RITM0758702-SCTASK1195249","12/31/2030","NTT-Deskside Services-WestCoast-Local"
"LD066246","LD066246","HSS-1043032","7PJTVP3","VIHA-PAHCCS-Port Alberni Home & Community Care Services-Main Building-1st Floor","Main Building","Nurses office","1","REQ0986070-RITM1037345-SCTASK1658206","08/31/2031","NTT-Deskside Services-WestCoast-Local"
"LD036938","LD036938","HSS-8024969","GYCKGC3","VIHA-BAM-Bamfield Health Centre-Main Building-1st Floor","Main Building","Reception","1","VIHATRP20211025-018","03/31/2030","NTT-Deskside Services-WestCoast-Remote"
"","LD044750","HSS-1022673","DP25X53","VIHA-PAHC-Port Alberni Health Centre-Main Building-1st Floor","Main Building","","1","REQ0136095-RITM0141863-SCTASK0202996","03/31/2029","NTT-Deskside Services-WestCoast-Local"
"","LD056454","HSS-1028546","864JGC3","VIHA-PAST-Port Alberni Youth Short Term Assessment and Response-Main Building-1st Floor","Main Building","Director","1","REQ0241770-RITM0253216-SCTASK0475326","09/30/2029","NTT-Deskside Services-WestCoast-Local"
"LD031693","LD031693","HSS-1043156","H58PQT3","VIHA-WCGH-West Coast General Hospital-Main Building-2nd Floor","Main Building","WC2314 - Administration","2","REQ1009665-RITM1062170-SCTASK1694737","09/30/2031","NTT-Deskside Services-WestCoast-Staffed"
"LD080046","LD071727","HSS-1034085","4QNHGC3","VIHA-PARS-Port Alberni Redford Street-Main Building-1st Floor","Main Building","6 (WFH not yet assigned)","1","REQ0544464-RITM0571546-SCTASK0895960","06/30/2030","NTT-Deskside Services-WestCoast-Local"
"LD031249","LD031249","HSS-8058659","25CKRH3","VIHA-WCGH-West Coast General Hospital-Main Building-2nd Floor","Main Building","WC2345","2","VIHATRP20220505-014","08/31/2030","NTT-Deskside Services-WestCoast-Staffed"
"LD036403","LD036403","HSS-8078563","D257PW3","VIHA-PAMHAS-Port Alberni Mental Health & Addiction Services-Main Building-1st Floor","Main Building","WFH","1","VIHATRP20230918-037","11/30/2031","NTT-Deskside Services-WestCoast-Local"
"PC032084","PC032084","HSS-8086321","8PK4VZ3","VIHA-WCGH-West Coast General Hospital-Main Building-2nd Floor","Main Building","WC2431","2","VIHATRP20240429-081","07/31/2032","NTT-Deskside Services-WestCoast-Staffed"
"PC040905","PC040905","PC040905","GJ660N3","VIHA-WCGH-West Coast General Hospital-Main Building-2nd Floor","Main Building","WCMedSurg - Nursing Station - B Side Desk (TRP)","","VIHATRP20221114-062","02/28/2031","NTT-Deskside Services-WestCoast-Staffed"
"PC067146","PC067146","HSS-8086288","1MZ3VZ3","VIHA-WCGH-West Coast General Hospital-Main Building-2nd Floor","Main Building","WC2426","2","VIHATRP20240429-061","07/31/2032","NTT-Deskside Services-WestCoast-Staffed"
"LD023195","LD073165","HSS-8078573","D12SQT3","VIHA-PAIHN-Port Alberni Integrated Health Network-Main Building-1st Floor","Main Building","Admin","1","VIHATRP20230918-042","11/30/2031","NTT-Deskside Services-WestCoast-Local"
"PC077214","PC077214","HSS-1984808","62DKRH3","VIHA-WCGH-West Coast General Hospital-Main Building-2nd Floor","Main Building","WC2110 - OR Surgical Desk","","DMND0003637","10/31/2030","NTT-Deskside Services-WestCoast-Staffed"
"PC078739","PC078739","HSS-1044629","9297PW3","VIHA-WCGH-West Coast General Hospital-Main Building-2nd Floor","Main Building","WC2440","2","REQ1132920-RITM1192579-SCTASK1912971","01/31/2032","NTT-Deskside Services-WestCoast-Staffed"
"PC040024","PC040024","PC040024","6M170N3","VIHA-WCGH-West Coast General Hospital-Main Building-2nd Floor","Main Building","WC2905 - Nursery","","VIHATRP20221114-033","02/28/2031","NTT-Deskside Services-WestCoast-Staffed"
"LD080068","LD061357","HSS-1035772","FQ1MVF3","VIHA-PARS-Port Alberni Redford Street-Main Building-1st Floor","Main Building","Team Room","1","REQ0601926-RITM0632204-SCTASK1002435","09/30/2030","NTT-Deskside Services-WestCoast-Local"
"LD042882","LD023367","HSS-8095832","414LG14","VIHA-UFT-Ucluelet Family Ties-Main Building-1st Floor","Main Building","142","1","ISLHTRP20250922-008","09/30/2030","NTT-Deskside Services-WestCoast-Remote"
"LD038212","LD038212","HSS-8058705","HDPKRH3","VIHA-PAHCCS-Port Alberni Home & Community Care Services-Main Building-1st Floor","Main Building","22","1","VIHATRP20220505-044","08/31/2030","NTT-Deskside Services-WestCoast-Local"
"PC033762","PC033762","HSS-8086233","4TK4VZ3","VIHA-TGH-Tofino General Hospital-Main Building-1st Floor","Main Building","Room 2351 - Medical Records","2","VIHATRP20240429-014","07/31/2032","NTT-Deskside Services-WestCoast-Remote"
"LD085226","LD085226-M1","HSS-1041034-M1","BJM60N3","VIHA-WCGH-West Coast General Hospital-Main Building-2nd Floor","Main Building","WC2105","2","REQ0830358-RITM0872437-SCTASK1380147","01/31/2031","NTT-Deskside Services-WestCoast-Staffed"
"LD030975","LD030975","HSS-8095848","8M6MG14","VIHA-PAHC-Port Alberni Health Centre-Main Building-1st Floor","Main Building","21","1","ISLHTRP20250922-020","09/30/2030","NTT-Deskside Services-WestCoast-Local"
"LD090410","LD100753","HSS-1044063","4557PW3","VIHA-PAST-Port Alberni Youth Short Term Assessment and Response-Main Building-1st Floor","Main Building","Admin","1","REQ1078633-RITM1135142-SCTASK1823849","11/30/2031","NTT-Deskside Services-WestCoast-Local"
"PC066012","MJ025QXY","","2590115572","VIHA-WCGH-West Coast General Hospital-Main Building-2nd Floor","Main Building","WC2258","","","","NTT-Deskside Services-WestCoast-Staffed"
"PC038029","PC038029","HSS-8086239","33Z3TY3","VIHA-TGH-Tofino General Hospital-Main Building-1st Floor","Main Building","Nurses' Station","1","VIHATRP20240429-020","07/31/2032","NTT-Deskside Services-WestCoast-Remote"
"PC085075","PC032116","PC032116","5V160N3","VIHA-WCGH-West Coast General Hospital-Main Building-2nd Floor","Main Building","WCER - expansion triage desk","","VIHATRP20221114-065","02/28/2031","NTT-Deskside Services-WestCoast-Staffed"
"PC033772","PC033772","HSS-8086248","3805VZ3","VIHA-TGH-Tofino General Hospital-Main Building-1st Floor","Main Building","Physician's Lounge","1","VIHATRP20240429-028","07/31/2032","NTT-Deskside Services-WestCoast-Remote"
"LD065146","FT160N3","HSS-1035972","FT160N3","VIHA-WCGH-West Coast General Hospital-Main Building-2nd Floor","Main Building","WC2518","2","REQ0617150-RITM0648192-SCTASK1017626","09/30/2030","NTT-Deskside Services-WestCoast-Staffed"
"LD039281","LD039281","HSS-1046333","8NT3TY3","VIHA-PAMHAS-Port Alberni Mental Health & Addiction Services-Main Building-1st Floor","Main Building","11","1","REQ1273660-RITM1342916-SCTASK2163277","06/30/2032","NTT-Deskside Services-WestCoast-Local"
"LD059797","LD059797","HSS-1031601","4K1LGC3","VIHA-PAHC-Port Alberni Health Centre-Main Building-1st Floor","Main Building","'-","1","REQ0427671-RITM0448354-SCTASK0700503","02/28/2030","NTT-Deskside Services-WestCoast-Local"
"LD055186","LD055186","HSS-8092522","353NG14","VIHA-PARS-Port Alberni Redford Street-Main Building-1st Floor","Main Building","12","1","VIHATRP20250310-051","06/30/2033","NTT-Deskside Services-WestCoast-Local"
"PC052209","PC052209","HSS-8089605","GXCJTY3","VIHA-WCGH-West Coast General Hospital-Main Building-2nd Floor","Main Building","WC2258","2","VIHATRP20240909-059","11/30/2032","NTT-Deskside Services-WestCoast-Staffed"
"LD065736","LD065793","LD065793","GMG60N3","VIHA-WCMHAS-West Coast Mental Health & Addiction Services-Main Building-1st Floor","Main Building","Reception","1","VIHATRP20221114-003","02/28/2031","NTT-Deskside Services-WestCoast-Remote"
"LD044172","LD044172","HSS-8089596","597JTY3","VIHA-PAHC-Port Alberni Health Centre-Main Building-1st Floor","Main Building","1","1","VIHATRP20240909-052","11/30/2032","NTT-Deskside Services-WestCoast-Local"
"","LD060905","HSS-1034771","82WKGC3","VIHA-PAHCCS-Port Alberni Home & Community Care Services","Main Building","15","1","REQ0563681-RITM0591949-SCTASK0953585","07/31/2030","NTT-Deskside Services-WestCoast-Local"
"PC060834","LD056215","HSS-8096262","G9BLG14","VIHA-PAMHAS-Port Alberni Mental Health & Addiction Services-Main Building-1st Floor","Main Building","Psychiatry","1","ISLHTRP100625","09/30/2030","NTT-Deskside Services-WestCoast-Local"
"PC031582","PC031582","HSS-8089600","G87JTY3","VIHA-PARS-Port Alberni Redford Street-Main Building-1st Floor","Main Building","Clinic 3","1","VIHATRP20240909-056","11/30/2032","NTT-Deskside Services-WestCoast-Local"
"LD036398","LD036398","HSS-8072181","23JSVP3","VIHA-PARS-Port Alberni Redford Street-Main Building-1st Floor","Main Building","201","1","VIHATRP20230213-052","05/31/2031","NTT-Deskside Services-WestCoast-Local"
"LD036390","LD036390","HSS-8023493","GKJJGC3","VIHA-WCGH-West Coast General Hospital-Main Building-2nd Floor","Main","2305","1","VIHATRP20210809-039","10/31/2029","NTT-Deskside Services-WestCoast-Staffed"
"LD032386","LD032386-M2","HSS-8024957","JXCKGC3","VIHA-PAHCCS-Port Alberni Home & Community Care Services-Main Building-1st Floor","Main Building","17","1","VIHATRP20211025-010","01/31/2030","NTT-Deskside Services-WestCoast-Local"
"PC080240","PC080240","HSS-1047471","HN16VZ3","VIHA-WCGH-West Coast General Hospital-Main Building-2nd Floor","Main Building","2504","2","REQ1370626-RITM1445723-SCTASK2382382","09/30/2032","NTT-Deskside Services-WestCoast-Staffed"
"LD066248","LD066248-M1","HSS-8073796","BJZPQT3","VIHA-PAHCCS-Port Alberni Home & Community Care Services-Main Building-1st Floor","Main Building","8","1","VIHATRP20230417-049","06/30/2031","NTT-Deskside Services-WestCoast-Local"
"","LD031325","HSS-8017480-M2","VTK21666","VIHA-WCGH-West Coast General Hospital-Main Building-1st Floor","Main Building","1486 Crawlspace","2","","08/31/2022","NTT-Deskside Services-WestCoast-Staffed"
"LD022125","LD022125","HSS-8078601","60SRQT3","VIHA-WCGH-West Coast General Hospital-Main Building-2nd Floor","Main Building","WC2319 - Med Staff Cred and Privacy","2","VIHATRP20230918-070","11/30/2031","NTT-Deskside Services-WestCoast-Staffed"
"LD059797","LD059797","HSS-1031600","8K1LGC3","VIHA-PAHC-Port Alberni Health Centre-Main Building-1st Floor","Main Building","'-","1","REQ0427671-RITM0448354-SCTASK0700503","02/28/2030","NTT-Deskside Services-WestCoast-Local"
"LD048470","LD048470","HSS-8094117","5TZ4W14","VIHA-PARS-Port Alberni Redford Street-Main Building-1st Floor","Main Building","WFH","1st Floor","ISLHTRP20250512-041","08/31/2030","NTT-Deskside Services-WestCoast-Local"
"PC032115","PC032114","HSS-8086286","5MZ3VZ3","VIHA-WCGH-West Coast General Hospital-Main Building-2nd Floor","Main Building","WC2241","2","VIHATRP20240429-060","07/31/2032","NTT-Deskside Services-WestCoast-Staffed"
"LD036403","LD036403","HSS-8078564","DY66PW3","VIHA-PAMHAS-Port Alberni Mental Health & Addiction Services-Main Building-1st Floor","Main Building","WFH","1","VIHATRP20230918-037","11/30/2031","NTT-Deskside Services-WestCoast-Local"
"LD090410","LD100753","HSS-1044062","H076PW3","VIHA-PAST-Port Alberni Youth Short Term Assessment and Response-Main Building-1st Floor","Main Building","Admin","1","REQ1078633-RITM1135142-SCTASK1823849","11/30/2031","NTT-Deskside Services-WestCoast-Local"
"PC090218","PC090218","HSS-1046076","DTT5VZ3","VIHA-WCGH-West Coast General Hospital-Main Building-2nd Floor","Main Building","2431","2","REQ1220857-RITM1286083-SCTASK2161541","05/31/2032","NTT-Deskside Services-WestCoast-Staffed"
"PC042650","PC042650","HSS-8086277","6MZ3VZ3","VIHA-WCGH-West Coast General Hospital-Main Building-1st Floor","Main Building","2140","2","VIHATRP20240429-051","07/31/2032","NTT-Deskside Services-WestCoast-Staffed"
"PC034664","PC034664","PC034664","6V160N3","VIHA-WCGH-West Coast General Hospital-Main Building-2nd Floor","Main Building","WCICU - 2166","","VIHATRP20221114-044","03/31/2031","NTT-Deskside Services-WestCoast-Staffed"
"LD066511","LD066511","HSS-8086220","3KZ3TY3","VIHA-PARS-Port Alberni Redford Street-Main Building-1st Floor","Main Building","Main Room","1","VIHATRP20240429-005","07/31/2032","NTT-Deskside Services-WestCoast-Local"
"PC077227","PC077227","HSS-1984828","G4CKRH3","VIHA-WCGH-West Coast General Hospital-Main Building-2nd Floor","Main Building","WC2911","","DMND0003637","10/31/2030","NTT-Deskside Services-WestCoast-Staffed"
"LD035002","LD035002","HSS-8072136","6NYSVP3","VIHA-PAHCCS-Port Alberni Home & Community Care Services-Main Building-1st Floor","Main Building","Rm 1","1","VIHATRP20230213-016","05/31/2031","NTT-Deskside Services-WestCoast-Local"
"PC033741","PC033741","PC033741","H5B60N3","VIHA-WCGH-West Coast General Hospital-Main Building-2nd Floor","Main Building","WC2161","","VIHATRP20221114-039","02/28/2031","NTT-Deskside Services-WestCoast-Staffed"
"PC040907","PC040907-M1","HSS-1036115","C8660N3","VIHA-WCGH-West Coast General Hospital-Main Building-2nd Floor","Main Building","2287","2","REQ0616842-RITM0647877-SCTASK1053128","09/30/2030","NTT-Deskside Services-WestCoast-Staffed"
"LD068846","LD061357","HSS-1035773","GS1MVF3","VIHA-PAMHAS-Port Alberni Mental Health & Addiction Services-Main Building-1st Floor","Main Building","11","1","REQ0601926-RITM0632204-SCTASK1002435","09/30/2030","NTT-Deskside Services-WestCoast-Local"
"PC032005","PC032005","HSS-8072128","7D7RVP3","VIHA-PAHC-Port Alberni Health Centre-Main Building-1st Floor","Main Building","Reception Office","","VIHATRP20230213-008","05/31/2031","NTT-Deskside Services-WestCoast-Local"
"PC077222","PC077222LEG","HSS-1984818","20HKRH3","VIHA-WCGH-West Coast General Hospital-Main Building-2nd Floor","","CT Scan Trailer outside WCGH","2","DMND0003637","10/31/2030","NTT-Deskside Services-WestCoast-Staffed"
"","LD090677","HSS-1046321","1QP3TY3","VIHA-PAMHAS-Port Alberni Mental Health & Addiction Services","4780 Roger Street","Room 13","main","REQ1273657-RITM1342913-SCTASK2163471","06/30/2032","NTT-Deskside Services-WestCoast-Local"
"","97Y5TY3","HSS-1046326","97Y5TY3","VIHA-TGH-Tofino General Hospital","Main Building","","1","REQ1294112-RITM1364697-SCTASK2192688","06/30/2032","NTT-Deskside Services-WestCoast-Remote"
"PC049267","PC049267","HSS-8078590","8DHRQT3","VIHA-WCGH-West Coast General Hospital-Main Building-1st Floor","Main Building","WC1541","1","VIHATRP20230918-058","11/30/2031","NTT-Deskside Services-WestCoast-Staffed"
"PC039992","PC039992","HSS-8086300","CCF4VZ3","VIHA-WCGH-West Coast General Hospital-Main Building-2nd Floor","Main Building","WC2304 - Administration - OR Booking","2","VIHATRP20240429-067","07/31/2032","NTT-Deskside Services-WestCoast-Staffed"
"LD038215","LD038215","HSS-8072120","4J4TVP3","VIHA-PAHC-Port Alberni Health Centre-Main Building-1st Floor","Main Building","PAHC - HCN-TWH - Rapid Response","1","VIHATRP20230213-001","05/31/2031","NTT-Deskside Services-WestCoast-Local"
"PC033744","PC033744","PC033744","601RVP3","VIHA-WCGH-West Coast General Hospital-Main Building-2nd Floor","Main Building","WC2354 - Medical Records","","VIHATRP20221114-051","03/31/2031","NTT-Deskside Services-WestCoast-Staffed"
"LD061357","LD061357","HSS-1110602","7JGNG14","VIHA-PARS-Port Alberni Redford Street-Main Building-1st Floor","Main Building","8","1","REQ1685166-RITM1778493-SCTASK2860743","06/30/2033","NTT-Deskside Services-WestCoast-Local"
"LD065993","LD065993","HSS-8080044","3ZG7PW3","VIHA-TGH-Tofino General Hospital-Main Building-Basement 1","Main Building","Laboratory reception","1","VIHATRP20231023-113","12/31/2031","NTT-Deskside Services-WestCoast-Remote"
"PC033180","PC033180","HSS-8078594","9DHRQT3","VIHA-WCGH-West Coast General Hospital-Main Building-1st Floor","Main Building","WC1501","1","VIHATRP20230918-061","11/30/2031","NTT-Deskside Services-WestCoast-Staffed"
"LD066245","LD066245","HSS-8073801","3KZPQT3","VIHA-PAHCCS-Port Alberni Home & Community Care Services-Main Building-1st Floor","Main Building","Social Work","1","VIHATRP20230417-051","06/30/2031","NTT-Deskside Services-WestCoast-Local"
"","47KHTY3","HSS-1047603","47KHTY3","VIHA-PAMHAS-Port Alberni Mental Health & Addiction Services","4780 Roger Street","","","REQ1413707-RITM1491320-SCTASK2409600","10/31/2032","NTT-Deskside Services-WestCoast-Local"
"LD066239","LD065897","HSS-8074115","9LZPQT3","VIHA-PAMHAS-Port Alberni Mental Health & Addiction Services-Main Building-1st Floor","Main Building","Allison?s desk (Admin)","1","VIHATRP20230501-021","08/31/2031","NTT-Deskside Services-WestCoast-Local"
"PC037565","LD065608","HSS-8072160","C39TVP3","VIHA-PAMHAS-Port Alberni Mental Health & Addiction Services-Main Building-1st Floor","Main Building","214","1","VIHATRP20230213-017","05/31/2031","NTT-Deskside Services-WestCoast-Local"
"PC032706","PC032706","HSS-8086305","JNV4VZ3","VIHA-WCGH-West Coast General Hospital-Main Building-2nd Floor","Main Building","WC2412","2","VIHATRP20240429-070","07/31/2032","NTT-Deskside Services-WestCoast-Staffed"
"PC032113","PC032113","HSS-8086273","BMZ3VZ3","VIHA-WCGH-West Coast General Hospital-Main Building-1st Floor","Main Building","WC2140 - PAR Recovery","2","VIHATRP20240429-048","07/31/2032","NTT-Deskside Services-WestCoast-Staffed"
"LD038207","LD038207-M2","HSS-8073783","7JZPQT3","VIHA-PAHC-Port Alberni Health Centre-Main Building-1st Floor","Main Building","6","1","VIHATRP20230417-039","06/30/2031","NTT-Deskside Services-WestCoast-Local"
"LD036936","LD036936","HSS-8086265","89J3VZ3","VIHA-WCGH-West Coast General Hospital-Main Building-1st Floor","Main Building","1471A","1","VIHATRP20240429-043","07/31/2032","NTT-Deskside Services-WestCoast-Staffed"
"PC034663LEG","PC034663","HSS-8089612","8SSHTY3","VIHA-WCGH-West Coast General Hospital-Main Building-2nd Floor","Main Building","WC2447","","VIHATRP20240909-062","11/30/2032","NTT-Deskside Services-WestCoast-Staffed"
"PC051565","PC051565","PC051565","C3M60N3","VIHA-WCGH-West Coast General Hospital-Main Building-2nd Floor","Main Building","WCMedical Imaging - Reception","","VIHATRP20221114-032","02/28/2031","NTT-Deskside Services-WestCoast-Staffed"
"LD066249","LD066253","HSS-8073787","BN8QQT3","VIHA-PAHCCS-Port Alberni Home & Community Care Services-Main Building-1st Floor","Main Building","5","1","VIHATRP20230417-042","06/30/2031","NTT-Deskside Services-WestCoast-Local"
"LD037331","LD037331","HSS-8086222","3FK3TY3","VIHA-PARS-Port Alberni Redford Street-Main Building-1st Floor","Main Building","WFH","1","VIHATRP20240429-006","07/31/2032","NTT-Deskside Services-WestCoast-Local"
"LD105953","TD020367","HSS-8086259","6PK4VZ3","VIHA-UPR-Ucluelet Peninsula Road-Community Health Centre-2nd Floor","Main Building","225","2","VIHATRP20240429-036","07/31/2032","NTT-Deskside Services-WestCoast-Remote"
"LD066249","LD066253","HSS-8073788","DT4QQT3","VIHA-PAHCCS-Port Alberni Home & Community Care Services-Main Building-1st Floor","Main Building","5","1","VIHATRP20230417-042","06/30/2031","NTT-Deskside Services-WestCoast-Local"
"LD065681","LD065681-M2","HSS-1044151","4LG6PW3","VIHA-PAHC-Port Alberni Health Centre-Main Building-1st Floor","Main Building","Natasha Dumont's Office","1","REQ1102988-RITM1160869-SCTASK1860636","12/31/2031","NTT-Deskside Services-WestCoast-Local"
"PC033763","PC033763","HSS-8086237","48Z5VZ3","VIHA-TGH-Tofino General Hospital-Main Building-1st Floor","Main Building","lab","1","VIHATRP20240429-018","07/31/2032","NTT-Deskside Services-WestCoast-Remote"
"LD058317","4WJ5VZ3","HSS-1045460","4WJ5VZ3","VIHA-PARS-Port Alberni Redford Street-Main Building-1st Floor","Main Building","23","1","REQ1783756-RITM1882699-SCTASK3080917","04/30/2032","NTT-Deskside Services-WestCoast-Local"
"LD059222","LD061677","HSS-1036010","88060N3","VIHA-PARS-Port Alberni Redford Street-Main Building-1st Floor","Main Building","11","1","REQ0631486-RITM0663318-SCTASK1048262","09/30/2030","NTT-Deskside Services-WestCoast-Local"
"LD081357","LD081357","HSS-1110217","HKGNG14","VIHA-PAST-Port Alberni Youth Short Term Assessment and Response-Main Building-1st Floor","Main Building","Admin Area","1","REQ1638920-RITM1729620-SCTASK2777947","06/30/2033","NTT-Deskside Services-WestCoast-Local"
"PC033764","PC033764","HSS-8086251","DTV4VZ3","VIHA-TGH-Tofino General Hospital-Main Building-1st Floor","Main Building","lab","1","VIHATRP20240429-031","07/31/2032","NTT-Deskside Services-WestCoast-Remote"
"PC107245","PC033773-M2","PC033773","87B60N3","VIHA-TGH-Tofino General Hospital-Main Building-1st Floor","Main Building","1","1","VIHATRP20221114-020","02/28/2031","NTT-Deskside Services-WestCoast-Remote"
"LD031723","9ZLKRH3","HSS-1984837","9ZLKRH3","VIHA-WCGH-West Coast General Hospital-Main Building-2nd Floor","Main Building","WC2122 OR","2","DMND0003637","10/31/2030","NTT-Deskside Services-WestCoast-Staffed"
"LD081357","LD081357","HSS-1044047","9V66PW3","VIHA-PAST-Port Alberni Youth Short Term Assessment and Response-Main Building-1st Floor","Main Building","Admin Area","1","REQ1078626-RITM1135135-SCTASK1823991","11/30/2031","NTT-Deskside Services-WestCoast-Local"
"TD020314","TD020314-M1","HSS-8068816","B7M60N3","VIHA-PAHCCS-Port Alberni Home & Community Care Services-Main Building-1st Floor","Main Building","11","1","VIHATRP20221114-023","03/31/2031","NTT-Deskside Services-WestCoast-Local"
"LD036396","LD036396","HSS-8089594","9S2JTY3","VIHA-PAMHAS-Port Alberni Mental Health & Addiction Services-Main Building-1st Floor","Main Building","3","1","VIHATRP20240909","11/30/2032","NTT-Deskside Services-WestCoast-Local"
"PC034836","PC034836","HSS-8078586","CDHRQT3","VIHA-WCGH-West Coast General Hospital-Main Building-2nd Floor","Main Building","WC2238 - Clinical Coordinator","2","VIHATRP20230918-056","11/30/2031","NTT-Deskside Services-WestCoast-Staffed"
"LD044172","LD044172","HSS-8089597","BS2JTY3","VIHA-PAHC-Port Alberni Health Centre-Main Building-1st Floor","Main Building","1","1","VIHATRP20240909-052","11/30/2032","NTT-Deskside Services-WestCoast-Local"
"PC066012","MJ025QXY","","2590115579","VIHA-WCGH-West Coast General Hospital-Main Building-2nd Floor","Main Building","WC2258","","","","NTT-Deskside Services-WestCoast-Staffed"
"PC034900","PC034900","HSS-8086279","8MZ3VZ3","VIHA-WCGH-West Coast General Hospital-Main Building-2nd Floor","Main Building","2110","2","VIHATRP20240429-053","07/31/2032","NTT-Deskside Services-WestCoast-Staffed"
"LD066518","LD066242","HSS-8073746","FFQTVP3","VIHA-PARS-Port Alberni Redford Street-Main Building-1st Floor","Main Building","10","1","VIHATRP20230417-017","06/30/2031","NTT-Deskside Services-WestCoast-Local"
"LD042882","LD023367","HSS-8095833","614LG14","VIHA-UFT-Ucluelet Family Ties-Main Building-1st Floor","Main Building","142","1","ISLHTRP20250922-008","09/30/2030","NTT-Deskside Services-WestCoast-Remote"
"LD050421","LD050421-M2","HSS-1972933","8HTKGC3","VIHA-PAHCCS-Port Alberni Home & Community Care Services-Main Building-1st Floor","Main Building","6","1","DMND0003120","12/31/2029","NTT-Deskside Services-WestCoast-Local"
"PC032080","PC032080","HSS-8058687","7PXJRH3","VIHA-WCGH-West Coast General Hospital-Main Building-2nd Floor","Main Building","WC2462","","VIHATRP20220505-032","08/31/2030","NTT-Deskside Services-WestCoast-Staffed"
"PC035988","PC035988","HSS-8073739","CW8QQT3","VIHA-WCGH-West Coast General Hospital-Main Building-2nd Floor","Main Building","WC2343 - Foundation Office","2","VIHATRP20230417-004","06/30/2031","NTT-Deskside Services-WestCoast-Staffed"
"PC031599","LD065158","HSS-8023487","1C0HGC3","VIHA-WCGH-West Coast General Hospital-Main Building-2nd Floor","Main Building","WC2318- Administration","2","VIHATRP20210809-034","10/31/2029","NTT-Deskside Services-WestCoast-Staffed"
"PC031607","PC031607","HSS-8078576","7N2RQT3","VIHA-WCGH-West Coast General Hospital-Main Building-2nd Floor","Main Building","WC2330 - Computer lab","2","VIHATRP20230918-048","11/30/2031","NTT-Deskside Services-WestCoast-Staffed"
"PC075786","PC074081","HSS-1903211","8274TY3","VIHA-UPR-Ucluelet Peninsula Road-Community Health Centre-1st Floor","Main Building","105","1","DMND0005135","12/31/2032","NTT-Deskside Services-WestCoast-Remote"
"","4FTPQT3","HSS-1940481","4FTPQT3","VIHA-UPR-Ucluelet Peninsula Road","Main","220","2","DMND0005329","10/31/2031","NTT-Deskside Services-WestCoast-Remote"
"PC034087","PC034087","HSS-8086281","1DF4VZ3","VIHA-WCGH-West Coast General Hospital-Main Building-2nd Floor","Main Building","2313","2","VIHATRP20240429-054","07/31/2032","NTT-Deskside Services-WestCoast-Staffed"
"LD071712","LD071712","HSS-1033963","DK3HRH3","VIHA-PARS-Port Alberni Redford Street-Main Building-1st Floor","Main Building","'-","1","REQ0544471-RITM0571553-SCTASK0892534","06/30/2030","NTT-Deskside Services-WestCoast-Local"
"LD066070","LD066070","HSS-8073761","F5FQQT3","VIHA-PARS-Port Alberni Redford Street-Main Building-1st Floor","Main Building","9","1","VIHATRP20230417-025","06/30/2031","NTT-Deskside Services-WestCoast-Local"
"PC032063","PC032063","HSS-8024949","VTN17486","VIHA-PAMHAS-Port Alberni Mental Health & Addiction Services-Main Building-1st Floor","Main Building","Reception","","VIHATRP20211025-006","01/31/2030","NTT-Deskside Services-WestCoast-Local"
"","LD024963","HSS-8023457","8B8HGC3","VIHA-WCGH-West Coast General Hospital-Main Building-1st Floor","Main Building","Foundation office","1","VIHATRP20210809-013","11/30/2029","NTT-Deskside Services-WestCoast-Staffed"
"LD065793","LD065736","LD065736","HMG60N3","VIHA-WCMHAS-West Coast Mental Health & Addiction Services-Main Building-1st Floor","Main Building","Office","1","VIHATRP20221114-002","02/28/2031","NTT-Deskside Services-WestCoast-Remote"
"LD028551","LD028551","HSS-8072138","G13TVP3","VIHA-PAHCCS-Port Alberni Home & Community Care Services-Main Building-1st Floor","Main Building","Reception Area","1","VIHATRP20230213-019","05/31/2031","NTT-Deskside Services-WestCoast-Local"
"","LD027222","HSS-1956454-M1","VTH61103","VIHA-WRC-Westhaven-Main Building-1st Floor","Main Building","WFH?","1","","02/28/2022","NTT-Deskside Services-WestCoast-Staffed"
"PC032074","PC032074","HSS-8086268","B7N3VZ3","VIHA-WCGH-West Coast General Hospital-Main Building-1st Floor","Main Building","WC1471C","1","VIHATRP20240429-044","07/31/2032","NTT-Deskside Services-WestCoast-Staffed"
"PC032069","PC031603-M1","HSS-8078581","9C8SQT3","VIHA-WCGH-West Coast General Hospital-Main Building-2nd Floor","Main Building","WC2330 - Computer lab","2","VIHATRP20230918-051","11/30/2031","NTT-Deskside Services-WestCoast-Staffed"
"PC033746","PC033746","HSS-8086303","1PV4VZ3","VIHA-WCGH-West Coast General Hospital-Main Building-2nd Floor","Main Building","WCLab","2","VIHATRP20240429-069","07/31/2032","NTT-Deskside Services-WestCoast-Staffed"
"PC079972","PC079972","HSS-8068615","FR170N3","VIHA-WCGH-West Coast General Hospital-Main Building-2nd Floor","Main Building","2444","2","REQ1605081-RITM1693571-SCTASK2721057","02/28/2031","NTT-Deskside Services-WestCoast-Staffed"
"LD071026","LD060360","HSS-1033054","2X8JRH3","VIHA-PAST-Port Alberni Youth Short Term Assessment and Response-Main Building-1st Floor","Main Building","Outreach 1","1","REQ0501085-RITM0525671-SCTASK0835183","05/31/2030","NTT-Deskside Services-WestCoast-Local"
"LD055186","LD055186","HSS-8092523","GPNMG14","VIHA-PARS-Port Alberni Redford Street-Main Building-1st Floor","Main Building","12","1","VIHATRP20250310-051","06/30/2033","NTT-Deskside Services-WestCoast-Local"
"PC049263","PC049263","HSS-8073743","3GZPQT3","VIHA-WCGH-West Coast General Hospital-Main Building-2nd Floor","Main Building","WC2491 Pharmacy","2","VIHATRP20230417-008","06/30/2031","NTT-Deskside Services-WestCoast-Staffed"
"PC050930","PC067011","PC067011","34B60N3","VIHA-WCGH-West Coast General Hospital-Main Building-2nd Floor","Main Building","WCMedical Imaging - XRay","","VIHATRP20221114-056","03/31/2031","NTT-Deskside Services-WestCoast-Staffed"
"LD055962","LD055962","HSS-8094564","752MG14","VIHA-PARS-Port Alberni Redford Street-Main Building-1st Floor","Main Building","9","1","ISLHTRP20250616-067","08/31/2030","NTT-Deskside Services-WestCoast-Local"
"PC067012","PC067012","PC067012","JXJ60N3","VIHA-WCGH-West Coast General Hospital-Main Building-2nd Floor","Main Building","WC2248 - Ultrasound Room 2","","VIHATRP20221114-061","02/28/2031","NTT-Deskside Services-WestCoast-Staffed"
"LD105953","LD105953","HSS-1940513","DCHPQT3","VIHA-UPR-Ucluelet Peninsula Road-Community Health Centre-2nd Floor","Main Building","225","2","DMND0005390","10/31/2032","NTT-Deskside Services-WestCoast-Remote"
"LD028772","LD028772","HSS-8072162","JHDRVP3","VIHA-PAMHAS-Port Alberni Mental Health & Addiction Services-Main Building-1st Floor","Main Building","5","1","VIHATRP20230213-020","05/31/2031","NTT-Deskside Services-WestCoast-Local"
"PC031599","LD024308","HSS-8023468","3C0HGC3","VIHA-WCGH-West Coast General Hospital-Main Building-2nd Floor","Main Building","WC2318- Administration","2","VIHATRP20210809-019","11/30/2029","NTT-Deskside Services-WestCoast-Staffed"
"LD057434","LD057434","HSS-1110469","HRNMG14","VIHA-PAIHN-Port Alberni Integrated Health Network-Main Building-1st Floor","Main Building","Clinic Room 2","1","REQ1671883-RITM1764501-SCTASK2834689","06/30/2033","NTT-Deskside Services-WestCoast-Local"
"PC032101","PC032107","HSS-8058648","5ZJKRH3","VIHA-WCGH-West Coast General Hospital-Main Building-2nd Floor","Main Building","WC2514 (Reports Room A)","","VIHATRP20220505-004","08/31/2030","NTT-Deskside Services-WestCoast-Staffed"
"PC107257","LD065831","HSS-8073745","DR4QQT3","VIHA-WCGH-West Coast General Hospital-Main Building-2nd Floor","Main Building","2319","2","VIHATRP20230417-009","06/30/2031","NTT-Deskside Services-WestCoast-Staffed"
"LD039280","LD066016","HSS-8078556","CZP6PW3","VIHA-PAHCCS-Port Alberni Home & Community Care Services-Main Building-1st Floor","Main Building","Ty Watson House site","1","VIHATRP20230918-032","11/30/2031","NTT-Deskside Services-WestCoast-Local"
"LD066188","LD066188","HSS-1047296","7805VZ3","VIHA-PARS-Port Alberni Redford Street-Main Building-1st Floor","Main Building","Team Room","1","INC3266344","06/30/2031","NTT-Deskside Services-WestCoast-Local"
"LD028571","LD028571-M1","HSS-8072141","BHDRVP3","VIHA-PAHCCS-Port Alberni Home & Community Care Services-Main Building-1st Floor","Main Building","Room 21","1","VIHATRP20230213-022","05/31/2031","NTT-Deskside Services-WestCoast-Local"
"PC032107","PC032107-M1","HSS-8058649","CJPKRH3","VIHA-WCGH-West Coast General Hospital-Main Building-2nd Floor","Main Building","WC2515 (Reports Room B)","2","VIHATRP20220505-004","08/31/2030","NTT-Deskside Services-WestCoast-Staffed"
"PC066012","MJ025QXY","","CNK4440PRC","VIHA-WCGH-West Coast General Hospital-Main Building-2nd Floor","Main Building","WC2258","","","","NTT-Deskside Services-WestCoast-Staffed"
"LD063392","LD063392","HSS-1042722","30JTVP3","VIHA-PAMHAS-Port Alberni Mental Health & Addiction Services-Main Building-1st Floor","Main Building","WFH","1","REQ0951495-RITM1000686-SCTASK1588295","08/31/2031","NTT-Deskside Services-WestCoast-Local"
"","LD060905","HSS-1034770","7K0LGC3","VIHA-PAHCCS-Port Alberni Home & Community Care Services","Main Building","15","1","REQ0563681-RITM0591949-SCTASK0953585","07/31/2030","NTT-Deskside Services-WestCoast-Local"
"PC032075","PC032075","HSS-8089617","2VCJTY3","VIHA-WCGH-West Coast General Hospital-Main Building-2nd Floor","Main Building","WC2450","2","VIHATRP20240909-067","11/30/2032","NTT-Deskside Services-WestCoast-Staffed"
"PC077229","5HKSVP3","HSS-1988384","5HKSVP3","VIHA-WCGH-West Coast General Hospital-Main Building-1st Floor","Main Building","","1","DMND0004201","05/31/2031","NTT-Deskside Services-WestCoast-Staffed"
"PC033751","PC033751","HSS-8086284","JLZ3VZ3","VIHA-WCGH-West Coast General Hospital-Main Building-2nd Floor","Main Building","WC2462 - Core Lab","2","VIHATRP20240429-059","07/31/2032","NTT-Deskside Services-WestCoast-Staffed"
"LD066241","LD066241","HSS-8073758","JN8QQT3","VIHA-PARS-Port Alberni Redford Street-Main Building-1st Floor","Main Building","7","1","VIHATRP20230417-023","06/30/2031","NTT-Deskside Services-WestCoast-Local"
"LD071982","LD059222","HSS-1030460","CDJKGC3","VIHA-PAHC-Port Alberni Health Centre-Main Building-1st Floor","Main Building","'-","1","REQ0361807-RITM0378911-SCTASK0586332","11/30/2029","NTT-Deskside Services-WestCoast-Local"
"PC040024","52CKRH3","HSS-1984834","52CKRH3","VIHA-WCGH-West Coast General Hospital-Main Building-2nd Floor","Main Building","WC2905 - Nursery","","DMND0003637","10/31/2030","NTT-Deskside Services-WestCoast-Staffed"
"PC031604","PC031604","HSS-8086315","7PK4VZ3","VIHA-WCGH-West Coast General Hospital-Main Building-2nd Floor","Main Building","WC2161","2","VIHATRP20240429-076","07/31/2032","NTT-Deskside Services-WestCoast-Staffed"
"PC100057","PC100057","HSS-1041057-M1","48SMVF3","VIHA-WCGH-West Coast General Hospital-Main Building-2nd Floor","Main Building","WCER - Expansion","","REQ0831222-RITM0873341-SCTASK1379803","01/31/2031","NTT-Deskside Services-WestCoast-Staffed"
"PC075784","PC075784","HSS-1940283","CV0LG14","VIHA-UPR-Ucluelet Peninsula Road-Community Health Centre-1st Floor","Main Building","105","1","DMND0005326","08/31/2030","NTT-Deskside Services-WestCoast-Remote"
"LD055187","LD055187","HSS-8092526","4BKKG14","VIHA-PARS-Port Alberni Redford Street-Main Building-1st Floor","Main Building","1","1","VIHATRP20250310-053","06/30/2033","NTT-Deskside Services-WestCoast-Local"
"PC033745","PC033745","HSS-8089616","BYCJTY3","VIHA-WCGH-West Coast General Hospital-Main Building-2nd Floor","Main Building","WC2465 at Hematology teaching microscope-back area","2","VIHATRP20240909-066","11/30/2032","NTT-Deskside Services-WestCoast-Staffed"
"PC077223","PC078681","HSS-1044283","DLR6PW3","VIHA-WCGH-West Coast General Hospital-Main Building-2nd Floor","","WC2514","2","REQ1110102-RITM1168312-SCTASK1868512","12/31/2031","NTT-Deskside Services-WestCoast-Staffed"
"LD036938LEG","LD036938","HSS-8009376-M1","V1F95165","VIHA-BAM-Bamfield Health Centre-Main Building-1st Floor","Main Building","Reception","1","","12/31/2019","NTT-Deskside Services-WestCoast-Remote"
"LD038209","LD038209","HSS-8058703","34SJRH3","VIHA-PAHCCS-Port Alberni Home & Community Care Services-Main Building-1st Floor","Main Building","12","1","VIHATRP20220505-043","08/31/2030","NTT-Deskside Services-WestCoast-Local"
"LD028692","LD028692","HSS-8073792","CGZPQT3","VIHA-PAHCCS-Port Alberni Home & Community Care Services-Main Building-1st Floor","Main Building","19","1","VIHATRP20230417-044","06/30/2031","NTT-Deskside Services-WestCoast-Local"
"TD030560","TD030560","HSS-1045514","BDS6PW3","VIHA-PAHCCS-Port Alberni Home & Community Care Services-Main Building-1st Floor","Main Building","4","1","REQ1228514-RITM1294344-SCTASK2074751","04/30/2032","NTT-Deskside Services-WestCoast-Local"
"LD039282","LD065378","HSS-8058681","2ZTKRH3","VIHA-PAHCCS-Port Alberni Home & Community Care Services-Main Building-1st Floor","Main Building","23 - on desk outside of 23","1","VIHATRP20220505-027","08/31/2030","NTT-Deskside Services-WestCoast-Local"
"PC075781","PC075781","HSS-1940276","7LSMG14","VIHA-UPR-Ucluelet Peninsula Road-Community Health Centre-1st Floor","Main Building","105","1","DMND0005326","08/31/2030","NTT-Deskside Services-WestCoast-Remote"
"PC031594","PC031594","HSS-8058665","3ZJKRH3","VIHA-WCGH-West Coast General Hospital-Main Building-2nd Floor","Main Building","WC2345","","VIHATRP20220505-018","08/31/2030","NTT-Deskside Services-WestCoast-Staffed"
"LD101480","LD100751","HSS-8058653","7ZJKRH3","VIHA-WCGH-West Coast General Hospital-Main Building-2nd Floor","Main Building","2403","2","VIHATRP20220505-009","08/31/2030","NTT-Deskside Services-WestCoast-Staffed"
"PC107245","PC033773-M1","PC033773","DS170N3","VIHA-TGH-Tofino General Hospital-Main Building-1st Floor","Main Building","1","1","VIHATRP20221114-020","02/28/2031","NTT-Deskside Services-WestCoast-Remote"
"PC033276","PC033276","HSS-8086326","JPZ3VZ3","VIHA-WCGH-West Coast General Hospital-Main Building-2nd Floor","Main Building","WC2345","2","VIHATRP20240429-086","07/31/2032","NTT-Deskside Services-WestCoast-Staffed"
"LD066072","LD066228","HSS-8073768","H5FQQT3","VIHA-PARS-Port Alberni Redford Street-Main Building-1st Floor","Main Building","Team Room","1","VIHATRP20230417-030","06/30/2031","NTT-Deskside Services-WestCoast-Local"
"LD080068","LD067464-M1","HSS-1973832","2M4HGC3","VIHA-PARS-Port Alberni Redford Street-Main Building-1st Floor","Main Building","Team Room","1","REQ1209213-RITM1273642-SCTASK2075376","12/31/2029","NTT-Deskside Services-WestCoast-Local"
"PC033746","PC033746","HSS-8086304","D505VZ3","VIHA-WCGH-West Coast General Hospital-Main Building-2nd Floor","Main Building","WCLab","2","VIHATRP20240429-069","07/31/2032","NTT-Deskside Services-WestCoast-Staffed"
"PC040907","PC040907-M2","HSS-8091248","GJ5LG14","VIHA-WCGH-West Coast General Hospital-Main Building-2nd Floor","Main Building","2287","2","VIHATRP20240909","01/31/2033","NTT-Deskside Services-WestCoast-Staffed"
"PC034080","PC034080","HSS-8072170","2F7RVP3","VIHA-PARS-Port Alberni Redford Street-Main Building-1st Floor","Main Building","Clinic Rm 5","","VIHATRP20230213-040","05/31/2031","NTT-Deskside Services-WestCoast-Local"
"PC031589","PC031589","HSS-8072121","5PPSVP3","VIHA-PAHC-Port Alberni Health Centre-Main Building-1st Floor","Main Building","Clinic Room 1","","VIHATRP20230213-003","05/31/2031","NTT-Deskside Services-WestCoast-Local"
"","99683","99683","VNACG29","VIHA-TGH-Tofino General Hospital","","","","","10/31/2016","NTT-Deskside Services-WestCoast-Remote"
"PC049243","PC049243","HSS-8089601","6S2JTY3","VIHA-PARS-Port Alberni Redford Street-Main Building-1st Floor","Main Building","10","1","VIHATRP20240909-057","11/30/2032","NTT-Deskside Services-WestCoast-Local"
"LD027217","LD027217","HSS-8086322","8SK4VZ3","VIHA-WCGH-West Coast General Hospital-Main Building-2nd Floor","Main Building","WC2104","2","VIHATRP20240429-082","07/31/2032","NTT-Deskside Services-WestCoast-Staffed"
"LD034597","LD031378","HSS-8024958","3DJKGC3","VIHA-PAHCCS-Port Alberni Home & Community Care Services-Main Building-1st Floor","Main Building","17","1","VIHATRP20211025-011","01/31/2030","NTT-Deskside Services-WestCoast-Local"
"LD038210","LD033692-M2","HSS-8058719","J3SJRH3","VIHA-PAHCCS-Port Alberni Home & Community Care Services-Main Building-1st Floor","Main Building","5","1","VIHATRP20220505-051","08/31/2030","NTT-Deskside Services-WestCoast-Local"
"PC077217","PC077217-m1","HSS-1984841","FZGKRH3","VIHA-WCGH-West Coast General Hospital-Main Building-2nd Floor","Main Building","WC2515 (Reports Room B)","2","DMND0003637","10/31/2030","NTT-Deskside Services-WestCoast-Staffed"
"PC077220","PC077220","HSS-1984815","JDVJRH3","VIHA-WCGH-West Coast General Hospital-Main Building-2nd Floor","Main Building","WCMedSur - Nursing Station - A Side Desk","","DMND0003637","10/31/2030","NTT-Deskside Services-WestCoast-Staffed"
"LD065793","LD034332","LD034332","FMG60N3","VIHA-WCMHAS-West Coast Mental Health & Addiction Services-Main Building-1st Floor","Main Building","Office","1","VIHATRP20221114-006","02/28/2031","NTT-Deskside Services-WestCoast-Remote"
"LD026442","LD026442-M1","HSS-1972934","D9TKGC3","VIHA-PAHCCS-Port Alberni Home & Community Care Services-Main Building-1st Floor","Main Building","6","1","DMND0003120","12/31/2029","NTT-Deskside Services-WestCoast-Local"
"LD100152","LD100152","HSS-1040085","JZ7HRH3","VIHA-PAHC-Port Alberni Health Centre-Main Building-1st Floor","Main Building","Natasha's Office","1","REQ0787823-RITM0827671-SCTASK1308130","11/30/2030","NTT-Deskside Services-WestCoast-Local"
"LD023707","LD023707","HSS-8095838","5M6MG14","VIHA-TGH-Tofino General Hospital-Main Building-Basement 1","Main Building","Physio","1","ISLHTRP20250922-012","09/30/2030","NTT-Deskside Services-WestCoast-Remote"
"PC033287","PC033287","HSS-8086275","4DF4VZ3","VIHA-WCGH-West Coast General Hospital-Main Building-2nd Floor","Main Building","2115","2","VIHATRP20240429-049","07/31/2032","NTT-Deskside Services-WestCoast-Staffed"
"LD038046","LD041016","HSS-8023497","D78HGC3","VIHA-PAHC-Port Alberni Health Centre-Main Building-1st Floor","Main Building","Room 22","1","VIHATRP20210809-041","11/30/2029","NTT-Deskside Services-WestCoast-Local"
"PC077222","PC077222","HSS-1984817","DDVJRH3","VIHA-WCGH-West Coast General Hospital-Main Building-2nd Floor","","CT Scan Trailer outside WCGH","2","DMND0003637","10/31/2030","NTT-Deskside Services-WestCoast-Staffed"
"LD085226","LD085226-M2","HSS-1041035-M2","FV560N3","VIHA-WCGH-West Coast General Hospital-Main Building-2nd Floor","Main Building","WC2105","2","REQ0830358-RITM0872437-SCTASK1380147","01/31/2031","NTT-Deskside Services-WestCoast-Staffed"
"","H3MMVF3","HSS-1940484","H3MMVF3","VIHA-UPR-Ucluelet Peninsula Road","Main","221","2","DMND0005329","01/31/2031","NTT-Deskside Services-WestCoast-Remote"
"LD065143","LD065143","HSS-1045611","BQH3VZ3","VIHA-WCGH-West Coast General Hospital-Main Building-2nd Floor","Main Building","2102","2","REQ1241850-RITM1308708-SCTASK2102732","04/30/2032","NTT-Deskside Services-WestCoast-Staffed"
"TD020314","TD020314-M2","HSS-8068815","J2M60N3","VIHA-PAHCCS-Port Alberni Home & Community Care Services-Main Building-1st Floor","Main Building","11","1","VIHATRP20221114-023","03/31/2031","NTT-Deskside Services-WestCoast-Local"
"PC034085","PC034085","HSS-8058683","3ZTKRH3","VIHA-WCGH-West Coast General Hospital-Main Building-2nd Floor","Main Building","WC2904 (Wall Mount)","","VIHATRP20220505-029","08/31/2030","NTT-Deskside Services-WestCoast-Staffed"
"LD066228","LD031871","HSS-8024964","1DJKGC3","VIHA-PARS-Port Alberni Redford Street-Main Building-1st Floor","Main Building","Team Room","1","VIHATRP20211025-014","04/30/2030","NTT-Deskside Services-WestCoast-Local"
"PC040011","PC040011","HSS-8058706","1FPKRH3","VIHA-PAHCCS-Port Alberni Home & Community Care Services-Main Building-1st Floor","Main Building","Break Room","","VIHATRP20220505-045","08/31/2030","NTT-Deskside Services-WestCoast-Local"
"LD066212","LD065793","LD065793","8FRQVP3","VIHA-TGH-Tofino General Hospital-Main Building-1st Floor","Main Building","MHAS","1","VIHATRP20221114-003","02/28/2031","NTT-Deskside Services-WestCoast-Remote"
"LD071982","LD058317","HSS-1025824","G2VVR63","VIHA-PAHC-Port Alberni Health Centre-Main Building-1st Floor","Main Building","'-","1","REQ0198356-RITM0207580-SCTASK0323978","07/31/2029","NTT-Deskside Services-WestCoast-Local"
"LD065379","LD065379","HSS-8058695","6DPKRH3","VIHA-PAHCCS-Port Alberni Home & Community Care Services-Main Building-1st Floor","Main Building","2","1","VIHATRP20220505-039","08/31/2030","NTT-Deskside Services-WestCoast-Local"
"LD030976","LD066016","HSS-8078557","1S66PW3","VIHA-PAHC-Port Alberni Health Centre-Main Building-1st Floor","Main Building","Admin Office","1","VIHATRP20230918-032","11/30/2031","NTT-Deskside Services-WestCoast-Local"
"LD023707","LD023707","HSS-8095837","HKHMG14","VIHA-TGH-Tofino General Hospital-Main Building-Basement 1","Main Building","Physio","1","ISLHTRP20250922-012","09/30/2030","NTT-Deskside Services-WestCoast-Remote"
"PC077216","PC077216-M1","HSS-1984811","1LVJRH3","VIHA-WCGH-West Coast General Hospital-Main Building-2nd Floor","Main Building","WC2514 (Reports Room A)","","DMND0003637","10/31/2030","NTT-Deskside Services-WestCoast-Staffed"
"LD101867","LD101867","HSS-1046163","C8P5VZ3","VIHA-WCGH-West Coast General Hospital-Main Building-2nd Floor","Main Building","2403","2","REQ1269099-RITM1338020-SCTASK2147775","05/31/2032","NTT-Deskside Services-WestCoast-Staffed"
"LD020513","LD020513","HSS-1042204","JP8QQT3","VIHA-WCGH-West Coast General Hospital-Main Building-2nd Floor","Main Building","WC2102","2","REQ0898190-RITM0944194-SCTASK1497892","06/30/2031","NTT-Deskside Services-WestCoast-Staffed"
"PC049239","PC049239","HSS-8089629","FVCJTY3","VIHA-WCGH-West Coast General Hospital-Main Building-2nd Floor","Main Building","WC2270","2","VIHATRP20240909-078","11/30/2032","NTT-Deskside Services-WestCoast-Staffed"
"PC060712TRP","PC074077","HSS-1903207","JJ25TY3","VIHA-UPR-Ucluelet Peninsula Road","Main Building","Lab","1","DMND0005135","12/31/2032","NTT-Deskside Services-WestCoast-Remote"
"LD065129","LD065129","HSS-8095846","7ZVLG14","VIHA-PAHC-Port Alberni Health Centre-Main Building-1st Floor","Main Building","1","1","ISLHTRP20250922-019","09/30/2030","NTT-Deskside Services-WestCoast-Local"
"PC034087","PC034087","HSS-8086280","2DF4VZ3","VIHA-WCGH-West Coast General Hospital-Main Building-2nd Floor","Main Building","2313","2","VIHATRP20240429-054","07/31/2032","NTT-Deskside Services-WestCoast-Staffed"
"","LD090676","HSS-1046324","1FP3TY3","VIHA-PAMHAS-Port Alberni Mental Health & Addiction Services","4780 Roger Street","Room 13","Main","REQ1273660-RITM1342916-SCTASK2163277","06/30/2032","NTT-Deskside Services-WestCoast-Local"
"PC038026","PC038026","HSS-8093417","5NQ4W14","VIHA-TGH-Tofino General Hospital-Main Building-1st Floor","Main Building","Maternity","1","ISLHTRP20250512-043","06/30/2029","NTT-Deskside Services-WestCoast-Remote"
"LD031884","LD031884-M2","HSS-1048829","2Q5LG14","VIHA-PAHCCS-Port Alberni Home & Community Care Services-Main Building-1st Floor","Main Building","20","1","INC3633514","08/31/2030","NTT-Deskside Services-WestCoast-Local"
"LD030570","LD030570","HSS-1044757","6VFLTY3","VIHA-PAIHN-Port Alberni Integrated Health Network-Main Building-1st Floor","Main Building","Admin","1","REQ1144345-RITM1204857-SCTASK1936365","01/31/2032","NTT-Deskside Services-WestCoast-Local"
"","LD080045","HSS-1036758","3RH50N3","VIHA-PARS-Port Alberni Redford Street-Main Building-1st Floor","Main Building","6 (WFH not yet assigned)","1","REQ0650267-RITM0683143-SCTASK1072980","10/31/2030","NTT-Deskside Services-WestCoast-Local"
"PC031608","PC031608-M1","","20TQVP3","VIHA-WCGH-West Coast General Hospital-Main Building-2nd Floor","Main Building","WC2330","2","INC2424671","06/30/2031","NTT-Deskside Services-WestCoast-Staffed"
"PC033749","PC033749","HSS-8089608","9SSHTY3","VIHA-WCGH-West Coast General Hospital-Main Building-2nd Floor","Main Building","2469","2","VIHATRP20240909-060","11/30/2032","NTT-Deskside Services-WestCoast-Staffed"
"PC090480","PC090480","HSS-1036068","2WX60N3","VIHA-WCGH-West Coast General Hospital-Main Building-2nd Floor","Main Building","2306","2","REQ1605081-RITM1693571-SCTASK2721057","12/31/2030","NTT-Deskside Services-WestCoast-Staffed"
"LD065993","LD065993","HSS-8080043","BYG7PW3","VIHA-TGH-Tofino General Hospital-Main Building-Basement 1","Main Building","Laboratory reception","1","VIHATRP20231023-113","12/31/2031","NTT-Deskside Services-WestCoast-Remote"
"PC075785","PC075785","HSS-1940285","DV0LG14","VIHA-UPR-Ucluelet Peninsula Road-Community Health Centre-1st Floor","Main Building","105","1","DMND0005326","08/31/2030","NTT-Deskside Services-WestCoast-Remote"
"LD028692","LD028692","HSS-8073791","8GZPQT3","VIHA-PAHCCS-Port Alberni Home & Community Care Services-Main Building-1st Floor","Main Building","19","1","VIHATRP20230417-044","06/30/2031","NTT-Deskside Services-WestCoast-Local"
"LD065651","LD065651","HSS-8072194","J00TVP3","VIHA-PAMHAS-Port Alberni Mental Health & Addiction Services-Main Building-1st Floor","Main Building","14","1","VIHATRP20230213-044","05/31/2031","NTT-Deskside Services-WestCoast-Local"
"PC034084","PC034084","PC034084","BDP60N3","VIHA-WCGH-West Coast General Hospital-Main Building-2nd Floor","Main Building","WC2351","","VIHATRP20221114-067","02/28/2031","NTT-Deskside Services-WestCoast-Staffed"
"LD086133","LD030382","HSS-1024202","B9N4X53","VIHA-PAHC-Port Alberni Health Centre","","","","REQ0165883-RITM0173168-SCTASK0258862","04/30/2029","NTT-Deskside Services-WestCoast-Local"
"PC041946","PC041946-M2","HSS-1044103","GSD7PW3","VIHA-WCGH-West Coast General Hospital-Main Building-2nd Floor","Main Building","WC2441","2","REQ1103540-RITM1161432-SCTASK1852775","12/31/2031","NTT-Deskside Services-WestCoast-Staffed"
"PC067146","PC067146","HSS-8086289","3MZ3VZ3","VIHA-WCGH-West Coast General Hospital-Main Building-2nd Floor","Main Building","WC2426","2","VIHATRP20240429-061","07/31/2032","NTT-Deskside Services-WestCoast-Staffed"
"LD038208","LD038208-M2","HSS-8068825","C2B60N3","VIHA-PAHCCS-Port Alberni Home & Community Care Services-Main Building-1st Floor","Main Building","Flex Desk 1","1","VIHATRP20221114-028","03/31/2031","NTT-Deskside Services-WestCoast-Local"
"LD033694","LD033694","HSS-8058700","64SJRH3","VIHA-PAHCCS-Port Alberni Home & Community Care Services-Main Building-1st Floor","Main Building","3","1","VIHATRP20220505-042","08/31/2030","NTT-Deskside Services-WestCoast-Local"
"LD039282","LD039282","HSS-8072145","J13TVP3","VIHA-PAHCCS-Port Alberni Home & Community Care Services-Main Building-1st Floor","Main Building","23 - on desk outside of 23","1","VIHATRP20230213-027","05/31/2031","NTT-Deskside Services-WestCoast-Local"
"LD036391","LD036391","HSS-8095820","JKHMG14","VIHA-WCGH-West Coast General Hospital-Main Building-1st Floor","Main Building","WC1422","1","ISLHTRP20250922-001","09/30/2030","NTT-Deskside Services-WestCoast-Staffed"
"","LD034601","HSS-8013425-M1","VTB31994","VIHA-PAMHAS-Port Alberni Mental Health & Addiction Services-Main Building-1st Floor","Main Building","Front Meeting Room","1","","11/30/2021","NTT-Deskside Services-WestCoast-Local"
"PC034084","PC034084","PC034084","DQGMVF3","VIHA-WCGH-West Coast General Hospital-Main Building-2nd Floor","Main Building","WC2351","","VIHATRP20221114-067","02/28/2031","NTT-Deskside Services-WestCoast-Staffed"
"PC033754_EVG","PC033754","PC033754","DDP60N3","VIHA-WCGH-West Coast General Hospital-Main Building-2nd Floor","Main Building","1420","","VIHATRP20221114-064","02/28/2031","NTT-Deskside Services-WestCoast-Staffed"
"LD066518","LD066518","HSS-8086223","3KT3TY3","VIHA-PARS-Port Alberni Redford Street-Main Building-1st Floor","Main Building","10","1","VIHATRP20240429-007","07/31/2032","NTT-Deskside Services-WestCoast-Local"
"LD034600","LD0583010","HSS-8072168","6KNSVP3","VIHA-PARS-Port Alberni Redford Street-Main Building-1st Floor","Main Building","Room #21","1","VIHATRP20230213-038","05/31/2031","NTT-Deskside Services-WestCoast-Local"
"LD085671","LD085671","HSS-1044781","8HGLTY3","VIHA-WCGH-West Coast General Hospital","Main Building","13 (Catherine Collicott - Team Lead)","1","REQ1112601-RITM1170973-SCTASK1937680","01/31/2032","NTT-Deskside Services-WestCoast-Staffed"
"LD066253","LD066253-M2","HSS-8016868-M1","VTJ93986","VIHA-WCGH-West Coast General Hospital-Main Building-1st Floor","Main Building","Rm 6","1","","07/31/2022","NTT-Deskside Services-WestCoast-Staffed"
"LD033694","LD033694","HSS-8058701","FZ4KRH3","VIHA-PAHCCS-Port Alberni Home & Community Care Services-Main Building-1st Floor","Main Building","3","1","VIHATRP20220505-042","08/31/2030","NTT-Deskside Services-WestCoast-Local"
"PC031593","PC031593-M2","HSS-8058658","74CKRH3","VIHA-WCGH-West Coast General Hospital-Main Building-2nd Floor","Main Building","WC2215 (Report Room B)","2","VIHATRP20220505-012","08/31/2030","NTT-Deskside Services-WestCoast-Staffed"
"LD066027","LD050416","HSS-8089609","DSSHTY3","VIHA-WCGH-West Coast General Hospital-Main Building-2nd Floor","Main Building","WC2104","2","VIHATRP20240909-061","11/30/2032","NTT-Deskside Services-WestCoast-Staffed"
"PC035987","PC077226","HSS-1984825","10HKRH3","VIHA-WCGH-West Coast General Hospital-Main Building-2nd Floor","Main Building","WC2905 - Patient Room","2","DMND0003637","10/31/2030","NTT-Deskside Services-WestCoast-Staffed"
"LD066422","LD066422","LD034330","901RVP3","VIHA-TGH-Tofino General Hospital-Main Building-1st Floor","Main Building","HCNO","1","VIHATRP20221114-058","02/28/2031","NTT-Deskside Services-WestCoast-Remote"
"LD037792","LD037792","HSS-8072130","DXPSVP3","VIHA-PAHC-Port Alberni Health Centre-Main Building-1st Floor","Main Building","Emily Thorsteinsson Device","1","VIHATRP20230213-009","05/31/2031","NTT-Deskside Services-WestCoast-Local"
"LD033690","LD033690","HSS-8072154","7HDRVP3","VIHA-PAHCCS-Port Alberni Home & Community Care Services-Main Building-1st Floor","Main building","Leader's office","1","VIHATRP20230213-036","05/31/2031","NTT-Deskside Services-WestCoast-Local"
"LD061485","LD100027","HSS-1038924","87M60N3","VIHA-PARS-Port Alberni Redford Street-Main Building-1st Floor","Main Building","6 (WFH not yet assigned)","1","REQ0721978-RITM0758694-SCTASK1195125","12/31/2030","NTT-Deskside Services-WestCoast-Local"
"LD038211","LD038211","HSS-8058716","DDPKRH3","VIHA-PAHCCS-Port Alberni Home & Community Care Services-Main Building-1st Floor","Main Building","South HCN","1","VIHATRP20220505-050","08/31/2030","NTT-Deskside Services-WestCoast-Local"
"PC050094","PC050094","HSS-8086291","FCF4VZ3","VIHA-WCGH-West Coast General Hospital-Main Building-2nd Floor","Main Building","WC2258 - Radiologist office","2","VIHATRP20240429-062","07/31/2032","NTT-Deskside Services-WestCoast-Staffed"
"PC033288","PC033288","PC033288","75X60N3","VIHA-WCGH-West Coast General Hospital-Main Building-2nd Floor","Main Building","WC2491 - Sharon","2","VIHATRP20221114-046","03/31/2031","NTT-Deskside Services-WestCoast-Staffed"
"","LD031325","HSS-8017480-M1","VTK21660","VIHA-WCGH-West Coast General Hospital-Main Building-1st Floor","Main Building","1486 Crawlspace","2","","08/31/2022","NTT-Deskside Services-WestCoast-Staffed"
"TD001654","TD001654","TD001654","JXB60N3","VIHA-WCGH-West Coast General Hospital-Main Building-2nd Floor","Main Building","WCICU - 2166 - Physician On-Call Room","","VIHATRP20221114-045","02/28/2031","NTT-Deskside Services-WestCoast-Staffed"
"LD057867","LD057867","HSS-1031619","F8XKGC3","VIHA-WCGH-West Coast General Hospital-Main Building-2nd Floor","Main Building","WC2104","2","REQ0425099-RITM0445704-SCTASK0701368","02/28/2030","NTT-Deskside Services-WestCoast-Staffed"
"PC032106","PC032106","PC032106","1P170N3","VIHA-WCGH-West Coast General Hospital-Main Building-2nd Floor","Main Building","WCMedSurg - Nursing Station - A Side Desk","","VIHATRP20221114-059","03/31/2031","NTT-Deskside Services-WestCoast-Staffed"
"LD057790","LD023635","HSS-1031517","FMCKGC3","VIHA-PACDF-Port Alberni Community Dialysis Facility-Main Building-1st Floor","Main Building","1","1","REQ0419689-RITM0440100-SCTASK0681751","01/31/2030","NTT-Deskside Services-WestCoast-Local"
"PC067175","PC067175-M2","HSS-8086243","FQK4VZ3","VIHA-TGH-Tofino General Hospital-Main Building-1st Floor","Main Building","Medical Imaging Front Computer","1","VIHATRP20240429-023","07/31/2032","NTT-Deskside Services-WestCoast-Remote"
"PC049239","PC049239","HSS-8089628","DYCJTY3","VIHA-WCGH-West Coast General Hospital-Main Building-2nd Floor","Main Building","WC2270","2","VIHATRP20240909-078","11/30/2032","NTT-Deskside Services-WestCoast-Staffed"
"LD033685","LD033685","LD033685","DMG60N3","VIHA-WCMHAS-West Coast Mental Health & Addiction Services-Main Building-1st Floor","Main Building","first cubicle after reception","1","VIHATRP20221114-005","02/28/2031","NTT-Deskside Services-WestCoast-Remote"
"LD048228","LD048228","HSS-8094114","5XZ4W14","VIHA-PAHC-Port Alberni Health Centre-Main Building-1st Floor","Main Building","Reception Building 202","1","ISLHTRP20250623-074","08/31/2030","NTT-Deskside Services-WestCoast-Local"
"LD065129","LD065697","HSS-8072131","8D7RVP3","VIHA-PAHC-Port Alberni Health Centre-Main Building-1st Floor","Main Building","1","1","VIHATRP20230213-010","05/31/2031","NTT-Deskside Services-WestCoast-Local"
"PC033180","PC033180","HSS-8078595","5CXRQT3","VIHA-WCGH-West Coast General Hospital-Main Building-1st Floor","Main Building","WC1501","1","VIHATRP20230918-061","11/30/2031","NTT-Deskside Services-WestCoast-Staffed"
"PC032076","PC032076","HSS-8095822","F04LG14","VIHA-WCGH-West Coast General Hospital-Main Building-2nd Floor","Main Building","WC2462","2","ISLHTRP20250922-002","09/30/2030","NTT-Deskside Services-WestCoast-Staffed"
"PC033993","PC033993","HSS-8078584","CC8SQT3","VIHA-WCGH-West Coast General Hospital-Main Building-2nd Floor","Main Building","Telehealth Room - Room 2245","2","VIHATRP20230918-054","11/30/2031","NTT-Deskside Services-WestCoast-Staffed"
"LD027218","LD027218","HSS-8072149","239TVP3","VIHA-PAHCCS-Port Alberni Home & Community Care Services-Main Building-1st Floor","Main Building","Manager Office","1","VIHATRP20230213-032","05/31/2031","NTT-Deskside Services-WestCoast-Local"
"PC090081","8YLJTY3 MONITOR P2423D","","8YLJTY3","VIHA-WCGH-West Coast General Hospital-Main Building-2nd Floor","Main Building","WCER - 2012 - Triage Desk by door","","222915","","NTT-Deskside Services-WestCoast-Staffed"
"PC038028","PC038028","HSS-8086241","JYY2VZ3","VIHA-TGH-Tofino General Hospital-Main Building-1st Floor","Main Building","Trauma Room","1","VIHATRP20240429-022","07/31/2032","NTT-Deskside Services-WestCoast-Remote"
"LD020513","LD020513","HSS-1042205","7CFQQT3","VIHA-WCGH-West Coast General Hospital-Main Building-2nd Floor","Main Building","WC2102","2","REQ0898190-RITM0944194-SCTASK1497892","06/30/2031","NTT-Deskside Services-WestCoast-Staffed"
"","LD038206","HSS-8012406-M1","VTB15456","VIHA-PAHC-Port Alberni Health Centre-Main Building-1st Floor","","6","","","08/31/2021","NTT-Deskside Services-WestCoast-Local"
"PC033285","PC031548TRP","HSS-8086724","DTC4TY3","VIHA-WCGH-West Coast General Hospital-Main Building-2nd Floor","Main Building","WC2601 Psychiatry Nursing  Office","2","INC4415302","07/31/2032","NTT-Deskside Services-WestCoast-Staffed"
"PC066021","MJ025QZ4","","CNK4290C8C","VIHA-WCGH-West Coast General Hospital-Main Building-2nd Floor","Main Building","2258","2","","","NTT-Deskside Services-WestCoast-Staffed"
"PC076779","PC076779","HSS-8089626","467JTY3","VIHA-WCGH-West Coast General Hospital-Main Building-2nd Floor","Main Building","WC2441","2","VIHATRP20240909-077","11/30/2032","NTT-Deskside Services-WestCoast-Staffed"
"LD040098","LD040098","HSS-8078592","DDHRQT3","VIHA-WCGH-West Coast General Hospital-Main Building-1st Floor","Main Building","WC1553","1","VIHATRP20230918-059","11/30/2031","NTT-Deskside Services-WestCoast-Staffed"
"LD031692","LD055655","HSS-8092520","HPNMG14","VIHA-PAIHN-Port Alberni Integrated Health Network-Main Building-1st Floor","Main Building","Admin","1","VIHATRP20250310-049","06/30/2033","NTT-Deskside Services-WestCoast-Local"
"PC040012","PC040012","HSS-8072152","339TVP3","VIHA-PAHCCS-Port Alberni Home & Community Care Services-Main Building-1st Floor","Main Building","Schedulers Office","","VIHATRP20230213-035","05/31/2031","NTT-Deskside Services-WestCoast-Local"
"LD038208","LD038208-M1","HSS-8068826","29M60N3","VIHA-PAHCCS-Port Alberni Home & Community Care Services-Main Building-1st Floor","Main Building","Flex Desk 1","1","VIHATRP20221114-028","03/31/2031","NTT-Deskside Services-WestCoast-Local"
"PC075785","PC075785","HSS-1940284","9KSMG14","VIHA-UPR-Ucluelet Peninsula Road-Community Health Centre-1st Floor","Main Building","105","1","DMND0005326","08/31/2030","NTT-Deskside Services-WestCoast-Remote"
"LD037793","LD037793","HSS-8095824","5ZVLG14","VIHA-WCGH-West Coast General Hospital-Main Building-2nd Floor","Main Building","WC2532","2","ISLHTRP20250922-003","09/30/2030","NTT-Deskside Services-WestCoast-Staffed"
"PC027591","PC027591","HSS-8072127","JXPSVP3","VIHA-PAHC-Port Alberni Health Centre-Main Building-1st Floor","Main Building","BREAK ROOM/CHW Room","1","VIHATRP20230213-007","05/31/2031","NTT-Deskside Services-WestCoast-Local"
"PC032087","PC040022","HSS-8058666","2RMJRH3","VIHA-WCGH-West Coast General Hospital-Main Building-2nd Floor","Main Building","WC2317","2","VIHATRP20220505-019","08/31/2030","NTT-Deskside Services-WestCoast-Staffed"
"LD037793","LD037793","HSS-8095825","214LG14","VIHA-WCGH-West Coast General Hospital-Main Building-2nd Floor","Main Building","WC2532","2","ISLHTRP20250922-003","09/30/2030","NTT-Deskside Services-WestCoast-Staffed"
"LD057912","LD057912","HSS-1031723","DK0LGC3","VIHA-PAHC-Port Alberni Health Centre-Main Building-1st Floor","Main Building","Main Room","1","REQ0438681-RITM0459924-SCTASK0717113","02/28/2030","NTT-Deskside Services-WestCoast-Local"
"LD030975","LD030975","HSS-8095847","1DQ6W14","VIHA-PAHC-Port Alberni Health Centre-Main Building-1st Floor","Main Building","21","1","ISLHTRP20250922-020","09/30/2030","NTT-Deskside Services-WestCoast-Local"
"LD032582","LD032582-M2","HSS-8024953","5DJKGC3","VIHA-PAHCCS-Port Alberni Home & Community Care Services-Main Building-1st Floor","Main Building","5","1","VIHATRP20211025-008","01/31/2030","NTT-Deskside Services-WestCoast-Local"
"TD001763","TD001763","HSS-8090389","1CY4TY3","VIHA-PARS-Port Alberni Redford Street-Main Building-1st Floor","Main Building","ACT Team Room","1","VIHATRP20241007-008","12/31/2032","NTT-Deskside Services-WestCoast-Local"
"PC030894","PC030894","HSS-8058646","85SJRH3","VIHA-WCGH-West Coast General Hospital-Main Building-2nd Floor","Main Building","WC-Pharmacy","","VIHATRP20220505-002","08/31/2030","NTT-Deskside Services-WestCoast-Staffed"
"","LD031723","HSS-8015656-M1","VTJ48629","VIHA-WCGH-West Coast General Hospital-Main Building-2nd Floor","Main Building","WCOR - 2122","2","","04/30/2022","NTT-Deskside Services-WestCoast-Staffed"
"","PC036380","HSS-8015657-M1","VTJ48626","VIHA-WRC-Westhaven-Main Building-1st Floor","Main Building","WH1023","","","04/30/2022","NTT-Deskside Services-WestCoast-Staffed"
"PC035978","PC035978","HSS-8058721","8TMJRH3","VIHA-PAHCCS-Port Alberni Home & Community Care Services-Main Building-1st Floor","Main Building","19","","VIHATRP20220505-052","08/31/2030","NTT-Deskside Services-WestCoast-Local"
"LD081052","LD081052","HSS-1047925","1C63VZ3","VIHA-PARS-Port Alberni Redford Street-Main Building-1st Floor","Main Building","1","1","REQ1397579-RITM1474313-SCTASK2445277","11/30/2032","NTT-Deskside Services-WestCoast-Local"
"LD050418","LD050418-M1","HSS-1972943","99JKGC3","VIHA-PAHCCS-Port Alberni Home & Community Care Services-Main Building-1st Floor","Main Building","17","1","DMND0003120","12/31/2029","NTT-Deskside Services-WestCoast-Local"
"PC033774","PC033774","HSS-8086256","8ZFKTY3","VIHA-TGH-Tofino General Hospital-Main Building-Basement 1","Main Building","Physio - far end of hallway","1","VIHATRP20240429-034","07/31/2032","NTT-Deskside Services-WestCoast-Remote"
"LD080067","LD080067","HSS-1036828","J7SMVF3","VIHA-PAHC-Port Alberni Health Centre-Main Building-1st Floor","Main Building","'-","1","REQ0650273-RITM0683149-SCTASK1081595","10/31/2030","NTT-Deskside Services-WestCoast-Local"
"PC031604","PC031604","HSS-8086314","5SK4VZ3","VIHA-WCGH-West Coast General Hospital-Main Building-2nd Floor","Main Building","WC2161","2","VIHATRP20240429-076","07/31/2032","NTT-Deskside Services-WestCoast-Staffed"
"LD067464","LD034598","HSS-8072204","B00TVP3","VIHA-PAHC-Port Alberni Health Centre-Main Building-1st Floor","Main Building","201","1","VIHATRP20230213-056","05/31/2031","NTT-Deskside Services-WestCoast-Local"
"PC075777","PC075777","HSS-1940272","72CMG14","VIHA-UPR-Ucluelet Peninsula Road-Community Health Centre-1st Floor","Main Building","105","1","DMND0005326","08/31/2030","NTT-Deskside Services-WestCoast-Remote"
"LD065143","LD033861","HSS-8059344","JFW50N3","VIHA-WCGH-West Coast General Hospital-Main Building-2nd Floor","Main Building","2102","2","VIHATRP20220620-006","10/31/2030","NTT-Deskside Services-WestCoast-Staffed"
"LD065700","LD065700","HSS-8072189","3XZSVP3","VIHA-PARS-Port Alberni Redford Street-Main Building-1st Floor","Main Building","HOP 5","1","VIHATRP20230213-061","05/31/2031","NTT-Deskside Services-WestCoast-Local"
"LD039282","LD039282","HSS-8072144","439TVP3","VIHA-PAHCCS-Port Alberni Home & Community Care Services-Main Building-1st Floor","Main Building","23 - on desk outside of 23","1","VIHATRP20230213-027","05/31/2031","NTT-Deskside Services-WestCoast-Local"
"PC020973","PC020973","HSS-8058685","93SJRH3","VIHA-WCGH-West Coast General Hospital-Main Building-2nd Floor","Main Building","WC2504","","VIHATRP20220505-030","08/31/2030","NTT-Deskside Services-WestCoast-Staffed"
"LD066659","LD066659","HSS-8091246","G5ZKG14","VIHA-WCGH-West Coast General Hospital-Main Building-2nd Floor","Main Building","WC2503","2","VIHATRP20240909","01/31/2033","NTT-Deskside Services-WestCoast-Staffed"
"PC085239","PC085239-M1","HSS-1045148","85MJTY3","VIHA-WCGH-West Coast General Hospital-Main Building-2nd Floor","Main Building","Pharmacy - Automed Machine Area","2","REQ1184237-RITM1247150-SCTASK2016040","03/31/2032","NTT-Deskside Services-WestCoast-Staffed"
"PC033750","PC033750","PC033750","111RVP3","VIHA-WCGH-West Coast General Hospital-Main Building-2nd Floor","Main Building","WC2450 - Lab Reception desk","","VIHATRP20221114-057","03/31/2031","NTT-Deskside Services-WestCoast-Staffed"
"LD085671","LD085671","HSS-1044780","F5GLTY3","VIHA-WCGH-West Coast General Hospital","Main Building","13 (Catherine Collicott - Team Lead)","1","REQ1112601-RITM1170973-SCTASK1937680","01/31/2032","NTT-Deskside Services-WestCoast-Staffed"
"PC038030","PC038030","HSS-8078583","9N2RQT3","VIHA-WCGH-West Coast General Hospital-Main Building-2nd Floor","Main Building","WC2905 - Nurses Station","2","VIHATRP20230918-053","11/30/2031","NTT-Deskside Services-WestCoast-Staffed"
"LD024836","LD024836-M2","HSS-8095857","5HN8W14","VIHA-PAHCCS-Port Alberni Home & Community Care Services-Main Building-1st Floor","Main Building","20","1","ISLHTRP20250922-027","09/30/2030","NTT-Deskside Services-WestCoast-Local"
"LD028551","LD028551","HSS-8072137","F13TVP3","VIHA-PAHCCS-Port Alberni Home & Community Care Services-Main Building-1st Floor","Main Building","Reception Area","1","VIHATRP20230213-019","05/31/2031","NTT-Deskside Services-WestCoast-Local"
"LD065208","LD065208-M2","HSS-8024978","JHJKGC3","VIHA-PAHCCS-Port Alberni Home & Community Care Services-Main Building-1st Floor","Main Building","7","1","VIHATRP20211025-026","01/31/2030","NTT-Deskside Services-WestCoast-Local"
"PC033739","PC033739","HSS-8072164","3JDRVP3","VIHA-PAMHAS-Port Alberni Mental Health & Addiction Services-Main Building-1st Floor","Main Building","Reception - swing desk","","VIHATRP20230213-024","05/31/2031","NTT-Deskside Services-WestCoast-Local"
"PC077218","PC077218-M1","HSS-1984813","H1DKRH3","VIHA-WCGH-West Coast General Hospital-Main Building-2nd Floor","Main Building","WC2215 (Report Room B)","2","DMND0003637","10/31/2030","NTT-Deskside Services-WestCoast-Staffed"
"LD039281","LD039281","HSS-8024944","HXCKGC3","VIHA-PAMHAS-Port Alberni Mental Health & Addiction Services-Main Building-1st Floor","Main Building","11","1","VIHATRP20211025-004","01/31/2030","NTT-Deskside Services-WestCoast-Local"
"LD034319","LD034319","HSS-8094113","61W4W14","VIHA-PAMHAS-Port Alberni Mental Health & Addiction Services-Main Building-1st Floor","Main Building","8","1","ISLHTRP20250623-073","07/31/2030","NTT-Deskside Services-WestCoast-Local"
"LD059635","LD060361","HSS-1033056","HZFJRH3","VIHA-PAST-Port Alberni Youth Short Term Assessment and Response-Main Building-1st Floor","Main Building","Nursing","1","REQ0501077-RITM0525662-SCTASK0835184","05/31/2030","NTT-Deskside Services-WestCoast-Local"
"PC040020","PC040020","HSS-8078582","BC8SQT3","VIHA-WCGH-West Coast General Hospital-Main Building-2nd Floor","Main Building","WC2905 - Nurses Station","2","VIHATRP20230918-052","11/30/2031","NTT-Deskside Services-WestCoast-Staffed"
"PC033755","PC033755","PC033755","F9Z60N3","VIHA-WCGH-West Coast General Hospital-Main Building-1st Floor","Main Building","WC1423 Shipping Dock","","VIHATRP20221114-030","02/28/2031","NTT-Deskside Services-WestCoast-Staffed"
"LD065736","LD037620","HSS-8020166","6QM4X53","VIHA-WCMHAS-West Coast Mental Health & Addiction Services-Main Building-1st Floor","Main Building","Reception","1","VIHATRP20210118-043","04/30/2029","NTT-Deskside Services-WestCoast-Remote"
"LD022125","LD034330","LD034330","37X60N3","VIHA-WCGH-West Coast General Hospital-Main Building-2nd Floor","Main Building","WC2319 - Med Staff Cred and Privacy","2","VIHATRP20221114-058","02/28/2031","NTT-Deskside Services-WestCoast-Staffed"
"PC066026","MJ025QZ1","","1890301307","VIHA-WCGH-West Coast General Hospital-Main Building-2nd Floor","Main Building","2258","2","","","NTT-Deskside Services-WestCoast-Staffed"
"PC032101","PC032101","HSS-8058662","FJPKRH3","VIHA-WCGH-West Coast General Hospital-Main Building-2nd Floor","Main Building","WC2514 (Reports Room A)","","VIHATRP20220505-016","08/31/2030","NTT-Deskside Services-WestCoast-Staffed"
"PC075783","PC075783","HSS-1940280","F5NMG14","VIHA-UPR-Ucluelet Peninsula Road-Community Health Centre-1st Floor","Main Building","105","1","DMND0005326","08/31/2030","NTT-Deskside Services-WestCoast-Remote"
"LD022125","6JVJRH3","HSS-1984845","6JVJRH3","VIHA-WCGH-West Coast General Hospital-Main Building-2nd Floor","Main Building","WC2319 - Med Staff Cred and Privacy","2","DMND0003637","10/31/2030","NTT-Deskside Services-WestCoast-Staffed"
"PC033752","PC033752","HSS-8073776","J5FQQT3","VIHA-WCGH-West Coast General Hospital-Main Building-2nd Floor","Main Building","WC2460-2470 = at back bench of lab","2","VIHATRP20230417-035","06/30/2031","NTT-Deskside Services-WestCoast-Staffed"
"LD038210","LD033692-M1","HSS-8058718","44SJRH3","VIHA-PAHCCS-Port Alberni Home & Community Care Services-Main Building-1st Floor","Main Building","5","1","VIHATRP20220505-051","08/31/2030","NTT-Deskside Services-WestCoast-Local"
"PC052347","PC052347","HSS-8086270","22K5VZ3","VIHA-WCGH-West Coast General Hospital-Main Building-2nd Floor","Main Building","WCMedical Imaging - Main reception","2","VIHATRP20240429-046","07/31/2032","NTT-Deskside Services-WestCoast-Staffed"
"LD046293","LD046293","HSS-8072133","9D7RVP3","VIHA-PARS-Port Alberni Redford Street-Main Building-1st Floor","Main Building","Main","1","VIHATRP20230213-011","05/31/2031","NTT-Deskside Services-WestCoast-Local"
"LD101258","J2HPQT3","HSS-1940480","J2HPQT3","VIHA-WCMHAS-West Coast Mental Health & Addiction Services-Main Building-1st Floor","Main Building","2nd on right","1","DMND0005329","08/31/2031","NTT-Deskside Services-WestCoast-Remote"
"PC090081","PC085075-M2","HSS-1041052-M2","CN0MVF3","VIHA-WCGH-West Coast General Hospital-Main Building-2nd Floor","Main Building","WCER - 2012 - Triage Desk by door","","REQ0831222-RITM0873345-SCTASK1380180","01/31/2031","NTT-Deskside Services-WestCoast-Staffed"
"PC066021","MJ025QZ4","","CNK4440PQF","VIHA-WCGH-West Coast General Hospital-Main Building-2nd Floor","Main Building","2258","2","","","NTT-Deskside Services-WestCoast-Staffed"
"LD090411","LD090411","HSS-1045270","5GZHTY3","VIHA-TGH-Tofino General Hospital-Main Building-Basement 1","Main Building","TGH - Home and Community care","1","REQ1208661-RITM1273073-SCTASK2040627","03/31/2032","NTT-Deskside Services-WestCoast-Remote"
"","BYLJTY3 MONITOR P2423D","HSS-1993157","BYLJTY3","VIHA-WCGH-West Coast General Hospital","","","","","","NTT-Deskside Services-WestCoast-Staffed"
"LD063734","LD063734-M2","HSS-1043026","DFJTVP3","VIHA-PAHC-Port Alberni Health Centre-Main Building-1st Floor","Main Building","5","1","REQ0969891-RITM1020211-SCTASK1655944","08/31/2031","NTT-Deskside Services-WestCoast-Local"
"LD064927","LD064927","HSS-1044770","JTFLTY3","VIHA-PACDF-Port Alberni Community Dialysis Facility-Main Building-1st Floor","Main Building","1","1","REQ1148481-RITM1209194-SCTASK1944023","01/31/2032","NTT-Deskside Services-WestCoast-Local"
"PC032099","PC032099","HSS-8058645","9JPKRH3","VIHA-WCGH-West Coast General Hospital-Main Building-2nd Floor","Main Building","WCMedSurg - A2 wing desk","","VIHATRP20220505-001","08/31/2030","NTT-Deskside Services-WestCoast-Staffed"
"LD036398","H85JTY3","HSS-1044887","H85JTY3","VIHA-PARS-Port Alberni Redford Street-Main Building-1st Floor","Main Building","201","1","REQ1164238-RITM1225883-SCTASK1964210","02/29/2032","NTT-Deskside Services-WestCoast-Local"
"LD057867","LD057867","HSS-1031618","3J1LGC3","VIHA-WCGH-West Coast General Hospital-Main Building-2nd Floor","Main Building","WC2104","2","REQ0425099-RITM0445704-SCTASK0701368","02/28/2030","NTT-Deskside Services-WestCoast-Staffed"
"PC075778","PC075778","HSS-1940273","104LG14","VIHA-UPR-Ucluelet Peninsula Road-Community Health Centre-1st Floor","Main Building","105","1","DMND0005326","08/31/2030","NTT-Deskside Services-WestCoast-Remote"
"PC032074","PC032074","HSS-8086267","FBY3VZ3","VIHA-WCGH-West Coast General Hospital-Main Building-1st Floor","Main Building","WC1471C","1","VIHATRP20240429-044","07/31/2032","NTT-Deskside Services-WestCoast-Staffed"
"PC032110","PC032110","HSS-8058651","9ZJKRH3","VIHA-WCGH-West Coast General Hospital-Main Building-2nd Floor","Main Building","WCOR #1","","VIHATRP20220505-006","08/31/2030","NTT-Deskside Services-WestCoast-Staffed"
"","HSS-8001687-M1","HSS-8001687-M1","VN419906","VIHA-WCGH-West Coast General Hospital","","","","","08/31/2017","NTT-Deskside Services-WestCoast-Staffed"
"LD071363","LD059635","HSS-1031172","37THGC3","VIHA-PAST-Port Alberni Youth Short Term Assessment and Response-Main Building-1st Floor","Main Building","Social Work","1","REQ0398522-RITM0417575-SCTASK0648095","01/31/2030","NTT-Deskside Services-WestCoast-Local"
"LD086052","LD086052","HSS-1046553","BR45VZ3","VIHA-PAHC-Port Alberni Health Centre-Main Building-1st Floor","Main Building","3","1","REQ1284072-RITM1353992-SCTASK2189684","07/31/2032","NTT-Deskside Services-WestCoast-Local"
"","LD030571","HSS-8014748-M1","VTH61233","VIHA-PAHCCS-Port Alberni Home & Community Care Services-Main Building-1st Floor","Main Building","22","1","","02/28/2022","NTT-Deskside Services-WestCoast-Local"
"LD090905","LD101258","HSS-8061310","344MVF3","VIHA-WCGH-West Coast General Hospital","IMIT Deskside","Room 1520a - Deskside - Roman Frank","Basement","REQ1142317-RITM1202647-SCTASK1999597","10/31/2030","NTT-Deskside Services-WestCoast-Staffed"
"PC034081","PC034081","HSS-8024960","VTN17488","VIHA-PAHCCS-Port Alberni Home & Community Care Services-Main Building-1st Floor","Main Building","Scheduler's office #1","","VIHATRP20211025-012","01/31/2030","NTT-Deskside Services-WestCoast-Local"
"LD105952","LD105952","HSS-1940511","H5ZKG14","VIHA-UPR-Ucluelet Peninsula Road-Community Health Centre-1st Floor","Main Building","225","1","DMND0005390","01/31/2033","NTT-Deskside Services-WestCoast-Remote"
"LD031884","LD031884=M1","HSS-8024962","J1JKGC3","VIHA-PAHCCS-Port Alberni Home & Community Care Services-Main Building-1st Floor","Main Building","20","1","VIHATRP20211025-013","01/31/2030","NTT-Deskside Services-WestCoast-Local"
"LD064615","LD064615","HSS-8060370","50270N3","VIHA-WCGH-West Coast General Hospital","Remote -WFH bundle","","","REQ1130005-RITM1189493-SCTASK1918440","09/30/2030","NTT-Deskside Services-WestCoast-Staffed"
"LD081357","LD081357","HSS-1044046","C4B6PW3","VIHA-PAST-Port Alberni Youth Short Term Assessment and Response-Main Building-1st Floor","Main Building","Admin Area","1","REQ1078626-RITM1135135-SCTASK1823991","11/30/2031","NTT-Deskside Services-WestCoast-Local"
"PC078681","PC077223LEG","HSS-1984820","CZGKRH3","VIHA-WCGH-West Coast General Hospital-Main Building-2nd Floor","Main Building","2905","2","DMND0003637","10/31/2030","NTT-Deskside Services-WestCoast-Staffed"
"PC031593","PC031593-M1","HSS-8058657","HSLKRH3","VIHA-WCGH-West Coast General Hospital-Main Building-2nd Floor","Main Building","WC2215 (Report Room B)","2","VIHATRP20220505-012","08/31/2030","NTT-Deskside Services-WestCoast-Staffed"
"PC085216","PC085216","HSS-1044792","3JGLTY3","VIHA-WCGH-West Coast General Hospital-Main Building-2nd Floor","Main Building","WC2430","2","REQ1143942-RITM1204436-SCTASK1937726","01/31/2032","NTT-Deskside Services-WestCoast-Staffed"
"LD066646","LD081386","HSS-1110143","4KRNG14","VIHA-PAMHAS-Port Alberni Mental Health & Addiction Services-Main Building-1st Floor","Main Building","Front Meeting Room","1","REQ1641282-RITM1732123-SCTASK2808062","06/30/2033","NTT-Deskside Services-WestCoast-Local"
"LD059794","LD071727","HSS-1034084","850LGC3","VIHA-PAHC-Port Alberni Health Centre-Main Building-1st Floor","Main Building","'-","1","REQ0544464-RITM0571546-SCTASK0895960","06/30/2030","NTT-Deskside Services-WestCoast-Local"
"PC034901","PC034901","HSS-8058652","HJPKRH3","VIHA-WCGH-West Coast General Hospital-Main Building-2nd Floor","Main Building","WCOR #2","","VIHATRP20220505-008","08/31/2030","NTT-Deskside Services-WestCoast-Staffed"
"PC067103","PC067103","HSS-8073780","17FQQT3","VIHA-PAHCCS-Port Alberni Home & Community Care Services-Main Building-1st Floor","Main Building","Reception","1","VIHATRP20230417-037","06/30/2031","NTT-Deskside Services-WestCoast-Local"
"","HSS-8002429-M1","HSS-8002429-M1","VN699032","VIHA-WCGH-West Coast General Hospital","","","","","11/30/2017","NTT-Deskside Services-WestCoast-Staffed"
"LD034999","LD034999","HSS-8095845","FKHMG14","VIHA-PARS-Port Alberni Redford Street-Main Building-1st Floor","Main Building","21","1","ISLHTRP20250922-018","09/30/2030","NTT-Deskside Services-WestCoast-Local"
"LD050420","LD050420","HSS-1972944","8PCKGC3","VIHA-PAHCCS-Port Alberni Home & Community Care Services-Main Building-1st Floor","Main Building","14","1","DMND0003120","12/31/2029","NTT-Deskside Services-WestCoast-Local"
"LD066212","LD034741","HSS-1028754","7PHSR63","VIHA-TGH-Tofino General Hospital-Main Building-1st Floor","Main Building","MHAS","1","REQ0302277-RITM0316573-SCTASK0491807","09/30/2029","NTT-Deskside Services-WestCoast-Remote"
"PC033282","PC033282","PC033282","62B60N3","VIHA-WCGH-West Coast General Hospital-Main Building-1st Floor","Main Building","WC1475 Engineering/FMO","","VIHATRP20221114-041","02/28/2031","NTT-Deskside Services-WestCoast-Staffed"
"LD042882","LD042882","HSS-8086261","DPZ3VZ3","VIHA-UFT-Ucluelet Family Ties-Main Building-1st Floor","Main Building","142","1","VIHATRP20240429-039","07/31/2032","NTT-Deskside Services-WestCoast-Remote"
"LD055174","LD066212","HSS-8092873","B1MNG14","VIHA-WCMHAS-West Coast Mental Health & Addiction Services-Main Building-1st Floor","Main Building","Clinical Desk - cubicle","1","VIHATRP20250331-046","06/30/2033","NTT-Deskside Services-WestCoast-Remote"
"PC032074","PC032074","HSS-8086269","91V5VZ3","VIHA-WCGH-West Coast General Hospital-Main Building-1st Floor","Main Building","WC1471C","1","VIHATRP20240429-044","07/31/2032","NTT-Deskside Services-WestCoast-Staffed"
"LD034599","C6YHTY3","HSS-1047602","C6YHTY3","VIHA-PAMHAS-Port Alberni Mental Health & Addiction Services-Main Building-1st Floor","Main Building","6","1","REQ1413694-RITM1491306-SCTASK2409591","10/31/2032","NTT-Deskside Services-WestCoast-Local"
"PC033283","PC033283","HSS-8073742","BR4QQT3","VIHA-WCGH-West Coast General Hospital-Main Building-2nd Floor","Main Building","WCAmbulatory Care unit (TRP)","2","VIHATRP20230417-007","06/30/2031","NTT-Deskside Services-WestCoast-Staffed"
"PC039992","PC039992","HSS-8086299","2PV4VZ3","VIHA-WCGH-West Coast General Hospital-Main Building-2nd Floor","Main Building","WC2304 - Administration - OR Booking","2","VIHATRP20240429-067","07/31/2032","NTT-Deskside Services-WestCoast-Staffed"
"PC033739","PC033739","HSS-8072163","DJDRVP3","VIHA-PAMHAS-Port Alberni Mental Health & Addiction Services-Main Building-1st Floor","Main Building","Reception - swing desk","","VIHATRP20230213-024","05/31/2031","NTT-Deskside Services-WestCoast-Local"
"LD081052","LD081052","HSS-1047926","5F63VZ3","VIHA-PARS-Port Alberni Redford Street-Main Building-1st Floor","Main Building","1","1","REQ1397579-RITM1474313-SCTASK2445277","11/30/2032","NTT-Deskside Services-WestCoast-Local"
"PC033770","PC033770","HSS-8086247","BBP3TY3","VIHA-TGH-Tofino General Hospital-Main Building-1st Floor","Main Building","Nursing Station","1","VIHATRP20240429-027","07/31/2032","NTT-Deskside Services-WestCoast-Remote"
"LD066240","LD066240","HSS-8073771","HS8QQT3","VIHA-PARS-Port Alberni Redford Street-Main Building-1st Floor","Main Building","Unit 201 - Consult Room #4","1","VIHATRP20230417-032","06/30/2031","NTT-Deskside Services-WestCoast-Local"
"LD065696","LD065696","HSS-8072206","6XZSVP3","VIHA-PAMHAS-Port Alberni Mental Health & Addiction Services-Main Building-1st Floor","Main Building","7","1","VIHATRP20230213-058","05/31/2031","NTT-Deskside Services-WestCoast-Local"
"LD050420","LD050420","HSS-1972922","2MCKGC3","VIHA-PAHCCS-Port Alberni Home & Community Care Services-Main Building-1st Floor","Main Building","14","1","DMND0003120","12/31/2029","NTT-Deskside Services-WestCoast-Local"
"LD050417","LD050417","HSS-1972919","DGCKGC3","VIHA-PAHCCS-Port Alberni Home & Community Care Services-Main Building-1st Floor","Main Building","18","1","DMND0003120","12/31/2029","NTT-Deskside Services-WestCoast-Local"
"LD091664","LD091664","HSS-1049059","DM8LG14","VIHA-WCGH-West Coast General Hospital","WFH","","2","REQ1561285-RITM1647339-SCTASK2656871","01/31/2033","NTT-Deskside Services-WestCoast-Staffed"
"PC034086","PC034086","HSS-8086283","GCF4VZ3","VIHA-WCGH-West Coast General Hospital-Main Building-2nd Floor","Main Building","WC2306","2","VIHATRP20240429-056","07/31/2032","NTT-Deskside Services-WestCoast-Staffed"
"LD067130","LD067130-M1","HSS-1044994","GNKKTY3","VIHA-WCGH-West Coast General Hospital-Main Building-1st Floor","Main Building","WC1471C","1","REQ1175204-RITM1237671-SCTASK1991608","02/29/2032","NTT-Deskside Services-WestCoast-Staffed"
"PC085206","PC078493M2","HSS-1043230","22PPQT3","VIHA-WCGH-West Coast General Hospital-Main Building-2nd Floor","Main Building","WC2318","2","REQ1005130-RITM1057347-SCTASK1697009","09/30/2031","NTT-Deskside Services-WestCoast-Staffed"
"PC071239","PC071239","HSS-1030541","4DSKGC3","VIHA-WCGH-West Coast General Hospital-Main Building-2nd Floor","Main Building","WC2518","","REQ0382545-RITM0400639-SCTASK0623453","02/28/2030","NTT-Deskside Services-WestCoast-Staffed"
"PC033749","PC033749","HSS-8089607","37CHTY3","VIHA-WCGH-West Coast General Hospital-Main Building-2nd Floor","Main Building","2469","2","VIHATRP20240909-060","11/30/2032","NTT-Deskside Services-WestCoast-Staffed"
"LD048548","LD048548","HSS-8094118","9ZQ4W14","VIHA-WCGH-West Coast General Hospital-Main Building-2nd Floor","Main Building","Health Records Room","2","ISLHTRP20250623-076","07/31/2029","NTT-Deskside Services-WestCoast-Staffed"
"PC032057","99SMVF3 MONITOR P2423D","hss-1037940","99SMVF3","VIHA-PAMHAS-Port Alberni Mental Health & Addiction Services-Main Building-1st Floor","Main Building","Front Meeting Room (Intake Off","","181011","","NTT-Deskside Services-WestCoast-Local"
"PC033775","PC033775","PC033775","5CRQVP3","VIHA-TGH-Tofino General Hospital-Main Building-Basement 1","Main Building","Stores - beside printer","","VIHATRP20221114-013","02/28/2031","NTT-Deskside Services-WestCoast-Remote"
