"name","asset_tag","serial_number","location","location.city","u_building","u_room","u_floor","po_number","u_retired_date","u_last_rounded_date","u_device_rounding","u_department_location","location.u_deskside_assignment_group"
"AO800315","C002439","C19C14M215","VIHA-PHH-Port Hardy Hospital-Main Building-1st Floor","Port Hardy","Main Building","Acute Care","1","Lease Information Extract - HPFS Tangent","","","Excluded","Acute Care Wing- Nurses station","NTT-Deskside Services-PortHardy-Staffed"
"AO800330","C004913","C19312M231","VIHA-PAH-Port Alice Health Center-Main Building-1st Floor","Port Alice","Main Building","Acute Care","1","Lease Information Extract - HPFS Tangent","","","Excluded","PAH Emergency/Ambulatory Care","NTT-Deskside Services-PortHardy-Remote"
"LD027724","HSS-1016278","PC0UA5XH","VIHA-PHPCC-Port Hardy Primary Care Centre-Main Building-1st Floor","Port Hardy","Main Building","?","1","","","","Excluded","","NTT-Deskside Services-PortHardy-Local"
"LD046086","HSS-1022023","5SFRN53","VIHA-PMH-Port McNeill Hospital-Main Building-1st Floor","Port McNeill","Main Building","Admin Trailer","1","REQ0088977-RITM0092178-SCTASK0146305","","","General Rounding","CH1  Community Health","NTT-Deskside Services-PortHardy-Remote"
"LD058698","HSS-1026985","8RXBBC3","VIHA-PMAPCC-Port McNeill A'ekakila'as Primary Care Centre-Main Building-1st Floor","Port McNeill","Main Building","Room 10","1","REQ0257049-RITM0269248-SCTASK0409266","","04/21/2026","General Rounding","Primary Care","NTT-Deskside Services-PortHardy-Remote"
"LD059161LEG","HSS-1029442","7XCZ9C3","VIHA-PAH-Port Alice Health Center-Main Building-1st Floor","Port Alice","Main Building","Doctor's Office (Room #4 on floor plan)","1","REQ0342783-RITM0358950-SCTASK0565056","","06/02/2026","General Rounding","ACV Physician Contracts","NTT-Deskside Services-PortHardy-Remote"
"LD057561","HSS-1030511","73GM7G3","VIHA-PHH-Port Hardy Hospital-Main Building-1st Floor","Port Hardy","Main Building","WFH","1","REQ0363034-RITM0380295-SCTASK0613014","","04/27/2026","Excluded","CCN Home Support Admin","NTT-Deskside Services-PortHardy-Staffed"
"LD057657LEG","HSS-1030902","3DL47G3","VIHA-PMH-Port McNeill Hospital-Main Building-1st Floor","Port McNeill","Main Building","Admin trailer-Hayley Mcconnell's office","1","REQ0398301-RITM0417346-SCTASK0646295","","04/17/2026","Excluded","ACV Med Staff Cred and Priv","NTT-Deskside Services-PortHardy-Remote"
"PC071346","HSS-1031316","GS8GVD3","VIHA-PMAPCC-Port McNeill A'ekakila'as Primary Care Centre-Main Building-1st Floor","Port McNeill","Main Building","Boardroom","1","REQ0425535-RITM0446157-SCTASK0689923","","04/21/2026","General Rounding","Primary Care","NTT-Deskside Services-PortHardy-Remote"
"LD080106","HSS-1036957","DGCJLN3","VIHA-PHPCC-Port Hardy Primary Care Centre-Main Building-1st Floor","Port Hardy","Main Building","Indigenous Health","1","REQ0671847-RITM0705761-SCTASK1108202","","02/05/2024","Excluded","FWL","NTT-Deskside Services-PortHardy-Local"
"LD062064","HSS-1037601","D8BK9K3","VIHA-PHH-Port Hardy Hospital-Main Building-1st Floor","Port Hardy","Main Building","Office off Admin - Cindy Perry","1","REQ0688732-RITM0723465-SCTASK1146090","","07/13/2026","General Rounding","Administration","NTT-Deskside Services-PortHardy-Staffed"
"AO800304","HSS-1038959","C22305M292","VIHA-PHPCC-Port Hardy Primary Care Centre-Main Building-1st Floor","Port Hardy","Main Building","Boardroom","1","Lease Information Extract - HPFS Tangent","","06/02/2026","Mobile Cart","Admin","NTT-Deskside Services-PortHardy-Local"
"PC085048","HSS-1039464","7WB2RN3","VIHA-KYU-Kyuquot Health Centre-Main Building-1st Floor","Kyuquot","Main Building","Nurses office","1","REQ0768441-RITM0807322-SCTASK1274905","","","General Rounding"," ","NTT-Deskside Services-PortHardy-Remote"
"LD100186","HSS-1040466","63RFLN3","VIHA-PHH-Port Hardy Hospital-Main Building-1st Floor","Port Hardy","Main Building","Cindy Perry's office-Admin area","1","REQ0810827-RITM0851879-SCTASK1343529","","07/07/2026","Excluded","Administration","NTT-Deskside Services-PortHardy-Staffed"
"LD100217","HSS-1040580","CH4JLN3","VIHA-PMAPCC-Port McNeill A'ekakila'as Primary Care Centre-Main Building-1st Floor","Port McNeill","Main Building","Room 4","1","REQ0793763-RITM0834020-SCTASK1357664","","04/21/2026","General Rounding","Primary Care","NTT-Deskside Services-PortHardy-Remote"
"LD072619","HSS-1040602","9S5KLN3","VIHA-PHPCC-Port Hardy Primary Care Centre-Main Building-1st Floor","Port Hardy","Main Building","Admin office","1","REQ0793805-RITM0834062-SCTASK1358151","","12/05/2025","General Rounding","Administration","NTT-Deskside Services-PortHardy-Local"
"PC100051","HSS-1040649","CSG6VH3","VIHA-PMAPCC-Port McNeill A'ekakila'as Primary Care Centre-Main Building-1st Floor","Port McNeill","Main building","MOA desk","1","REQ0793777-RITM0834034-SCTASK1360535","","04/21/2026","General Rounding","Administration","NTT-Deskside Services-PortHardy-Remote"
"LD072643","HSS-1040765","81H2NN3","VIHA-PMAPCC-Port McNeill A'ekakila'as Primary Care Centre-Main Building-1st Floor","Port McNeill","Main Building","Admin-Jodi Wright","1","REQ0793782-RITM0834039-SCTASK1364346","","04/21/2026","General Rounding","Administration","NTT-Deskside Services-PortHardy-Remote"
"LD106726","HSS-1040937","BN73NN3","VIHA-PHH-Port Hardy Hospital-Main Building-1st Floor","Port Hardy","Main Building","Lab","1","REQ2027361-RITM2141179-SCTASK3495330","","05/15/2026","General Rounding","Lab","NTT-Deskside Services-PortHardy-Staffed"
"LD072693","HSS-1040992","2M23NN3","VIHA-PHHC-Port Hardy Health Centre-Main Building-1st Floor","Port Hardy","Main Building","ACT room","1","REQ0834263-RITM0876552-SCTASK1382950","","05/26/2026","General Rounding","MCN NI ICMT","NTT-Deskside Services-PortHardy-Local"
"PC080097","HSS-1041328","BKR4XP3","VIHA-PHFP-Port Hardy Family Practice-Main Building-1st Floor","Port Hardy","Main building","210","2","REQ0754160-RITM0792371-SCTASK1422504","","03/04/2024","General Rounding"," ","NTT-Deskside Services-PortHardy-Local"
"LD062715","HSS-1041758","DBP4FK3","VIHA-PMH-Port McNeill Hospital-Main Building-1st Floor","Port McNeill","Admin Trailer","Clinician's office","1","REQ0864721-RITM0908707-SCTASK1462597","","04/21/2026","General Rounding","MCN Clinical Svc Mt Waddington","NTT-Deskside Services-PortHardy-Remote"
"LD062785","HSS-1041864","50Q1NN3","VIHA-PMH-Port McNeill Hospital-Main Building-1st Floor","Port McNeill","Admin Trailer","Clinician's office","1","REQ0870174-RITM0914505-SCTASK1475834","","","General Rounding","MCN Clinical Svc Mt Waddington","NTT-Deskside Services-PortHardy-Remote"
"LD062788","HSS-1041937","934FLN3","VIHA-PMH-Port McNeill Hospital-Main Building-1st Floor","Port McNeill","Admin trailer","Clinician's office","1","REQ0870174-RITM0914506-SCTASK1477902","","06/26/2026","General Rounding","MCN Clinical Svc Mt Waddington","NTT-Deskside Services-PortHardy-Remote"
"LD080550","HSS-1042061","91DWDK3","VIHA-PHPCC-Port Hardy Primary Care Centre-Main Building-1st Floor","Port Hardy","Main Building","WFH","1","REQ0881161-RITM0926178-SCTASK1493650","","08/16/2023","Excluded","COV Talent Experience","NTT-Deskside Services-PortHardy-Local"
"LD110008","HSS-1042074","8S04FK3","VIHA-PHH-Port Hardy Hospital-Main Building-1st Floor","Port Hardy","Eagle Ridge Manor","415-Yellow Room","1","REQ0886566-RITM0931928-SCTASK1493987","","06/24/2026","General Rounding","Administration","NTT-Deskside Services-PortHardy-Staffed"
"PC072501","HSS-1042255","GK03XP3","VIHA-PMH-Port McNeill Hospital-Main Building-1st Floor","Port McNeill","Main Building","Security Office","1","REQ0841846-RITM0884429-SCTASK1516601","","06/22/2026","General Rounding","Security(By Reception)","NTT-Deskside Services-PortHardy-Remote"
"LD125035","HSS-1042371","2J7SQV3","VIHA-CICHC-Cormorant Island Community Health Centre-Main Building-1st Floor","Alert Bay","Main Building","Managers office","1","REQ0908837-RITM0955418-SCTASK1529647","","03/30/2026","General Rounding","Administration","NTT-Deskside Services-PortHardy-Remote"
"LD072908","HSS-1042483","D9WRQV3","VIHA-PHH-Port Hardy Hospital-Main Building-1st Floor","Port Hardy","Main Building","ADMIN OFC","1","REQ0936474-RITM0984714-SCTASK1559276","","06/16/2026","General Rounding","CHW","NTT-Deskside Services-PortHardy-Staffed"
"LD072909","HSS-1042492","912SQV3","VIHA-PHH-Port Hardy Hospital-Main Building-1st Floor","Port Hardy","Main Building","PHH Admin office","1","REQ0936466-RITM0984706-SCTASK1559298","","05/15/2026","General Rounding","PHH Combined Medical/Surgical","NTT-Deskside Services-PortHardy-Staffed"
"LD080675","HSS-1042533","2D7SQV3","VIHA-PHH-Port Hardy Hospital-Main Building-1st Floor","Port Hardy","Main Building","chs office","1","REQ0936472-RITM0984712-SCTASK1564341","","04/22/2025","General Rounding","CHS","NTT-Deskside Services-PortHardy-Staffed"
"LD080745","HSS-1042902","CB6LTV3","VIHA-PMH-Port McNeill Hospital-Main Building-1st Floor","Port McNeill","Main Building","Telehealth room","1","REQ0975161-RITM1025779-SCTASK1632115","","09/16/2025","General Rounding","'-","NTT-Deskside Services-PortHardy-Remote"
"PC072642","HSS-1042979","666LPR3","VIHA-PHH-Port Hardy Hospital-Main Building-1st Floor","Port Hardy","Main Building","Nurses Station","1","REQ0954096-RITM1003428-SCTASK1653110","","06/22/2026","General Rounding","Admin","NTT-Deskside Services-PortHardy-Staffed"
"LD073196","HSS-1043056","2S6Y4X3","VIHA-PHH-Port Hardy Hospital-Main Building-1st Floor","Port Hardy","Main Building","A Bentley","1","REQ0983731-RITM1034872-SCTASK1665392","","06/29/2026","General Rounding","Pharmacy","NTT-Deskside Services-PortHardy-Staffed"
"LD063807","HSS-1043139","6R9Z4X3","VIHA-PHH-Port Hardy Hospital-Main Building-1st Floor","Port Hardy","Main Building","?","1","REQ1009018-RITM1061463-SCTASK1689312","","07/08/2026","General Rounding","'-","NTT-Deskside Services-PortHardy-Staffed"
"PC078485","HSS-1043147","5WQVPR3","VIHA-CICHC-Cormorant Island Community Health Centre-Main Building-1st Floor","Alert Bay","Main Building","Main Kitchen","1","REQ1008022-RITM1060410-SCTASK1691505","","05/28/2026","General Rounding","Kitchen","NTT-Deskside Services-PortHardy-Remote"
"PC085178","HSS-1043215","J8YVPR3","VIHA-PHH-Port Hardy Hospital-Main Building-1st Floor","Port Hardy","Main Building","Nursing Station TV room","1","REQ1006949-RITM1059233-SCTASK1696769","","04/02/2026","Excluded","CSN PM Primary Care Ctr2","NTT-Deskside Services-PortHardy-Staffed"
"PC085179","HSS-1043216","D6YVPR3","VIHA-PMAPCC-Port McNeill A'ekakila'as Primary Care Centre-Main Building-1st Floor","Port McNeill","Main Building","?","1","REQ1006950-RITM1059234-SCTASK1696782","","09/07/2023","General Rounding","CSN PM Primary Care Ctr2","NTT-Deskside Services-PortHardy-Remote"
"LD085565","HSS-1043339","4M9Z4X3","VIHA-PHPCC-Port Hardy Primary Care Centre-Main Building-1st Floor","Port Hardy","Main Building","Room 8","1","REQ1002333-RITM1054435-SCTASK1708652","","07/09/2026","General Rounding","Primary Health care","NTT-Deskside Services-PortHardy-Local"
"LD085566","HSS-1043340","GY6Y4X3","VIHA-PMAPCC-Port McNeill A'ekakila'as Primary Care Centre-Main Building-1st Floor","Port McNeill","Main Building","Jodi Wright's Office","1","REQ1002327-RITM1054429-SCTASK1708668","","04/21/2026","General Rounding","'-","NTT-Deskside Services-PortHardy-Remote"
"LD064055","HSS-1043664","JM205X3","VIHA-PHFP-Port Hardy Family Practice-Main Building-1st Floor","Port Hardy","Main Building","208","2","REQ1050365-RITM1105294-SCTASK1763953","","04/02/2024","General Rounding","CCD Admin Support-Comox","NTT-Deskside Services-PortHardy-Local"
"PC078616","HSS-1043848","CF0LPR3","VIHA-PHH-Port Hardy Hospital-Main Building-1st Floor","Port Hardy","Main Building","Room 11 acute care wing","1","REQ1070485-RITM1126443-SCTASK1800418","","06/24/2026","General Rounding","Ambulatory","NTT-Deskside Services-PortHardy-Staffed"
"LD100748","HSS-1043946","7WPQGY3","VIHA-PMAPCC-Port McNeill A'ekakila'as Primary Care Centre-Main Building-1st Floor","Port McNeill","Main Building","Jodi's Office","1","REQ1084961-RITM1141977-SCTASK1823157","","02/26/2024","General Rounding","PMAPCC-Primary Care","NTT-Deskside Services-PortHardy-Remote"
"LD100954","HSS-1044320","8YB95X3","VIHA-PAH-Port Alice Health Center-Main Building-1st Floor","Port Alice","Main Building","Doctors office or offsite","1","REQ1121922-RITM1180815-SCTASK1887241","","07/25/2025","General Rounding","Port Alice Health Centre","NTT-Deskside Services-PortHardy-Remote"
"LD064872","HSS-1044721","77Q5SV3","VIHA-KYU-Kyuquot Health Centre","Kyuquot","","","","REQ1149419-RITM1210189-SCTASK1938738","","","Excluded","","NTT-Deskside Services-PortHardy-Remote"
"LD085679","HSS-1044769","40M1QV3","VIHA-PMH-Port McNeill Hospital-Main Building-1st Floor","Port McNeill","Admin Trailer","WFH","1","REQ1155659-RITM1216786-SCTASK1948063","","02/24/2026","Excluded","COV Agency Coordination","NTT-Deskside Services-PortHardy-Remote"
"PC079094","HSS-1045026","BYV13Z3","VIHA-PMH-Port McNeill Hospital-Main Building-1st Floor","Port McNeill","Main Building","Security Office-Next to Reception","1","REQ1194174-RITM1257654-SCTASK2017769","","06/22/2026","General Rounding","ACV Protection Svcs Admin","NTT-Deskside Services-PortHardy-Remote"
"LD090373","HSS-1045030","HK3C9W3","VIHA-PHHC-Port Hardy Health Centre-Main Building-1st Floor","Port Hardy","Main Building","Office beside rear door-no number","1","REQ1192252-RITM1255586-SCTASK2016942","","05/21/2026","General Rounding","PHS Community Development","NTT-Deskside Services-PortHardy-Local"
"LD090445","HSS-1045378","D52B9W3","VIHA-PHH-Port Hardy Hospital-Main Building-1st Floor","Port Hardy","Main Building","TBD","1","REQ1217481-RITM1282518-SCTASK2065271","","05/15/2026","General Rounding","ACV Clinical Mentors","NTT-Deskside Services-PortHardy-Staffed"
"LD101782","HSS-1045887","DG7YCW3","VIHA-PMH-Port McNeill Hospital-Main Building-1st Floor","Port McNeill","Admin Trailer","Hayley's Office","1","REQ1255348-RITM1323142-SCTASK2121255","","06/22/2026","General Rounding","ADMIN","NTT-Deskside Services-PortHardy-Remote"
"LD101840","HSS-1046040","3Z1WCW3","VIHA-PHH-Port Hardy Hospital-Main Building-1st Floor","Port Hardy","Main Building","Yellow Room-ERM","1","REQ1263620-RITM1332185-SCTASK2135702","","07/06/2026","General Rounding","Admin","NTT-Deskside Services-PortHardy-Staffed"
"LD086100","HSS-1046580","1YKVCW3","VIHA-PMH-Port McNeill Hospital-Main Building-1st Floor","Port McNeill","Main Building","Admin Trailer","1","REQ1306691-RITM1377994-SCTASK2227482","","04/21/2026","General Rounding","PMH Diabetes Education Program","NTT-Deskside Services-PortHardy-Remote"
"LD067832","HSS-1046745","9VKVCW3","VIHA-PHPCC-Port Hardy Primary Care Centre-Main Building-1st Floor","Port Hardy","Main Building","Rooms 4 and 8","1","REQ1328222-RITM1400778-SCTASK2250099","","06/29/2026","General Rounding","CSN PH Primary Care Ctr","NTT-Deskside Services-PortHardy-Local"
"LD090875","HSS-1046983","50YRCW3","VIHA-PHPCC-Port Hardy Primary Care Centre-Main Building-1st Floor","Port Hardy","Main Building","Bullpen","1","REQ1327952-RITM1400505-SCTASK2275557","","06/02/2026","General Rounding","CSN PH Primary Care Ctr2","NTT-Deskside Services-PortHardy-Local"
"LD067938","HSS-1047069","5HSQCW3","VIHA-PMAPCC-Port McNeill A'ekakila'as Primary Care Centre-Main Building-1st Floor","Port McNeill","Main Building","Evan Rogers for home","1","REQ1356104-RITM1430308-SCTASK2297618","","07/17/2025","General Rounding","CSN PM  Primary Care Ctr","NTT-Deskside Services-PortHardy-Remote"
"LD067940","HSS-1047071","JQSQCW3","VIHA-KYU-Kyuquot Health Centre-Main Building-1st Floor","Kyuquot","Main building","?","1","REQ1359302-RITM1433759-SCTASK2297620","","","General Rounding","KHC Kyuquot Health Centre","NTT-Deskside Services-PortHardy-Remote"
"9MQBK44","HSS-1047558","9MQBK44","VIHA-PMH-Port McNeill Hospital-Main Building-1st Floor","Port McNeill","Main Building","Lunch Room","1","REQ1399939-RITM1476830-SCTASK2382162","","","","DI","NTT-Deskside Services-PortHardy-Remote"
"LD091161","HSS-1047597","2J6RCW3","VIHA-PHPCC-Port Hardy Primary Care Centre-Main Building-1st Floor","Port Hardy","Main Building","Bullpen","1","REQ1420455-RITM1498454-SCTASK2412854","","06/02/2026","General Rounding","PMH Diabetes Education Program","NTT-Deskside Services-PortHardy-Local"
"LD086344","HSS-1047901","GNFJVW3","VIHA-PHH-Port Hardy Hospital-Main Building-1st Floor","Port Hardy","Main Building","Lab-Left Rear Corner","1","REQ1455050-RITM1535087-SCTASK2471417","","07/02/2026","General Rounding","Laboratory Core","NTT-Deskside Services-PortHardy-Staffed"
"LD081077","HSS-1048044","CN6TQW3","VIHA-PHH-Port Hardy Hospital-Main Building-1st Floor","Port Hardy","Main Building","H&C office PHH","1","REQ1466681-RITM1547345-SCTASK2489599","","06/15/2026","General Rounding","Home and Community","NTT-Deskside Services-PortHardy-Staffed"
"LD081076","HSS-1048046","6XVSQW3","VIHA-PHH-Port Hardy Hospital-Main Building-1st Floor","Port Hardy","Main Building","PHH1E031","1","REQ1466677-RITM1547341-SCTASK2489569","","06/24/2026","General Rounding","CHS NVI Case Mgmt","NTT-Deskside Services-PortHardy-Staffed"
"LD086384","HSS-1048138","FY12WH3","VIHA-PHH-Port Hardy Hospital-Main Building-1st Floor","Port Hardy","Main Building","omnicell rooms","1","REQ1476937-RITM1558295-SCTASK2514123","","04/30/2026","Excluded","PHH Combined Medical/Surgical","NTT-Deskside Services-PortHardy-Staffed"
"LD086385","HSS-1048140","HPK2WH3","VIHA-PHH-Port Hardy Hospital-Main Building-1st Floor","Port Hardy","Main Building","Omnicell Room","1","REQ1476939-RITM1558297-SCTASK2514153","","04/02/2026","Excluded","PHH Combined Medical/Surgical","NTT-Deskside Services-PortHardy-Staffed"
"LD068604","HSS-1048335","JMD2WH3","VIHA-PMH-Port McNeill Hospital-Main Building-1st Floor","Port McNeill","Admin trailer","WFH","1","REQ1516362-RITM1599685-SCTASK2571328","","04/16/2026","Excluded","MCN Clinical Svc NVI","NTT-Deskside Services-PortHardy-Remote"
"PC080276","HSS-1048376","8KX4L44","VIHA-PMH-Port McNeill Hospital-Main Building-1st Floor","Port McNeill","Main building","Physician  office sea-can","1","REQ1514254-RITM1597477-SCTASK2579405","","03/19/2026","General Rounding","CVH Rehab and Social Work","NTT-Deskside Services-PortHardy-Remote"
"LD091562","HSS-1048390","57L2WH3","VIHA-PHMHAS-Port Hardy Mental Health & Addiction Services-Main Building-1st Floor","Port Hardy","Main Building","WFH","1","REQ1525321-RITM1609140-SCTASK2584162","","","Excluded","WFH","NTT-Deskside Services-PortHardy-Local"
"LD104946","HSS-1110662","J0WHX64","VIHA-PHHC-Port Hardy Health Centre-Main Building-1st Floor","Port Hardy","Main Building","Room 2","1","REQ1700893-RITM1795173-SCTASK2881400","","05/26/2026","General Rounding","PHN PH Public Health Nursing","NTT-Deskside Services-PortHardy-Local"
"LD104947","HSS-1110663","B0WHX64","VIHA-PHHC-Port Hardy Health Centre-Main Building-1st Floor","Port Hardy","Main Building","Boardroom","1","REQ1700888-RITM1795168-SCTASK2881566","","","General Rounding","PHN PH Public Health Nursing","NTT-Deskside Services-PortHardy-Local"
"PC024299","HSS-1952968","MJ0531K3","VIHA-KYU-Kyuquot Health Centre-Main Building-1st Floor","Kyuquot","Main Building","UNKNOWN","1","","","","General Rounding","Information Management/Information Technology (IM/IT)","NTT-Deskside Services-PortHardy-Remote"
"LD042738","HSS-1960756","PC1FCPB4","VIHA-PHHC-Port Hardy Health Centre-Main Building-1st Floor","Port Hardy","Main Building","Boardroom","1","","","10/20/2023","General Rounding"," COVID","NTT-Deskside Services-PortHardy-Local"
"LD042746","HSS-1960764","PC1FCPCJ","VIHA-PMAPCC-Port McNeill A'ekakila'as Primary Care Centre-Main Building-1st Floor","Port McNeill","Main building","Room#5","1","","","02/11/2025","General Rounding"," ","NTT-Deskside Services-PortHardy-Remote"
"LD048246","HSS-1967561","FS4DP73","VIHA-PHHC-Port Hardy Health Centre","Port Hardy","","West Block 56","","COVID19W-07-0055","","","Excluded","","NTT-Deskside Services-PortHardy-Local"
"LD048282","HSS-1967597","JQGVN73","VIHA-PHHC-Port Hardy Health Centre-Main Building-1st Floor","Port Hardy","Main Building","Boardroom","1","COVID19W-07-0090","","01/14/2026","General Rounding","COVID","NTT-Deskside Services-PortHardy-Local"
"LD048283","HSS-1967598","HWSBP73","VIHA-PHHC-Port Hardy Health Centre-Main Building-1st Floor","Port Hardy","Main Building","Boardroom","1","COVID19W-07-0091","","10/20/2023","General Rounding"," COVID","NTT-Deskside Services-PortHardy-Local"
"LD041025","HSS-6001272","PC1EPQEH","VIHA-PHH-Port Hardy Hospital-Main Building-1st Floor","Port Hardy","Main Building","?","1","","","07/08/2026","General Rounding","PHN PH Public Health Nursing","NTT-Deskside Services-PortHardy-Staffed"
"PC035168","HSS-8003965","MJ020BL7","VIHA-KYU-Kyuquot Health Centre-Main Building-1st Floor","Kyuquot","Main Building","ER","1","","08/24/2020","","General Rounding","Emergency medicine","NTT-Deskside Services-PortHardy-Remote"
"TD030071","HSS-8012496","MP1DLVT9","VIHA-PHH-Port Hardy Hospital-Main Building-1st Floor","Port Hardy","Main Building","IM/IT office","1st","","","","Excluded","Nursing","NTT-Deskside Services-PortHardy-Staffed"
"PC034679DUP","HSS-8012506","PC0N8GUA","VIHA-PMH-Port McNeill Hospital-Main Building-1st Floor","Port McNeill","Main Building","Lab","1","","","07/17/2023","Excluded","Lab","NTT-Deskside Services-PortHardy-Remote"
"LD032212TRP","HSS-8015127","PC0UA6RE","VIHA-PHHC-Port Hardy Health Centre-Main Building-1st Floor","Port Hardy","Main Building","False","1","","","","General Rounding","Aboriginal Health","NTT-Deskside Services-PortHardy-Local"
"LD035971","HSS-8022247","8KKZ9C3","VIHA-PHMHAS-Port Hardy Mental Health & Addiction Services-Main Building-1st Floor","Port Hardy","Main Building","Bullpen","1","VIHATRP20210614-020","","05/26/2023","General Rounding"," ","NTT-Deskside Services-PortHardy-Local"
"LD035980","HSS-8025730","1TR26G3","VIHA-PMH-Port McNeill Hospital-Main Building-1st Floor","Port McNeill","Main Building","Rehab","1","VIHATRP20211206-008","","04/16/2026","General Rounding","Physiotherapy","NTT-Deskside Services-PortHardy-Remote"
"LD065285","HSS-8025732","8DXJ7G3","VIHA-PHH-Port Hardy Hospital-Main Building-1st Floor","Port Hardy","Main Building","Admin","1","VIHATRP20211206-010","","07/02/2026","General Rounding","Community Health","NTT-Deskside Services-PortHardy-Staffed"
"PC034006","HSS-8026811","JJC6VH3","VIHA-SHC-Sointula Health Clinic-Main Building-1st Floor","Sointula","Main Building","TV","1","VIHATRP20220221-031","","05/16/2025","General Rounding"," ","NTT-Deskside Services-PortHardy-Remote"
"PC047853","HSS-8058289","B75F2G3","VIHA-PHH-Port Hardy Hospital-Main Building-1st Floor","Port Hardy","Main Building","XRAY (Tech Room)","1","VIHATRP20220425-006","","07/10/2026","General Rounding","Medical Imaging","NTT-Deskside Services-PortHardy-Staffed"
"PC047075","HSS-8058290","B9TD2G3","VIHA-PHH-Port Hardy Hospital-Main Building-1st Floor","Port Hardy","Main Building","XRAY Back desk","1","VIHATRP20220425-007","","07/10/2026","General Rounding","Medical Imaging","NTT-Deskside Services-PortHardy-Staffed"
"PC033378","HSS-8058292","B9TC2G3","VIHA-PHMHAS-Port Hardy Mental Health & Addiction Services-Main Building-1st Floor","Port Hardy","Main Building","Mental Health Admin","1","VIHATRP20220425-009","","03/16/2026","General Rounding","Mental Health & Substance Use","NTT-Deskside Services-PortHardy-Local"
"LD032197","HSS-8058294","7WW06G3","VIHA-PHMHAS-Port Hardy Mental Health & Addiction Services-Main Building-1st Floor","Port Hardy","Main Building","Office (Beside Conference Room)","1","VIHATRP20220425-011","","03/16/2026","General Rounding","Public Health","NTT-Deskside Services-PortHardy-Local"
"PC021250","HSS-8058295","B6VJ2G3","VIHA-PHMHAS-Port Hardy Mental Health & Addiction Services-Main Building-1st Floor","Port Hardy","Main Building","ICMT Admin","1","VIHATRP20220425-012","","03/16/2026","General Rounding","MCN Clinical Svc Mt Waddington","NTT-Deskside Services-PortHardy-Local"
"LD030961","HSS-8058296","GW682J3","VIHA-PHMHAS-Port Hardy Mental Health & Addiction Services-Main Building-1st Floor","Port Hardy","Main Building","Office (1st from Entrance)","1","VIHATRP20220425-013","","04/10/2026","General Rounding","MCN Clinical Svc Mt Waddington","NTT-Deskside Services-PortHardy-Local"
"LD065366","HSS-8058299","407X9K3","VIHA-PHH-Port Hardy Hospital-Main Building-1st Floor","Port Hardy","Eagle Ridge Manor","Lead Nurse Office-ERM","1","VIHATRP20220425-016","","07/10/2026","General Rounding","Long Term Care-Admin","NTT-Deskside Services-PortHardy-Staffed"
"PC031983","HSS-8058300","6S2VMH3","VIHA-PHH-Port Hardy Hospital-Main Building-1st Floor","Port Hardy","Main Building","Laboratory (Collection Room)","1","VIHATRP20220425-017","","07/13/2026","Critical Clinical","Laboratory","NTT-Deskside Services-PortHardy-Staffed"
"PC033376","HSS-8058301","6SHVMH3","VIHA-PHH-Port Hardy Hospital-Main Building-1st Floor","Port Hardy","Main Building","General Office (Community Health Services Admin Su","1","VIHATRP20220425-018","","06/22/2026","General Rounding","Administration","NTT-Deskside Services-PortHardy-Staffed"
"LD065368","HSS-8058304","CSBD3J3","VIHA-PHH-Port Hardy Hospital-Main Building-1st Floor","Port Hardy","Main Building","Home & Community office","1","VIHATRP20220425-021","","07/17/2025","General Rounding","PHH Combined Medical/Surgical","NTT-Deskside Services-PortHardy-Staffed"
"PC035258","HSS-8058308","6S1PMH3","VIHA-PHH-Port Hardy Hospital-Main Building-1st Floor","Port Hardy","Main Building","Clinical Coordinator (Beside Door)","1","VIHATRP20220425-025","","06/22/2026","General Rounding","Community Health","NTT-Deskside Services-PortHardy-Staffed"
"PC031985","HSS-8058310","6RWKMH3","VIHA-PHH-Port Hardy Hospital-Main Building-1st Floor","Port Hardy","Main Building","Laboratory (Front of Lab)","1","VIHATRP20220425-027","","07/13/2026","Critical Clinical","PHH Lab","NTT-Deskside Services-PortHardy-Staffed"
"PC031977","HSS-8058311","6S3QMH3","VIHA-PHH-Port Hardy Hospital-Main Building-1st Floor","Port Hardy","Main Building","Laboratory (Right of Lab)","1","VIHATRP20220425-028","","07/13/2026","Critical Clinical","Laboratory","NTT-Deskside Services-PortHardy-Staffed"
"LD065367","HSS-8058313","FQSJBK3","VIHA-PMH-Port McNeill Hospital-Main Building-1st Floor","Port McNeill","Main Building","Lead Office","1","VIHATRP20220425-030","","04/17/2026","General Rounding","Administration","NTT-Deskside Services-PortHardy-Remote"
"LD065371","HSS-8058314","D3Z34J3","VIHA-PHH-Port Hardy Hospital-Main Building-1st Floor","Port Hardy","Main Building","Beside reception","1","VIHATRP20220425-031","","07/08/2026","General Rounding","Administration","NTT-Deskside Services-PortHardy-Staffed"
"PC035265","HSS-8058321","GRG6VH3","VIHA-SHC-Sointula Health Clinic-Main Building-1st Floor","Sointula","Main Building","Room 2","1","VIHATRP20220425-038","","05/16/2025","General Rounding","ACN Mt Waddington Reg Admin","NTT-Deskside Services-PortHardy-Remote"
"PC035253","HSS-8058323","6S3MMH3","VIHA-SHC-Sointula Health Clinic-Main Building-1st Floor","Sointula","Main Building","Nurses exam room","1","VIHATRP20220425-040","","05/16/2025","General Rounding","Public Health","NTT-Deskside Services-PortHardy-Remote"
"LD030965","HSS-8058381","B2KQ6G3","VIHA-PMAPCC-Port McNeill A'ekakila'as Primary Care Centre-Main Building-1st Floor","Port McNeill","Main Building","Basement","1","VIHATRP20220502-001","","04/23/2025","General Rounding","Public Health Nursing","NTT-Deskside Services-PortHardy-Remote"
"PC031987","HSS-8058384","6SDNMH3","VIHA-PMH-Port McNeill Hospital-Main Building-1st Floor","Port McNeill","Admin Trailer","Room to left of entrance HCC","1","VIHATRP20220502-004","","06/15/2026","General Rounding","Home & Community Care","NTT-Deskside Services-PortHardy-Remote"
"LD038224","HSS-8058386","F6ZS5J3","VIHA-PMH-Port McNeill Hospital-Main Building-1st Floor","Port McNeill","Main Building","Admin Building (trailer)","1","VIHATRP20220502-006","","02/20/2026","General Rounding","Administration","NTT-Deskside Services-PortHardy-Remote"
"PC031994","HSS-8058388","B9RH2G3","VIHA-PMH-Port McNeill Hospital-Main Building-1st Floor","Port McNeill","Main Building","Mental Health Office Admin Trailer (Admin Assistan","1","VIHATRP20220502-008","","06/15/2026","General Rounding","Administration","NTT-Deskside Services-PortHardy-Remote"
"LD065373","HSS-8058391","5ZQD3J3","VIHA-PMH-Port McNeill Hospital-Main Building-1st Floor","Port McNeill","Main Building","Mental Health Office Admin Trailer (Office)","1","VIHATRP20220502-011","","11/07/2025","General Rounding","Administration","NTT-Deskside Services-PortHardy-Remote"
"PC067007","HSS-8070170","172RQN3","VIHA-CICHC-Cormorant Island Community Health Centre-Main Building-1st Floor","Alert Bay","Main Building","PACS Server Room XRay","1","VIHATRP11212022-001","","05/28/2026","General Rounding","Medical Imaging","NTT-Deskside Services-PortHardy-Remote"
"LD035973","HSS-8073271","GPKWDK3","VIHA-PHHC-Port Hardy Health Centre-Main Building-1st Floor","Port Hardy","Main Building","Dietitian Office (Back Office - 3rd from door)","1","VIHATRP20230320-114","","07/18/2024","General Rounding","CSN PHC","NTT-Deskside Services-PortHardy-Local"
"PC037392","HSS-8074188","7S33XP3","VIHA-PHFP-Port Hardy Family Practice-Main Building-1st Floor","Port Hardy","Main Building","Unit A (Center for Hope)","2","VIHATRP20230509-003","","03/04/2024","General Rounding","PH Public Health Nursing","NTT-Deskside Services-PortHardy-Local"
"LD065892","HSS-8074189","FQ02JW3","VIHA-PHHC-Port Hardy Health Centre-Main Building-1st Floor","Port Hardy","Main Building","Dietitian Office (Back Office - Left of door)","1","VIHATRP20230509-004","","02/26/2026","General Rounding","PHC/CDM Pt McNeill","NTT-Deskside Services-PortHardy-Local"
"LD065896","HSS-8074190","GK7SQV3","VIHA-PHHC-Port Hardy Health Centre-Main Building-1st Floor","Port Hardy","Main Building","Environment Office (Front of building)","1","VIHATRP20230509-005","","12/02/2025","General Rounding","Environmental Health","NTT-Deskside Services-PortHardy-Local"
"LD039569","HSS-8074192","37HTQV3","VIHA-PHHC-Port Hardy Health Centre-Main Building-1st Floor","Port Hardy","Main Building","Nurses Office","1","VIHATRP20230509-007","","05/21/2025","General Rounding","OBGH HUB Admin","NTT-Deskside Services-PortHardy-Local"
"PC031984","HSS-8074193","9K25XP3","VIHA-PHH-Port Hardy Hospital-Main Building-1st Floor","Port Hardy","Main Building","General Office (Admitting)","1","VIHATRP20230509-008","","12/09/2025","Excluded","Emergency/Ambulatory Care","NTT-Deskside Services-PortHardy-Staffed"
"PC035250","HSS-8074195","6FZ4XP3","VIHA-PHH-Port Hardy Hospital-Main Building-1st Floor","Port Hardy","Main Building","Nurses Station (Downtime)-ERM","1","VIHATRP20230509-010","","07/13/2026","Critical Clinical","RC Eagle Ridge Manor","NTT-Deskside Services-PortHardy-Staffed"
"LD038222","HSS-8074198","990LTV3","VIHA-PHH-Port Hardy Hospital-Main Building-1st Floor","Port Hardy","Main Building","Kitchen - goes home","1","VIHATRP20230509-013","","03/31/2026","Excluded","Patient Food Services","NTT-Deskside Services-PortHardy-Staffed"
"PC067101","HSS-8074199","4K25XP3","VIHA-PHH-Port Hardy Hospital-Main Building-1st Floor","Port Hardy","Main Building","Laboratory (Left Rear of Lab)","1","VIHATRP20230509-014","","07/10/2026","General Rounding","Laboratory","NTT-Deskside Services-PortHardy-Staffed"
"PC031976","HSS-8074200","5J25XP3","VIHA-PHH-Port Hardy Hospital-Main Building-1st Floor","Port Hardy","Main Building","Maintenance Shop","1","VIHATRP20230509-015","","07/13/2026","General Rounding","Plant Maintenance","NTT-Deskside Services-PortHardy-Staffed"
"LD065695","HSS-8074202","6SLSQV3","VIHA-PHH-Port Hardy Hospital-Main Building-1st Floor","Port Hardy","Main Building","Physio","1","VIHATRP20230509-017","","06/15/2026","General Rounding","PHH Physiotherapy","NTT-Deskside Services-PortHardy-Staffed"
"LD065802","HSS-8074204","340LTV3","VIHA-PHH-Port Hardy Hospital-Main Building-1st Floor","Port Hardy","Main Building","General Office","1","VIHATRP20230509-019","","07/02/2026","General Rounding","Community Rehab-Re3","NTT-Deskside Services-PortHardy-Staffed"
"PC033375","HSS-8074205","72R5XP3","VIHA-PHH-Port Hardy Hospital-Main Building-1st Floor","Port Hardy","Main Building","General Office (Medical Records)","1","VIHATRP20230509-020","","07/08/2026","General Rounding","Records Management","NTT-Deskside Services-PortHardy-Staffed"
"PC021645","HSS-8074206","2PF5XP3","VIHA-PHPCC-Port Hardy Primary Care Centre-Main Building-1st Floor","Port Hardy","Main Building","Dirty Room","1","VIHATRP20230509-021","","07/06/2026","General Rounding","PH Primary Care Ctr","NTT-Deskside Services-PortHardy-Local"
"PC021643","HSS-8074207","F3KQQN3","VIHA-PHPCC-Port Hardy Primary Care Centre-Main Building-1st Floor","Port Hardy","Main Building","Room 3","1","VIHATRP20230509-022","","06/24/2026","General Rounding","PHC/CDM Pt McNeill","NTT-Deskside Services-PortHardy-Local"
"PC021642","HSS-8074208","FNQ5XP3","VIHA-PHPCC-Port Hardy Primary Care Centre-Main Building-1st Floor","Port Hardy","Main Building","Room 4","1","VIHATRP20230509-023","","06/24/2026","General Rounding","PH Primary Care Ctr","NTT-Deskside Services-PortHardy-Local"
"PC021644","HSS-8074209","4L25XP3","VIHA-PHPCC-Port Hardy Primary Care Centre-Main Building-1st Floor","Port Hardy","Main Building","Room 14","1","VIHATRP20230509-024","","06/16/2026","General Rounding","PH Primary Care Ctr","NTT-Deskside Services-PortHardy-Local"
"PC026577","HSS-8074210","3NF5XP3","VIHA-PHPCC-Port Hardy Primary Care Centre-Main Building-1st Floor","Port Hardy","Main Building","Dirty Room","1","VIHATRP20230509-025","","12/28/2023","Excluded"," ","NTT-Deskside Services-PortHardy-Local"
"PC021945","HSS-8074211","8131KQ3","VIHA-PHPCC-Port Hardy Primary Care Centre-Main Building-1st Floor","Port Hardy","Main Building","Reception 2","1","VIHATRP20230509-026","","07/09/2026","Critical Clinical","PH Primary Care Ctr","NTT-Deskside Services-PortHardy-Local"
"PC026579","HSS-8074212","5ZZ0KQ3","VIHA-PHPCC-Port Hardy Primary Care Centre-Main Building-1st Floor","Port Hardy","Main Building","Room 11","1","VIHATRP20230509-027","","06/26/2026","General Rounding","PH Primary Care Ctr","NTT-Deskside Services-PortHardy-Local"
"PC026574","HSS-8074213","FBQ5XP3","VIHA-PHPCC-Port Hardy Primary Care Centre-Main Building-1st Floor","Port Hardy","Main Building","Bullpen (Against backwall - 3rd from breakroom)","1","VIHATRP20230509-028","","06/26/2026","General Rounding","Primary Care","NTT-Deskside Services-PortHardy-Local"
"PC026572","HSS-8074214","JXZ0KQ3","VIHA-PHPCC-Port Hardy Primary Care Centre-Main Building-1st Floor","Port Hardy","Main Building","Main Office","1","VIHATRP20230509-029","","07/09/2026","General Rounding","PH Primary Care Ctr","NTT-Deskside Services-PortHardy-Local"
"PC023576","HSS-8074215","5TQ5XP3","VIHA-PHPCC-Port Hardy Primary Care Centre-Main Building-1st Floor","Port Hardy","Main Building","Room 1","1","VIHATRP20230509-030","","06/24/2026","General Rounding","PH Primary Care Ctr","NTT-Deskside Services-PortHardy-Local"
"PC021516","HSS-8074216","4MF5XP3","VIHA-PHPCC-Port Hardy Primary Care Centre-Main Building-1st Floor","Port Hardy","Main Building","Room 10","1","VIHATRP20230509-031","","07/09/2026","General Rounding","PH Primary Care Ctr","NTT-Deskside Services-PortHardy-Local"
"PC021654","HSS-8074217","2NF5XP3","VIHA-PHPCC-Port Hardy Primary Care Centre-Main Building-1st Floor","Port Hardy","Main Building","Bullpen (Island of four desks - 2nd Closest to doo","1","VIHATRP20230509-032","","06/26/2026","General Rounding","PH Primary Care Ctr","NTT-Deskside Services-PortHardy-Local"
"PC021652","HSS-8074218","2XZ0KQ3","VIHA-PHPCC-Port Hardy Primary Care Centre-Main Building-1st Floor","Port Hardy","Main Building","Room 2","1","VIHATRP20230509-033","","06/26/2026","General Rounding","PHC/CDM Pt McNeill","NTT-Deskside Services-PortHardy-Local"
"PC021651","HSS-8074219","7YZ0KQ3","VIHA-PHPCC-Port Hardy Primary Care Centre-Main Building-1st Floor","Port Hardy","Main Building","Bullpen (Island of four desks - Facing window)","1","VIHATRP20230509-034","","07/09/2026","General Rounding","PH Primary Care Ctr","NTT-Deskside Services-PortHardy-Local"
"PC021647","HSS-8074220","BZZ0KQ3","VIHA-PHPCC-Port Hardy Primary Care Centre-Main Building-1st Floor","Port Hardy","Main Building","Reception","1","VIHATRP20230509-035","","07/09/2026","Critical Clinical","PH Primary Care Ctr","NTT-Deskside Services-PortHardy-Local"
"PC022059","HSS-8074221","2XMMPR3","VIHA-PHPCC-Port Hardy Primary Care Centre-Main Building-1st Floor","Port Hardy","Main Building","Bullpen (Sidewall 2nd from Breakroom)","1","VIHATRP20230509-036","","06/16/2026","General Rounding","Physician Contracts","NTT-Deskside Services-PortHardy-Local"
"PC021648","HSS-8074222","HMWKPR3","VIHA-PHPCC-Port Hardy Primary Care Centre-Main Building-1st Floor","Port Hardy","Main Building","Bullpen (Against backwall - 2nd from breakroom)","1","VIHATRP20230509-037","","06/24/2026","General Rounding","PH Primary Care Ctr","NTT-Deskside Services-PortHardy-Local"
"PC026578","HSS-8074223","G5BMPR3","VIHA-PHPCC-Port Hardy Primary Care Centre-Main Building-1st Floor","Port Hardy","Main Building","Room 15","1","VIHATRP20230509-038","","06/26/2026","General Rounding","PH Primary Care Ctr","NTT-Deskside Services-PortHardy-Local"
"PC022058","HSS-8074224","7WZ0KQ3","VIHA-PHPCC-Port Hardy Primary Care Centre-Main Building-1st Floor","Port Hardy","Main Building","Room 16","1","VIHATRP20230509-039","","06/24/2026","General Rounding","PH Primary Care Ctr","NTT-Deskside Services-PortHardy-Local"
"LD022344","HSS-8074227","FW9TQV3","VIHA-PHMHAS-Port Hardy Mental Health & Addiction Services-Main Building-1st Floor","Port Hardy","Main Building","10","1","VIHATRP20230509-042","","03/19/2026","General Rounding","Clinical Svc Mt Waddington","NTT-Deskside Services-PortHardy-Local"
"LD066073","HSS-8074230","9D4TQV3","VIHA-PHMHAS-Port Hardy Mental Health & Addiction Services-Main Building-1st Floor","Port Hardy","Main Building","Bullpen (Harm Reduction Office)","1","VIHATRP20230509-045","","02/28/2025","General Rounding","NI ICMT","NTT-Deskside Services-PortHardy-Local"
"LD035982","HSS-8074233","JYQJTV3","VIHA-PHMHAS-Port Hardy Mental Health & Addiction Services-Main Building-1st Floor","Port Hardy","Main Building","Office 2","1","VIHATRP20230509-048","","03/31/2026","General Rounding","Clinical Svc Mt Waddington","NTT-Deskside Services-PortHardy-Local"
"LD022340","HSS-8074235","J5SSQV3","VIHA-PHMHAS-Port Hardy Mental Health & Addiction Services-Main Building-1st Floor","Port Hardy","Main Building","6","1","VIHATRP20230509-050","","03/19/2026","General Rounding","Clinical Svc Mt Waddington","NTT-Deskside Services-PortHardy-Local"
"PC033388","HSS-8074237","DVZ0KQ3","VIHA-PMH-Port McNeill Hospital-Main Building-1st Floor","Port McNeill","Main Building","Admin Office (Left of Enter Door)","1","VIHATRP20230509-052","","06/01/2026","General Rounding","Admin","NTT-Deskside Services-PortHardy-Remote"
"PC031993","HSS-8074238","JKWKPR3","VIHA-PMH-Port McNeill Hospital-Main Building-1st Floor","Port McNeill","Main Building","Trauma Room","1","VIHATRP20230509-053","","07/06/2026","Critical Clinical","Combined Medical/Surgical","NTT-Deskside Services-PortHardy-Remote"
"PC030105","HSS-8074239","HWZ0KQ3","VIHA-PMH-Port McNeill Hospital-Main Building-1st Floor","Port McNeill","Main Building","Xray (Front Desk)","1","VIHATRP20230509-054","","06/01/2026","General Rounding","X-Ray","NTT-Deskside Services-PortHardy-Remote"
"PC031990","HSS-8074240","1ZZ0KQ3","VIHA-PMH-Port McNeill Hospital-Main Building-1st Floor","Port McNeill","Main Building","Lab (Behind Front Desk)","1","VIHATRP20230509-055","","06/01/2026","General Rounding","Medical Imag Site Admin","NTT-Deskside Services-PortHardy-Remote"
"LD030962","HSS-8074241","F6SSQV3","VIHA-PMH-Port McNeill Hospital-Main Building-1st Floor","Port McNeill","Main Building","Telehealth room","1","VIHATRP20230509-056","","04/21/2026","General Rounding","Scheduling Services Admin","NTT-Deskside Services-PortHardy-Remote"
"PC031991","HSS-8074243","FLWKPR3","VIHA-PMH-Port McNeill Hospital-Main Building-1st Floor","Port McNeill","Main Building","XRAY (Hematology bench top computer)","1","VIHATRP20230509-058","","04/17/2026","General Rounding","Medical Imag Site Admin","NTT-Deskside Services-PortHardy-Remote"
"PC035267","HSS-8074244","7YQMPR3","VIHA-PMAPCC-Port McNeill A'ekakila'as Primary Care Centre-Main Building-1st Floor","Port McNeill","Main Building","Room 6","1","VIHATRP20230509-059","","04/21/2026","General Rounding","PHC/CDM Pt McNeill","NTT-Deskside Services-PortHardy-Remote"
"PC033387","HSS-8074245","58BMPR3","VIHA-PMH-Port McNeill Hospital-Main Building-1st Floor","Port McNeill","Main Building","Admin Office (Back of Office by Clock)","1","VIHATRP20230509-060","","06/01/2026","General Rounding","Home Care Nursing-Re3","NTT-Deskside Services-PortHardy-Remote"
"PC035261","HSS-8074246","GKWKPR3","VIHA-PMH-Port McNeill Hospital-Main Building-1st Floor","Port McNeill","Main Building","Mental Health Office Admin Trailer (Reception)","1","VIHATRP20230509-061","","06/01/2026","General Rounding","Clinical Svc Mt Waddington","NTT-Deskside Services-PortHardy-Remote"
"PC031988","HSS-8074247","HVZ0KQ3","VIHA-PMH-Port McNeill Hospital-Main Building-1st Floor","Port McNeill","Main Building","Admin Office (Middle of Office)","1","VIHATRP20230509-062","","06/15/2026","General Rounding","Housekeeping","NTT-Deskside Services-PortHardy-Remote"
"PC035264","HSS-8074248","BWZ0KQ3","VIHA-PMH-Port McNeill Hospital","Port McNeill","Main Building","Nursing Station (Report Room)","1","VIHATRP20230509-063","","12/19/2023","Excluded","Med Staff Cred and Priv","NTT-Deskside Services-PortHardy-Remote"
"PC033998","HSS-8074250","JWZ0KQ3","VIHA-PMH-Port McNeill Hospital-Main Building-1st Floor","Port McNeill","Main Building","Port McNeill Telehealth room","1","VIHATRP20230509-065","","03/19/2026","General Rounding","Combined Medical/Surgical","NTT-Deskside Services-PortHardy-Remote"
"PC033389","HSS-8074251","CVZ0KQ3","VIHA-PMH-Port McNeill Hospital-Main Building-1st Floor","Port McNeill","Main Building","Nursing Station  (Front Desk - Left)","1","VIHATRP20230509-066","","07/06/2026","Critical Clinical","Combined Medical/Surgical","NTT-Deskside Services-PortHardy-Remote"
"PC033386","HSS-8074252","9131KQ3","VIHA-PMH-Port McNeill Hospital-Main Building-1st Floor","Port McNeill","Main Building","Admin Office-Admitting","1","VIHATRP20230509-067","","07/06/2026","Critical Clinical","Admitting","NTT-Deskside Services-PortHardy-Remote"
"PC067140","HSS-8080289","9W9VPR3","VIHA-PMH-Port McNeill Hospital-Main Building-1st Floor","Port McNeill","Main Building","Xray (Back of Lab - Window)","1st Floor","VIHATRP20231106-105","","02/14/2024","General Rounding","PMH Lab","NTT-Deskside Services-PortHardy-Remote"
"PC044306","HSS-8080846","JQJMPR3","VIHA-PHH-Port Hardy Hospital-Main Building-1st Floor","Port Hardy","Main Building","Reception","1","VIHATRP20231127-102","","07/13/2026","Critical Clinical","Admin","NTT-Deskside Services-PortHardy-Staffed"
"LD086445","HSS-8081056","DH72SV3","VIHA-PHMHAS-Port Hardy Mental Health & Addiction Services-Main Building-1st Floor","Port Hardy","Main building","?","1","REQ1506281-RITM1589141-SCTASK2573124","","12/04/2025","General Rounding","MCN Clinical Svc NVI( Port Hardy Mental Health)","NTT-Deskside Services-PortHardy-Local"
"LD045957","HSS-8085346","9N3YCW3","VIHA-PHH-Port Hardy Hospital-Main Building-1st Floor","Port Hardy","Main Building","WFH","1","VIHATRP20240408-101","","04/24/2026","Excluded","ACS Lab Quality Management","NTT-Deskside Services-PortHardy-Staffed"
"PC076279","HSS-8087922","93C6724","VIHA-PMAPCC-Port McNeill A'ekakila'as Primary Care Centre-Main Building-1st Floor","Port McNeill","Main Building","Mid Office","1","VIHATRP20240624-001","","04/21/2026","General Rounding","Primary care","NTT-Deskside Services-PortHardy-Remote"
"PC076568","HSS-8087923","9ZB6724","VIHA-PMAPCC-Port McNeill A'ekakila'as Primary Care Centre-Main Building-1st Floor","Port McNeill","Main Building","Admin - Jessica","1","VIHATRP20240624-002","","04/21/2026","General Rounding","NVI Port McNeill","NTT-Deskside Services-PortHardy-Remote"
"PC064205","HSS-8087924","10C6724","VIHA-PMAPCC-Port McNeill A'ekakila'as Primary Care Centre-Main Building-1st Floor","Port McNeill","Main Building","Room 7","1","VIHATRP20240624-003","","04/21/2026","General Rounding","NVI Port McNeill","NTT-Deskside Services-PortHardy-Remote"
"PC076286","HSS-8087925","9MH5724","VIHA-PMAPCC-Port McNeill A'ekakila'as Primary Care Centre-Main Building-1st Floor","Port McNeill","Main Building","Jessica","1","VIHATRP20240624-004","","04/21/2026","General Rounding","NVI Port McNeill","NTT-Deskside Services-PortHardy-Remote"
"PC076565","HSS-8087926","8GS5724","VIHA-PMAPCC-Port McNeill A'ekakila'as Primary Care Centre-Main Building-1st Floor","Port McNeill","Main Building","Mid Office","1","VIHATRP20240624-005","","04/21/2026","General Rounding","NVI Port McNeill","NTT-Deskside Services-PortHardy-Remote"
"PC076566","HSS-8087927","83C6724","VIHA-PMAPCC-Port McNeill A'ekakila'as Primary Care Centre-Main Building-1st Floor","Port McNeill","Main Building","Reception","1","VIHATRP20240624-006","","04/21/2026","General Rounding","NVI Port McNeill","NTT-Deskside Services-PortHardy-Remote"
"LD066494","HSS-8087928","B3MQCW3","VIHA-PMAPCC-Port McNeill A'ekakila'as Primary Care Centre-Main Building-1st Floor","Port McNeill","Main Building","Room 11","1","VIHATRP20240624-007","","05/21/2026","General Rounding","NVI Port McNeill","NTT-Deskside Services-PortHardy-Remote"
"LD066634","HSS-8087929","HLFQCW3","VIHA-PMAPCC-Port McNeill A'ekakila'as Primary Care Centre-Main Building-1st Floor","Port McNeill","Main Building","Room 2","1","VIHATRP20240624-008","","04/21/2026","General Rounding","COV Device Management - PHSA","NTT-Deskside Services-PortHardy-Remote"
"LD066635","HSS-8087930","398QCW3","VIHA-PMAPCC-Port McNeill A'ekakila'as Primary Care Centre-Main Building-1st Floor","Port McNeill","Main Building","Room 3","1","VIHATRP20240624-009","","04/21/2026","General Rounding","ACV Med Staff Cred and Priv","NTT-Deskside Services-PortHardy-Remote"
"LD066334","HSS-8087931","9PKPCW3","VIHA-PMH-Port McNeill Hospital-Main Building-1st Floor","Port McNeill","Main Building","WFH","1","VIHATRP20240624-010","","02/19/2026","Excluded","NVI Home & Comm Care","NTT-Deskside Services-PortHardy-Remote"
"LD040992","HSS-8087932","H68QCW3","VIHA-PMH-Port McNeill Hospital-Main Building-1st Floor","Port McNeill","Main Building","WFH","1st Floor","VIHATRP20240624-011","","","Excluded","Workforce Optimization","NTT-Deskside Services-PortHardy-Remote"
"LD066633","HSS-8087933","2H8QCW3","VIHA-PMH-Port McNeill Hospital-Main Building-1st Floor","Port McNeill","Main Building","port Mcneil physiotherapy room","1","VIHATRP20240624-012","","01/13/2025","General Rounding","NVI Home & Comm Care","NTT-Deskside Services-PortHardy-Remote"
"PC047073","HSS-8087934","F0C6724","VIHA-SHC-Sointula Health Clinic-Main Building-1st Floor","Sointula","Main Building","Reception","1","VIHATRP20240624-013","","05/16/2025","General Rounding","NVI MHAS","NTT-Deskside Services-PortHardy-Remote"
"PC060956","HSS-8087935","F1C6724","VIHA-SHC-Sointula Health Clinic-Main Building-1st Floor","Sointula","Main Building","Common Room","1","VIHATRP20240624-014","","05/16/2025","General Rounding","Strathcona/Remote Communities","NTT-Deskside Services-PortHardy-Remote"
"PC029582","HSS-8087936","20C6724","VIHA-SHC-Sointula Health Clinic-Main Building-1st Floor","Sointula","Main Building","Clinic Room 1","1","VIHATRP20240624-015","","05/16/2025","General Rounding","Strathcona/Remote Communities","NTT-Deskside Services-PortHardy-Remote"
"LD040945","HSS-8087937","J4MQCW3","VIHA-PHHC-Port Hardy Health Centre-Main Building-1st Floor","Port Hardy","Main Building","PHHU Boardroom","1","VIHATRP20240624-016","","05/08/2026","General Rounding","NVI CYF","NTT-Deskside Services-PortHardy-Local"
"LD042739","HSS-8087938","87MQCW3","VIHA-PHHC-Port Hardy Health Centre-Main Building-1st Floor","Port Hardy","Main Building","For use at Home","1","VIHATRP20240624-017","","05/08/2026","General Rounding","NVI CYF","NTT-Deskside Services-PortHardy-Local"
"PC023575","HSS-8087942","5HS5724","VIHA-PHPCC-Port Hardy Primary Care Centre-Main Building-1st Floor","Port Hardy","Main Building","Admin Office","1","VIHATRP20240624-021","","06/24/2026","General Rounding","NVI Port Hardy Primary Care","NTT-Deskside Services-PortHardy-Local"
"PC026576","HSS-8087943","6TW5724","VIHA-PHPCC-Port Hardy Primary Care Centre-Main Building-1st Floor","Port Hardy","Main Building","Room 12","1","VIHATRP20240624-022","","06/24/2026","General Rounding","Medical Staff Cred and Priv","NTT-Deskside Services-PortHardy-Local"
"PC021518","HSS-8087944","9JS5724","VIHA-PHPCC-Port Hardy Primary Care Centre-Main Building-1st Floor","Port Hardy","Main Building","Room 5","1","VIHATRP20240624-023","","07/06/2026","General Rounding","Mt Waddington Indig Hlth","NTT-Deskside Services-PortHardy-Local"
"PC023326","HSS-8087945","FQX6724","VIHA-PHPCC-Port Hardy Primary Care Centre-Main Building-1st Floor","Port Hardy","Main Building","Bullpen (Island of four desks - Closest to door)","1","VIHATRP20240624-024","","06/26/2026","General Rounding","NVI Port Hardy Primary Care","NTT-Deskside Services-PortHardy-Local"
"LD024927","HSS-8087946","49MQCW3","VIHA-PHPCC-Port Hardy Primary Care Centre-Main Building-1st Floor","Port Hardy","Main Building","Room 6","1","VIHATRP20240624-025","","05/04/2026","General Rounding","NVI Port Hardy Primary Care","NTT-Deskside Services-PortHardy-Local"
"PC026580","HSS-8087947","6GS5724","VIHA-PHPCC-Port Hardy Primary Care Centre-Main Building-1st Floor","Port Hardy","Main Building","Room 9","1","VIHATRP20240624-026","","06/24/2026","General Rounding","Mt Waddington Indig Hlth","NTT-Deskside Services-PortHardy-Local"
"PC026582","HSS-8087948","F2C6724","VIHA-PHPCC-Port Hardy Primary Care Centre-Main Building-1st Floor","Port Hardy","Main Building","Bullpen (Against sidewall - corner of room","1","VIHATRP20240624-027","","06/24/2026","General Rounding","PHH Combined Medical/Surgical","NTT-Deskside Services-PortHardy-Local"
"LD066630","HSS-8087949","8R2QCW3","VIHA-PHPCC-Port Hardy Primary Care Centre-Main Building-1st Floor","Port Hardy","Main Building","Bullpen (Backwall facing windows - 4th from breakr","1","VIHATRP20240624-028","","06/26/2026","General Rounding","NVI Port McNeill","NTT-Deskside Services-PortHardy-Local"
"LD066636","HSS-8087950","778QCW3","VIHA-PHPCC-Port Hardy Primary Care Centre-Main Building-1st Floor","Port Hardy","Main Building","With Dr","1","VIHATRP20240624-029","","06/26/2026","General Rounding","Primary care","NTT-Deskside Services-PortHardy-Local"
"LD066629","HSS-8087951","3PFQCW3","VIHA-PHPCC-Port Hardy Primary Care Centre-Main Building-1st Floor","Port Hardy","Main Building","Admin Office","1","VIHATRP20240624-030","","06/26/2026","General Rounding","NVI Port McNeill","NTT-Deskside Services-PortHardy-Local"
"PC029519","HSS-8087956","9YB6724","VIHA-PAH-Port Alice Health Center-Main Building-1st Floor","Port Alice","Main Building","Comfort Room","1","VIHATRP20240624-035","","07/07/2026","General Rounding","NVI Primary Care","NTT-Deskside Services-PortHardy-Remote"
"PC030247","HSS-8087957","J746724","VIHA-PAH-Port Alice Health Center-Main Building-1st Floor","Port Alice","Main Building","Telehealth Room","1","VIHATRP20240624-036","","07/07/2026","General Rounding","Medical Staff Contracts","NTT-Deskside Services-PortHardy-Remote"
"LD027179","HSS-8087958","C8MQCW3","VIHA-PAH-Port Alice Health Center-Main Building-1st Floor","Port Alice","Main Building","Social Work Office","1","VIHATRP20240624-037","","07/07/2026","General Rounding","NVI Primary Care","NTT-Deskside Services-PortHardy-Remote"
"LD044184","HSS-8087959","H9MQCW3","VIHA-PHFP-Port Hardy Family Practice-Main Building-1st Floor","Port Hardy","Main Building","208","2","VIHATRP20240624-038","","02/20/2026","General Rounding","CI/NI CYMH & Substance Use","NTT-Deskside Services-PortHardy-Local"
"LD045866","HSS-8087960","BM5TCW3","VIHA-PHH-Port Hardy Hospital","Port Hardy","Main Building","Work From Home","1st Floor","VIHATRP20240624-039","","10/02/2024","Excluded","Clinical Risk Management","NTT-Deskside Services-PortHardy-Staffed"
"PC076200","HSS-8087961","FP76724","VIHA-PHH-Port Hardy Hospital-Main Building-1st Floor","Port Hardy","Main Building","Ultrasound","1","VIHATRP20240624-040","","07/08/2026","Critical Clinical","NI Medical Imaging","NTT-Deskside Services-PortHardy-Staffed"
"PC033372","HSS-8087963","C746724","VIHA-PHH-Port Hardy Hospital-Main Building-1st Floor","Port Hardy","Main Building","Doctor's Lounge","1","VIHATRP20240624-042","","07/13/2026","General Rounding","Device Acquisition","NTT-Deskside Services-PortHardy-Staffed"
"PC035259","HSS-8087964","1B46724","VIHA-PHH-Port Hardy Hospital-Main Building-1st Floor","Port Hardy","Main Building","Physiotherapy Room","1","VIHATRP20240624-043","","06/15/2026","General Rounding","NVI Port Hardy Rural Svcs","NTT-Deskside Services-PortHardy-Staffed"
"PC033374","HSS-8087965","H846724","VIHA-PHH-Port Hardy Hospital-Main Building-1st Floor","Port Hardy","Main Building","Nurses Station (Breakroom)","1","VIHATRP20240624-044","","07/13/2026","Critical Clinical","Emergency Services","NTT-Deskside Services-PortHardy-Staffed"
"PC035256","HSS-8087966","HP76724","VIHA-PHH-Port Hardy Hospital-Main Building-1st Floor","Port Hardy","Main Building","Nurses Station (Right of Downtime)","1","VIHATRP20240624-045","","07/13/2026","Critical Clinical","NVI Port Hardy Rural Svcs","NTT-Deskside Services-PortHardy-Staffed"
"PC047062","HSS-8087967","JP76724","VIHA-PHH-Port Hardy Hospital-Main Building-1st Floor","Port Hardy","Main Building","Trauma Room","1","VIHATRP20240624-046","","07/13/2026","Critical Clinical","Device Acquisition","NTT-Deskside Services-PortHardy-Staffed"
"PC035266","HSS-8087968","F946724","VIHA-PMH-Port McNeill Hospital-Main Building-1st Floor","Port McNeill","Main Building","Nurses lounge","1","VIHATRP20240624-047","","06/01/2026","General Rounding","PMH Combined Medical/Surgical","NTT-Deskside Services-PortHardy-Remote"
"PC047070","HSS-8087969","H946724","VIHA-PHH-Port Hardy Hospital-Main Building-1st Floor","Port Hardy","Main Building","Eagle Ridge Manor Nurses Station","1","VIHATRP20240624-048","","06/22/2026","General Rounding","NVI Long Term Care","NTT-Deskside Services-PortHardy-Staffed"
"LD032039","HSS-8087970","BZGTCW3","VIHA-PHH-Port Hardy Hospital-Main Building-1st Floor","Port Hardy","Main Building","Office off ADMIN","1","VIHATRP20240624-049","","06/17/2026","General Rounding","Switchboard","NTT-Deskside Services-PortHardy-Staffed"
"LD066420","HSS-8087971","B391DW3","VIHA-PHH-Port Hardy Hospital-Main Building-1st Floor","Port Hardy","Main Building","General Office - SOHO","1","VIHATRP20240624-050","","06/15/2026","General Rounding","NVI Home & Comm Care","NTT-Deskside Services-PortHardy-Staffed"
"LD030967","HSS-8087972","5H0TCW3","VIHA-PHH-Port Hardy Hospital-Main Building-1st Floor","Port Hardy","Main Building","Solarium","1","VIHATRP20240624-051","","07/08/2026","General Rounding","PHH Combined Medical/Surgical","NTT-Deskside Services-PortHardy-Staffed"
"LD041013","HSS-8087973","DS3YCW3","VIHA-PHH-Port Hardy Hospital-Main Building-1st Floor","Port Hardy","Main Building","Office off admin","1","VIHATRP20240624-052","","07/07/2026","General Rounding","Community Health","NTT-Deskside Services-PortHardy-Staffed"
"PC024096","HSS-8087974","CQ76724","VIHA-PHMHAS-Port Hardy Mental Health & Addiction Services-Main Building-1st Floor","Port Hardy","Main Building","Office (3rd from Entrance - Telehealth)","1","VIHATRP20240624-053","","03/31/2026","General Rounding","MCN Clinical Svc NVI","NTT-Deskside Services-PortHardy-Local"
"LD039571","HSS-8087975","3Q5TCW3","VIHA-PHMHAS-Port Hardy Mental Health & Addiction Services-Main Building-1st Floor","Port Hardy","Main Building","ACT desk laptop","1","VIHATRP20240624-054","","03/19/2026","General Rounding","NVI MHAS","NTT-Deskside Services-PortHardy-Local"
"LD066493","HSS-8087976","343SCW3","VIHA-PHMHAS-Port Hardy Mental Health & Addiction Services-Main Building-1st Floor","Port Hardy","Main Building","Old Conference Room/ACT REHAB","1","VIHATRP20240624-055","","03/31/2026","General Rounding","NVI MHAS","NTT-Deskside Services-PortHardy-Local"
"LD035388","HSS-8090978","FG62WH3","VIHA-PMH-Port McNeill Hospital-Main Building-1st Floor","Port McNeill","Main Building","WFH","1","VIHATRP20241007-092","","02/24/2026","Excluded","LR Specialists","NTT-Deskside Services-PortHardy-Remote"
"LD048278","HSS-8093714","FFMTFW3","VIHA-PHHC-Port Hardy Health Centre-Main Building-1st Floor","Port Hardy","Main Building","shared","1","ISLHTRP20250609-032","","05/21/2026","General Rounding","Mt Waddington Reg Admin","NTT-Deskside Services-PortHardy-Local"
"LD035978","HSS-8093715","4FSTFW3","VIHA-PHHC-Port Hardy Health Centre-Main Building-1st Floor","Port Hardy","Main Building","Public Health Nurse (5th from entrance)","1","ISLHTRP20250609-033","","05/08/2026","General Rounding","PM Public Health Nursing","NTT-Deskside Services-PortHardy-Local"
"LD048265","HSS-8093716","FGMTFW3","VIHA-PHHC-Port Hardy Health Centre-Main Building-1st Floor","Port Hardy","Main Building","Shared","1","ISLHTRP20250609-034","","02/05/2026","General Rounding","Mt Waddington Reg Admin","NTT-Deskside Services-PortHardy-Local"
"LD048269","HSS-8093717","70JZFW3","VIHA-PHHC-Port Hardy Health Centre-Main Building-1st Floor","Port Hardy","Main Building","Boardroom","1","ISLHTRP20250609-035","","","General Rounding","Mt Waddington Reg Admin","NTT-Deskside Services-PortHardy-Local"
"LD048292","HSS-8093718","FRVSFW3","VIHA-PHHC-Port Hardy Health Centre-Main Building-1st Floor","Port Hardy","Main Building","Boardroom","1","ISLHTRP20250609-036","","04/17/2026","General Rounding","Mt Waddington Reg Admin","NTT-Deskside Services-PortHardy-Local"
"LD048281","HSS-8093719","8ZHSFW3","VIHA-PHHC-Port Hardy Health Centre-Main Building-1st Floor","Port Hardy","Main Building","Boardroom","1","ISLHTRP20250609-037","","05/08/2026","General Rounding","Mt Waddington Reg Admin","NTT-Deskside Services-PortHardy-Local"
"AO800302","HSS-8093720","C24102M138","VIHA-CICHC-Cormorant Island Community Health Centre-Main Building-1st Floor","Alert Bay","Main Building","PHYSIO Room","1","ISLHTRP20250609-038","","03/30/2026","Mobile Cart","ACN NVI Reg Admin","NTT-Deskside Services-PortHardy-Remote"
"AO800295","HSS-8093721","C24102M107","VIHA-CICHC-Cormorant Island Community Health Centre-Main Building-1st Floor","Alert Bay","Main Building","Acute Care","1","ISLHTRP20250609-039","","05/28/2026","Mobile Cart","Nurses station","NTT-Deskside Services-PortHardy-Remote"
"AO800296","HSS-8093722","C24102M101","VIHA-CICHC-Cormorant Island Community Health Centre-Main Building-1st Floor","Alert Bay","Main Building","Acute care","1","ISLHTRP20250609-040","","05/28/2026","Mobile Cart","Nurses station","NTT-Deskside Services-PortHardy-Remote"
"AO800297","HSS-8093723","C24102M109","VIHA-CICHC-Cormorant Island Community Health Centre-Main Building-1st Floor","Alert Bay","Main Building","Boardroom","1","ISLHTRP20250609-041","","10/20/2025","Mobile Cart","ACN NVI Reg Admin","NTT-Deskside Services-PortHardy-Remote"
"AO800299","HSS-8093724","C24102M077","VIHA-CICHC-Cormorant Island Community Health Centre-Main Building-1st Floor","Alert Bay","Main Building","Lab Collection Room","1","ISLHTRP20250609-042","","05/28/2026","Mobile Cart","ACN NVI Reg Admin","NTT-Deskside Services-PortHardy-Remote"
"AO800300","HSS-8093725","C24102M125","VIHA-CICHC-Cormorant Island Community Health Centre-Main Building-1st Floor","Alert Bay","Main Building","Nursing Station","1","ISLHTRP20250609-043","","03/30/2026","Mobile Cart","ACN NVI Reg Admin","NTT-Deskside Services-PortHardy-Remote"
"AO800343","HSS-8093726","C24102M108","VIHA-PMAPCC-Port McNeill A'ekakila'as Primary Care Centre-Main Building-1st Floor","Port McNeill","Main Building","Reception","1","ISLHTRP20250609-044","","05/21/2026","Mobile Cart","ACN NVI Reg Admin","NTT-Deskside Services-PortHardy-Remote"
"AO800301","HSS-8093727","C24102M116","VIHA-CICHC-Cormorant Island Community Health Centre-Main Building-1st Floor","Alert Bay","Main Building","Laundry","1","ISLHTRP20250609-045","","05/28/2026","Mobile Cart","Housekeeping","NTT-Deskside Services-PortHardy-Remote"
"AO800298","HSS-8093728","C24102M076","VIHA-CICHC-Cormorant Island Community Health Centre-Main Building-1st Floor","Alert Bay","Main Building","MLC Nurses Station","1","ISLHTRP20250609-046","","03/31/2026","Mobile Cart","ACN NVI Reg Admin","NTT-Deskside Services-PortHardy-Remote"
"LD023191","HSS-8093729","8VBSFW3","VIHA-PHHC-Port Hardy Health Centre-Main Building-1st Floor","Port Hardy","Main Building","Public Health Nurse (Project Planning) (4th from e","1","ISLHTRP20250609-047","","06/30/2026","General Rounding","PHN PH Public Health Nursing","NTT-Deskside Services-PortHardy-Local"
"LD035968","HSS-8093730","4ZNZFW3","VIHA-PHHC-Port Hardy Health Centre-Main Building-1st Floor","Port Hardy","Main Building","PHH IM/IT office","1","ISLHTRP20250609-048","","04/17/2026","General Rounding","Mt Waddington Reg Admin","NTT-Deskside Services-PortHardy-Local"
"LD055524","HSS-8093731","JQSTFW3","VIHA-PHH-Port Hardy Hospital-Main Building-1st Floor","Port Hardy","Main Building","Solarium - Shared","1","ISLHTRP20250609-049","","06/05/2026","General Rounding","Indigenous Health NI Adm","NTT-Deskside Services-PortHardy-Staffed"
"LD035966","HSS-8093734","8LMTFW3","VIHA-PMAPCC-Port McNeill A'ekakila'as Primary Care Centre-Main Building-1st Floor","Port McNeill","Main Building","Room 5","1","ISLHTRP20250609-052","","04/21/2026","General Rounding","PM Public Health Nursing","NTT-Deskside Services-PortHardy-Remote"
"LD056731","HSS-8093735","GLMTFW3","VIHA-PMAPCC-Port McNeill A'ekakila'as Primary Care Centre-Main Building-1st Floor","Port McNeill","Main Building","Admin - Jodi Wright","1","ISLHTRP20250609-053","","04/21/2026","General Rounding","PM Primary Care Ctr","NTT-Deskside Services-PortHardy-Remote"
"LD105709","HSS-8093999","BV0JX64","VIHA-PHH-Port Hardy Hospital-Main Building-1st Floor","Port Hardy","Main Building","Laundry Room","1","REQ1863835-RITM1967219-SCTASK3167325","","06/24/2026","General Rounding","PHH Housekeeping","NTT-Deskside Services-PortHardy-Staffed"
"AO800305","HSS-8095350","C24102M008-R","VIHA-ERM-Eagle Ridge Manor-Main Building-1st Floor","Port Hardy","Main Building","LTC","1","ISLHTRP20250901-001","","01/15/2026","Mobile Cart","RC Eagle Ridge Manor","NTT-Deskside Services-PortHardy-Remote"
"AO800334","HSS-8095351","C24102M140","VIHA-PHH-Port Hardy Hospital-Main Building-1st Floor","Port Hardy","Main Building","Eagle Ridge Manor","1","ISLHTRP20250901-002","","06/15/2026","Mobile Cart","PHH Emergency/Ambulatory Care","NTT-Deskside Services-PortHardy-Staffed"
"AO800332","HSS-8095352","C24223M108","VIHA-PHH-Port Hardy Hospital-Main Building-1st Floor","Port Hardy","Main Building","Acute care","1","ISLHTRP20250901-003","","07/13/2026","Mobile Cart","PHH Combined Medical/Surgical","NTT-Deskside Services-PortHardy-Staffed"
"AO800338","HSS-8095353","C24223M148","VIHA-PHH-Port Hardy Hospital-Main Building-1st Floor","Port Hardy","Main Building","ER","1","ISLHTRP20250901-004","","07/10/2026","Mobile Cart","PHH Emergency/Ambulatory Care","NTT-Deskside Services-PortHardy-Staffed"
"AO800333","HSS-8095354","C24223M151","VIHA-PHH-Port Hardy Hospital-Main Building-1st Floor","Port Hardy","Main Building","ER","1","ISLHTRP20250901-005","","07/10/2026","Mobile Cart","Medical Imaging Admin","NTT-Deskside Services-PortHardy-Staffed"
"AO001608","HSS-8095355","C24529M132","VIHA-PHH-Port Hardy Hospital-Main Building-1st Floor","Port Hardy","Main Building","Acute care","1","ISLHTRP20250901-006","","07/09/2026","Mobile Cart","Acute Care","NTT-Deskside Services-PortHardy-Staffed"
"AO800336","HSS-8095356","C24805M033","VIHA-PHH-Port Hardy Hospital-Main Building-1st Floor","Port Hardy","Main Building","Ambulatory care room.","1","ISLHTRP20250901-007","","05/07/2026","Mobile Cart","RJH Gen Surg & Wound Care 7S","NTT-Deskside Services-PortHardy-Staffed"
"AO800337","HSS-8095357","C24805M004","VIHA-PHH-Port Hardy Hospital-Main Building-1st Floor","Port Hardy","Main Building","Med Room","1","ISLHTRP20250901-008","","06/04/2026","Mobile Cart","PHH Combined Medical/Surgical","NTT-Deskside Services-PortHardy-Staffed"
"AO800335","HSS-8095358","C24529M091","VIHA-PHH-Port Hardy Hospital-Main Building-1st Floor","Port Hardy","Main Building","Maintenance","1","ISLHTRP20250901-009","","06/30/2026","General Rounding","Plant Svcs Admin CR/N","NTT-Deskside Services-PortHardy-Staffed"
"AO800339","HSS-8095359","C24529M073","VIHA-PHH-Port Hardy Hospital-Main Building-1st Floor","Port Hardy","Main Building","Acute care","1","ISLHTRP20250901-010","","07/13/2026","Mobile Cart","NRGH ICU HAU & Respira Thrpy","NTT-Deskside Services-PortHardy-Staffed"
"AO800341","HSS-8095360","C24805M043","VIHA-PHH-Port Hardy Hospital-Main Building-1st Floor","Port Hardy","Main Building","Ambulatory Care","1","ISLHTRP20250901-011","","06/02/2026","Mobile Cart","PHH Emergency/Ambulatory Care","NTT-Deskside Services-PortHardy-Staffed"
"LD035969","HSS-8095361","7D4Q774","VIHA-PHH-Port Hardy Hospital-Main Building-1st Floor","Port Hardy","Main Building","Office beside  Xray","1","ISLHTRP20250901-012","","06/30/2026","General Rounding","PHH Combined Medical/Surgical","NTT-Deskside Services-PortHardy-Staffed"
"LD059189","HSS-8095362","5KZN774","VIHA-PHH-Port Hardy Hospital-Main Building-1st Floor","Port Hardy","Main Building","Indigenous Health-Dean Wilson-WFH","1","ISLHTRP20250901-013","","04/29/2026","Excluded","NP Port Hardy Indigenous","NTT-Deskside Services-PortHardy-Staffed"
"AO001607","HSS-8095363","C24805M016","VIHA-PHH-Port Hardy Hospital-Main Building-1st Floor","Port Hardy","Main Building","Acute Care","1","ISLHTRP20250901-014","","07/09/2026","Mobile Cart","NRGH Emergency Services","NTT-Deskside Services-PortHardy-Staffed"
"LD035976","HSS-8095364","FP9Q774","VIHA-PHHC-Port Hardy Health Centre-Main Building-1st Floor","Port Hardy","Main Building","Public Health Nurse (2nd from entrance)","1","ISLHTRP20250901-015","","05/21/2026","General Rounding","PH Public Health Nursing","NTT-Deskside Services-PortHardy-Local"
"AO800342","HSS-8095365","C25122M006","VIHA-PHPCC-Port Hardy Primary Care Centre-Main Building-1st Floor","Port Hardy","Main Building","Dirty Room","1","ISLHTRP20250901-017","","07/06/2026","Mobile Cart","PH Primary Care Ctr","NTT-Deskside Services-PortHardy-Local"
"LD023042","HSS-8095366","HDYQ774","VIHA-PMH-Port McNeill Hospital-Main Building-1st Floor","Port McNeill","Main Building","Nurses Station right side","1","ISLHTRP20250901-018","","07/02/2026","General Rounding","ER/Ambulatory Care","NTT-Deskside Services-PortHardy-Remote"
"AO800347","HSS-8095367","C25122M011","VIHA-PMH-Port McNeill Hospital-Main Building-1st Floor","Port McNeill","Main Building","Acute care","1","ISLHTRP20250901-019","","04/21/2026","Mobile Cart","ER/Ambulatory Care","NTT-Deskside Services-PortHardy-Remote"
"AO800318","HSS-8095368","C25122M002","VIHA-PMH-Port McNeill Hospital-Main Building-1st Floor","Port McNeill","Main Building","Maintainance","1","ISLHTRP20250901-020","","06/22/2026","Mobile Cart","Plant Svcs Admin CR/N","NTT-Deskside Services-PortHardy-Remote"
"AO800346","HSS-8095369","C25122M007","VIHA-PMH-Port McNeill Hospital-Main Building-1st Floor","Port McNeill","Main Building","Acute care","1","ISLHTRP20250901-021","","04/21/2026","Mobile Cart","ER/Ambulatory Care","NTT-Deskside Services-PortHardy-Remote"
"AO800320","HSS-8095370","C25123M222","VIHA-PMH-Port McNeill Hospital-Main Building-1st Floor","Port McNeill","Main Building","Lab- Collection Room","1","ISLHTRP20250901-022","","06/15/2026","Mobile Cart","Lab Core","NTT-Deskside Services-PortHardy-Remote"
"AO800344","HSS-8095371","C25122M004","VIHA-PMH-Port McNeill Hospital-Main Building-1st Floor","Port McNeill","Main Building","Doctors Lounge","1","ISLHTRP20250901-023","","06/26/2026","Mobile Cart","ER/Ambulatory Care","NTT-Deskside Services-PortHardy-Remote"
"AO800348","HSS-8095372","C25123M219","VIHA-PMH-Port McNeill Hospital-Main Building-1st Floor","Port McNeill","Main Building","Acute care - Med Room","1","ISLHTRP20250901-024","","04/16/2026","Mobile Cart","ER/Ambulatory Care","NTT-Deskside Services-PortHardy-Remote"
"AO800345","HSS-8095373","C25122M044","VIHA-PMH-Port McNeill Hospital-Main Building-1st Floor","Port McNeill","Main Building","Acute care","1","ISLHTRP20250901-025","","04/16/2026","Mobile Cart","ER/Ambulatory Care","NTT-Deskside Services-PortHardy-Remote"
"AO800319","HSS-8095374","C25122M045","VIHA-PMH-Port McNeill Hospital-Main Building-1st Floor","Port McNeill","Main Building","Acute Care","1","ISLHTRP20250901-026","","04/21/2026","Mobile Cart","ER/Ambulatory Care","NTT-Deskside Services-PortHardy-Remote"
"AO800317","HSS-8095375","C25122M057","VIHA-PMH-Port McNeill Hospital-Main Building-1st Floor","Port McNeill","Main Building","Acute Care","1","ISLHTRP20250901-027","","06/26/2026","Mobile Cart","ER/Ambulatory Care","NTT-Deskside Services-PortHardy-Remote"
"LD035964","HSS-8095376","5T9Q774","VIHA-PMH-Port McNeill Hospital-Main Building-1st Floor","Port McNeill","Main Building","Mt Waddington Admin Bldg Hayley Mcconnell","1","ISLHTRP20250901-028","","04/16/2026","General Rounding","Mt Waddington Reg Admin","NTT-Deskside Services-PortHardy-Remote"
"LD035983TRP","HSS-8098412","PF62199T","VIHA-PHMHAS-Port Hardy Mental Health & Addiction Services-Main Building-1st Floor","Port Hardy","","","","ISLHTRP20260504-019","","","General Rounding","","NTT-Deskside Services-PortHardy-Local"
"TD035021","HSS-8098490","SD00R2FB","VIHA-PAH-Port Alice Health Center-Main Building-1st Floor","Port Alice","Main Building","Nurses station","1","ISLHTRP20260427-048","","07/07/2026","General Rounding","PAH Emergency/Ambulatory Care","NTT-Deskside Services-PortHardy-Remote"
"PC035167","HSS-8098491","MZ03CFDN","VIHA-PAH-Port Alice Health Center-Main Building-1st Floor","Port Alice","Main Building","Nursing Station","1","ISLHTRP20260427-049","","07/07/2026","Critical Clinical","PAH Emergency/Ambulatory Care","NTT-Deskside Services-PortHardy-Remote"
"LD030966","HSS-8098492","PF620AL3","VIHA-PHH-Port Hardy Hospital-Main Building-1st Floor","Port Hardy","Main Building","Between Maintainance and Recycling","1","ISLHTRP20260427-050","","07/13/2026","General Rounding","Stores","NTT-Deskside Services-PortHardy-Staffed"
"LD061442TRP","HSS-8098493","PF620FC3","VIHA-PHH-Port Hardy Hospital-Main Building-1st Floor","Port Hardy","","","","ISLHTRP20260427-051","","","Excluded","","NTT-Deskside Services-PortHardy-Staffed"
"LD065369","HSS-8098494","PF62GAZS","VIHA-PHH-Port Hardy Hospital-Main Building-1st Floor","Port Hardy","Main Building","General Office (Home Care - Left)","1","ISLHTRP20260427-052","","06/15/2026","General Rounding","Home and Community","NTT-Deskside Services-PortHardy-Staffed"
"LD065374","HSS-8098495","PF621CM9","VIHA-PHH-Port Hardy Hospital-Main Building-1st Floor","Port Hardy","Main Building","Physio","1","ISLHTRP20260427-053","","06/16/2026","General Rounding","PHH Physiotherapy","NTT-Deskside Services-PortHardy-Staffed"
"LD059374TRP","HSS-8098496","PF621K8L","VIHA-PAH-Port Alice Health Center-Main Building","Port Alice","","","","ISLHTRP20260427-001","","","General Rounding","","NTT-Deskside Services-PortHardy-Remote"
"LD065190TRP","HSS-8098497","PF61ZSNN","VIHA-PAH-Port Alice Health Center-Main Building-1st Floor","Port Alice","","","","ISLHTRP20260427-002","","","General Rounding","","NTT-Deskside Services-PortHardy-Remote"
"LD059161","HSS-8098498","PF620D1G","VIHA-PAH-Port Alice Health Center-Main Building-1st Floor","Port Alice","Main Building","Doctor's Office (Room #4 on floor plan)","1","ISLHTRP20260427-003","","07/07/2026","General Rounding","Emergency and Clinic","NTT-Deskside Services-PortHardy-Remote"
"PC032001","HSS-8098499","MZ03CFDX","VIHA-PAH-Port Alice Health Center-Main Building-1st Floor","Port Alice","Main Building","Admitting","1","ISLHTRP20260427-004","","07/07/2026","Critical Clinical","Administration","NTT-Deskside Services-PortHardy-Remote"
"PC035160","HSS-8098500","MZ03CFDE","VIHA-PAH-Port Alice Health Center-Main Building-1st Floor","Port Alice","Main Building","Front Office","1","ISLHTRP20260427-005","","07/07/2026","General Rounding","Administration","NTT-Deskside Services-PortHardy-Remote"
"PC031980","HSS-8098501","MZ03CFE1","VIHA-PHHC-Port Hardy Health Centre-Main Building-1st Floor","Port Hardy","Main Building","Reception (3rd from entrance)","1","ISLHTRP20260427-006","","05/01/2026","General Rounding","PHN PH Public Health Nursing","NTT-Deskside Services-PortHardy-Local"
"PC031981","HSS-8098502","MZ03CFDJ","VIHA-PHHC-Port Hardy Health Centre-Main Building-1st Floor","Port Hardy","Main Building","Reception (3rd from entrance)","1","ISLHTRP20260427-007","","05/01/2026","General Rounding","PHN PH Public Health Nursing","NTT-Deskside Services-PortHardy-Local"
"PC031982","HSS-8098503","MZ03CFDD","VIHA-PHHC-Port Hardy Health Centre-Main Building-1st Floor","Port Hardy","Main Building","Reception","1","ISLHTRP20260427-008","","04/29/2026","General Rounding","Public Health","NTT-Deskside Services-PortHardy-Local"
"LD038221","HSS-8098504","PF620R04","VIHA-PHHC-Port Hardy Health Centre-Main Building-1st Floor","Port Hardy","Main Building","Reception","1","ISLHTRP20260427-009","","06/30/2026","General Rounding","PHN PH Public Health Nursing","NTT-Deskside Services-PortHardy-Local"
"LD065284","HSS-8098505","PF620R22","VIHA-PHH-Port Hardy Hospital-Main Building-1st Floor","Port Hardy","Main Building","Variable","1","ISLHTRP20260427-010","","06/15/2026","General Rounding","CSN NVI ADP","NTT-Deskside Services-PortHardy-Staffed"
"TD030102","HSS-8098506","SD00R2CL","VIHA-PHH-Port Hardy Hospital-Main Building-1st Floor","Port Hardy","Main Building","ERM Recreation Office","1","ISLHTRP20260427-011","","07/10/2026","General Rounding","RC Eagle Ridge Manor","NTT-Deskside Services-PortHardy-Staffed"
"PC047067","HSS-8098507","MZ034L5J","VIHA-PHH-Port Hardy Hospital-Main Building-1st Floor","Port Hardy","Main Building","XRAY main","1","ISLHTRP20260427-012","","07/13/2026","Critical Clinical","Medical Imaging","NTT-Deskside Services-PortHardy-Staffed"
"LD038223","HSS-8098508","PF621MHV","VIHA-PHPCC-Port Hardy Primary Care Centre-Main Building-1st Floor","Port Hardy","Main Building","Room 7","1","ISLHTRP20260427-013","","06/16/2026","General Rounding","Primary Care","NTT-Deskside Services-PortHardy-Local"
"LD035987TRP","HSS-8098509","PF621MLG","VIHA-PMAPCC-Port McNeill A'ekakila'as Primary Care Centre-Main Building-1st Floor","Port McNeill","","","","ISLHTRP20260427-014","","","General Rounding","","NTT-Deskside Services-PortHardy-Remote"
"LD024257","HSS-8098510","PF620NNL","VIHA-PMH-Port McNeill Hospital-Main Building","Port McNeill","Main Building","Laundry","1","ISLHTRP20260427-015","","05/07/2026","General Rounding","Housekeeping","NTT-Deskside Services-PortHardy-Remote"
"PC047071","HSS-8098511","MZ03CFDW","VIHA-PMH-Port McNeill Hospital-Main Building-1st Floor","Port McNeill","Main Building","Xray (Beside Front Desk)","1","ISLHTRP20260427-016","","06/15/2026","General Rounding","Medical Imaging","NTT-Deskside Services-PortHardy-Remote"
"PC047881","HSS-8098512","MZ03CFDM","VIHA-PAH-Port Alice Health Center-Main Building-1st Floor","Port Alice","Main Building","XRAY","1","ISLHTRP20260427-017","","","Excluded","Medical imaging","NTT-Deskside Services-PortHardy-Remote"
"LD065372TRP","HSS-8098513","PF620NN7","VIHA-PAH-Port Alice Health Center-Main Building-1st Floor","Port Alice","","","","ISLHTRP20260427-018","","","General Rounding","","NTT-Deskside Services-PortHardy-Remote"
"LD035974","HSS-8098514","PF621KAQ","VIHA-PAH-Port Alice Health Center-Main Building-1st Floor","Port Alice","Main Building","Room 5","1","ISLHTRP20260427-019","","07/07/2026","General Rounding","PAH Emergency/Ambulatory Care","NTT-Deskside Services-PortHardy-Remote"
"AO800349","HSS-8098515","C25929M059","VIHA-PAH-Port Alice Health Center-Main Building-1st Floor","Port Alice","Main Building","Acute Care","1","ISLHTRP20260427-020","","07/07/2026","Mobile Cart","ACN NVI Rural&Remote Svcs Adm","NTT-Deskside Services-PortHardy-Remote"
"AO800350","HSS-8098516","C25929M037","VIHA-PAH-Port Alice Health Center-Main Building-1st Floor","Port Alice","Main Building","Acute Care","1","ISLHTRP20260427-021","","07/07/2026","Mobile Cart","ACN NVI Rural&Remote Svcs Adm","NTT-Deskside Services-PortHardy-Remote"
"AO800351","HSS-8098517","C25929M072","VIHA-PAH-Port Alice Health Center-Main Building-1st Floor","Port Alice","Main Building","Acute care","1","ISLHTRP20260427-022","","07/07/2026","Mobile Cart","ACN NVI Rural&Remote Svcs Adm","NTT-Deskside Services-PortHardy-Remote"
"LD060361TRP","HSS-8098518","PF621MJ7","VIHA-PHFP-Port Hardy Family Practice-Main Building-1st Floor","Port Hardy","","","","ISLHTRP20260427-023","","","Excluded","","NTT-Deskside Services-PortHardy-Local"
"LD048287","HSS-8098519","PF62196E","VIHA-PHHC-Port Hardy Health Centre-Main Building-1st Floor","Port Hardy","Main Building","Reception","1","ISLHTRP20260427-024","","05/04/2026","General Rounding","COVID","NTT-Deskside Services-PortHardy-Local"
"LD035967","HSS-8098520","PF621MK2","VIHA-PHHC-Port Hardy Health Centre-Main Building-1st Floor","Port Hardy","Main","2nd office to right of entrance.","1","ISLHTRP20260427-025","","05/21/2026","General Rounding","HN PH Public Health Nursing","NTT-Deskside Services-PortHardy-Local"
"LD034722","HSS-8098521","PF620CZX","VIHA-PHH-Port Hardy Hospital-Main Building-1st Floor","Port Hardy","Main Building","Solarium","1","ISLHTRP20260427-026","","06/18/2026","General Rounding","Indigenous Liaison Nurses","NTT-Deskside Services-PortHardy-Staffed"
"LD023179","HSS-8098522","PF620NR7","VIHA-PHH-Port Hardy Hospital-Main Building-1st Floor","Port Hardy","Eagle Ridge Manor","ERM","1","ISLHTRP20260427-027","","06/15/2026","General Rounding","MLC","NTT-Deskside Services-PortHardy-Staffed"
"LD035975TRP","HSS-8098523","PF620TDQ","VIHA-PHMHAS-Port Hardy Mental Health & Addiction Services-Main Building-1st Floor","Port Hardy","Main Building","Office (4th from Entrance)","1","ISLHTRP20260427-028","","","General Rounding","PHN PH Public Health Nursing","NTT-Deskside Services-PortHardy-Local"
"LD035984","HSS-8098524","PF61ZCS8","VIHA-PHMHAS-Port Hardy Mental Health & Addiction Services-Main Building-1st Floor","Port Hardy","Main Building","Bullpen (Harm Reduction Office)","1","ISLHTRP20260427-029","","","General Rounding","MCN Clinical Svc NVI","NTT-Deskside Services-PortHardy-Local"
"LD080692TRP","HSS-8098525","PF620LCE","VIHA-PHPCC-Port Hardy Primary Care Centre-Main Building-1st Floor","Port Hardy","","","","ISLHTRP20260427-030","","","Excluded","","NTT-Deskside Services-PortHardy-Local"
"PC023327","HSS-8098526","MZ03CFDQ","VIHA-PHPCC-Port Hardy Primary Care Centre-Main Building-1st Floor","Port Hardy","Main Building","Bullpen","1","ISLHTRP20260427-031","","06/16/2026","General Rounding","Primary Care","NTT-Deskside Services-PortHardy-Local"
"LD023468","HSS-8098527","PF62197H","VIHA-PMH-Port McNeill Hospital-Main Building-1st Floor","Port McNeill","Main Building","Laundry","1","ISLHTRP20260427-032","","05/07/2026","General Rounding","Housekeeping","NTT-Deskside Services-PortHardy-Remote"
"LD035970","HSS-8098528","PF620D2E","VIHA-PHH-Port Hardy Hospital-Main Building-1st Floor","Port Hardy","Main Building","Jenna's Office","1","ISLHTRP20260427-033","","05/01/2026","General Rounding","Acute Care","NTT-Deskside Services-PortHardy-Staffed"
"PC047064","HSS-8098529","MZ03CFDV","VIHA-PHH-Port Hardy Hospital-Main Building-1st Floor","Port Hardy","Main Building","Nurses Station","1","ISLHTRP20260427-034","","07/13/2026","Critical Clinical","PHH Combined Medical/Surgical","NTT-Deskside Services-PortHardy-Staffed"
"PC035255","HSS-8098530","MZ03CFDZ","VIHA-PHH-Port Hardy Hospital-Main Building-1st Floor","Port Hardy","Main Building","Ambulatory Care room","1","ISLHTRP20260427-035","","07/13/2026","General Rounding","Ambulatory Care","NTT-Deskside Services-PortHardy-Staffed"
"LD032213","HSS-8098531","PF620HWJ","VIHA-PHH-Port Hardy Hospital-Main Building-1st Floor","Port Hardy","Main Building","Yellow room","1","ISLHTRP20260427-036","","06/17/2026","General Rounding","ACN NVI Reg Admin","NTT-Deskside Services-PortHardy-Staffed"
"LD065777","HSS-8098532","PF620HTJ","VIHA-PHH-Port Hardy Hospital-Main Building-1st Floor","Port Hardy","Main Building","General Office (Community Health Services)","1","ISLHTRP20260427-037","","06/15/2026","General Rounding","Community Rehab-Re3","NTT-Deskside Services-PortHardy-Staffed"
"LD035977","HSS-8098533","PF620HV2","VIHA-PHH-Port Hardy Hospital-Main Building-1st Floor","Port Hardy","Main Building","Kitchen office","1","ISLHTRP20260427-038","","06/15/2026","General Rounding","Kitchen","NTT-Deskside Services-PortHardy-Staffed"
"LD060094","HSS-8098534","PF620R2G","VIHA-PHH-Port Hardy Hospital-Main Building-1st Floor","Port Hardy","Main Building","Admin","1","ISLHTRP20260427-039","","06/15/2026","General Rounding","Admin","NTT-Deskside Services-PortHardy-Staffed"
"LD035986","HSS-8098535","PF620TCG","VIHA-PHMHAS-Port Hardy Mental Health & Addiction Services-Main Building-1st Floor","Port Hardy","Main Building","Office 4","1","ISLHTRP20260427-040","","","General Rounding","MCN Clinical Svc NVI","NTT-Deskside Services-PortHardy-Local"
"PC023325","HSS-8098537","MZ03CFDF","VIHA-PHPCC-Port Hardy Primary Care Centre-Main Building-1st Floor","Port Hardy","Main Building","Bullpen","1","ISLHTRP20260427-042","","06/16/2026","General Rounding","Primary Care","NTT-Deskside Services-PortHardy-Local"
"PC076688","HSS-8098538","MZ03CFDR","VIHA-PMAPCC-Port McNeill A'ekakila'as Primary Care Centre-Main Building-1st Floor","Port McNeill","Main Building","Boardroom","1","ISLHTRP20260427-043","","05/21/2026","General Rounding","PHN PH Public Health Nursing","NTT-Deskside Services-PortHardy-Remote"
"LD035993TRP","HSS-8098541","PF620R2Y","VIHA-CICHC-Cormorant Island Community Health Centre-Main Building-1st Floor","Alert Bay","","","","ISLHTRP20260504-035","","","General Rounding","","NTT-Deskside Services-PortHardy-Remote"
"LD031574TRP","HSS-8098542","PF61LXDE","VIHA-CICHC-Cormorant Island Community Health Centre-Main Building-1st Floor","Alert Bay","","","","ISLHTRP20260504-036","","","General Rounding","","NTT-Deskside Services-PortHardy-Remote"
"PC057606","HSS-8098543","MZ03FL2G","VIHA-CICHC-Cormorant Island Community Health Centre-Main Building-1st Floor","Alert Bay","Main Building","106-Trauma","1","ISLHTRP20260504-037","","","General Rounding","Emergency","NTT-Deskside Services-PortHardy-Remote"
"PC035175","HSS-8098544","MZ03CFDH","VIHA-CICHC-Cormorant Island Community Health Centre-Main Building-1st Floor","Alert Bay","Main Building","Multi-Level Care Medication Room","1","ISLHTRP20260504-038","","05/28/2026","General Rounding","Residential Care","NTT-Deskside Services-PortHardy-Remote"
"PC035166","HSS-8098545","MZ03FL2R","VIHA-CICHC-Cormorant Island Community Health Centre-Main Building-1st Floor","Alert Bay","Main Building","Lab","1","ISLHTRP20260504-039","","","General Rounding","Lab","NTT-Deskside Services-PortHardy-Remote"
"PC031998","HSS-8098546","MZ03FL2P","VIHA-CICHC-Cormorant Island Community Health Centre-Main Building-1st Floor","Alert Bay","Main Building","Maintenance","1","ISLHTRP20260504-040","","05/28/2026","General Rounding","FMO","NTT-Deskside Services-PortHardy-Remote"
"PC071345","HSS-8098547","MZ03FL30","VIHA-PMAPCC-Port McNeill A'ekakila'as Primary Care Centre-Main Building-1st Floor","Port McNeill","Main Building","5","1","ISLHTRP20260504-041","","","Excluded","Public Health Nursing","NTT-Deskside Services-PortHardy-Remote"
"PC033379","HSS-8098548","MZ03FL33","VIHA-CICHC-Cormorant Island Community Health Centre-Main Building-1st Floor","Alert Bay","Main Building","Admitting","1","ISLHTRP20260504-042","","05/28/2026","General Rounding","CIH Admitting","NTT-Deskside Services-PortHardy-Remote"
"PC033385","HSS-8098549","MZ03FL31","VIHA-CICHC-Cormorant Island Community Health Centre-Main Building-1st Floor","Alert Bay","Main Building","Nursing Station","1","ISLHTRP20260504-043","","05/28/2026","Critical Clinical","Admin","NTT-Deskside Services-PortHardy-Remote"
"PC032002","HSS-8098550","MZ03FL2N","VIHA-CICHC-Cormorant Island Community Health Centre-Main Building-1st Floor","Alert Bay","Main Building","501","1","ISLHTRP20260504-044","","","General Rounding","LAB","NTT-Deskside Services-PortHardy-Remote"
"PC033381","HSS-8098551","MZ03FL2S","VIHA-CICHC-Cormorant Island Community Health Centre-Main Building-1st Floor","Alert Bay","Main Building","Nursing Station","1","ISLHTRP20260504-045","","05/28/2026","General Rounding","Acute care","NTT-Deskside Services-PortHardy-Remote"
"PC033382","HSS-8098552","MZ03FL2K","VIHA-CICHC-Cormorant Island Community Health Centre-Main Building-1st Floor","Alert Bay","Main Building","Rehab","1","ISLHTRP20260504-046","","","General Rounding","Rehabilitation","NTT-Deskside Services-PortHardy-Remote"
"LD035991TRP","HSS-8098553","PF620HW0","VIHA-PHFP-Port Hardy Family Practice","Port Hardy","","","","ISLHTRP20260504-001","","","General Rounding","","NTT-Deskside Services-PortHardy-Local"
"LD060605TRP","HSS-8098554","PF620NPD","VIHA-PHFP-Port Hardy Family Practice-Main Building","Port Hardy","","","","ISLHTRP20260504-002","","","Excluded","","NTT-Deskside Services-PortHardy-Local"
"LD035992TRP","HSS-8098555","PF620TE2","VIHA-PHFP-Port Hardy Family Practice-Main Building-1st Floor","Port Hardy","","","","ISLHTRP20260504-003","","","General Rounding","","NTT-Deskside Services-PortHardy-Local"
"LD048245","HSS-8098556","PF62141F","VIHA-PHHC-Port Hardy Health Centre-Main Building-1st Floor","Port Hardy","Main Building","Reception","1","ISLHTRP20260504-004","","","General Rounding","COVID","NTT-Deskside Services-PortHardy-Local"
"LD032719","HSS-8098557","PF62198A","VIHA-PHHC-Port Hardy Health Centre-Main Building-1st Floor","Port Hardy","Main Building","Back Office (dental office)","1","ISLHTRP20260504-005","","06/30/2026","General Rounding","PHN Regional - Dental Health","NTT-Deskside Services-PortHardy-Local"
"LD057667","HSS-8098558","PF621CJ5","VIHA-PHH-Port Hardy Hospital-Main Building-1st Floor","Port Hardy","Main Building","Main office-corner","1","ISLHTRP20260504-006","","06/15/2026","General Rounding","CHS in PHH","NTT-Deskside Services-PortHardy-Staffed"
"LD002767TRP","HSS-8098559","PF621KA1","VIHA-PHMHAS-Port Hardy Mental Health & Addiction Services-Main Building-1st Floor","Port Hardy","","","","ISLHTRP20260504-007","","","General Rounding","","NTT-Deskside Services-PortHardy-Local"
"LD021446TRP","HSS-8098560","PF621960","VIHA-PHMHAS-Port Hardy Mental Health & Addiction Services-Main Building-1st Floor","Port Hardy","","","","ISLHTRP20260504-008","","","General Rounding","","NTT-Deskside Services-PortHardy-Local"
"LD030960TRP","HSS-8098561","PF620TFL","VIHA-PHMHAS-Port Hardy Mental Health & Addiction Services-Main Building-1st Floor","Port Hardy","","","","ISLHTRP20260504-009","","","General Rounding","","NTT-Deskside Services-PortHardy-Local"
"LD065365TRP","HSS-8098562","PF621952","VIHA-PHMHAS-Port Hardy Mental Health & Addiction Services-Main Building-1st Floor","Port Hardy","","","","ISLHTRP20260504-010","","","General Rounding","","NTT-Deskside Services-PortHardy-Local"
"PC076690","HSS-8098563","MZ03CFDG","VIHA-PMAPCC-Port McNeill A'ekakila'as Primary Care Centre-Main Building-1st Floor","Port McNeill","Main Building","Boardroom","1","ISLHTRP20260504-011","","","General Rounding","Primary  Care","NTT-Deskside Services-PortHardy-Remote"
"PC071347","HSS-8098564","MZ03CFDS","VIHA-PMAPCC-Port McNeill A'ekakila'as Primary Care Centre-Main Building-1st Floor","Port McNeill","Main Building","Boardroom","1","ISLHTRP20260504-012","","05/21/2026","General Rounding","Primary Care","NTT-Deskside Services-PortHardy-Remote"
"PC076689","HSS-8098565","MZ03CFDK","VIHA-PMAPCC-Port McNeill A'ekakila'as Primary Care Centre-Main Building-1st Floor","Port McNeill","Main Building","Room 8","1","ISLHTRP20260504-013","","","General Rounding","Primary Care","NTT-Deskside Services-PortHardy-Remote"
"LD027178","HSS-8098566","PF620HS3","VIHA-PMH-Port McNeill Hospital-Main Building-1st Floor","Port McNeill","Main Building","Admin Trailer - Sandra Rezansoff","1","ISLHTRP20260504-014","","07/02/2026","General Rounding","Mt Waddington Strath Adm","NTT-Deskside Services-PortHardy-Remote"
"LD035972TRP","HSS-8098567","PF621CJJ","VIHA-PMH-Port McNeill Hospital-Main Building-1st Floor","Port McNeill","","","","ISLHTRP20260504-015","","","General Rounding","","NTT-Deskside Services-PortHardy-Remote"
"LD035988","HSS-8098568","PF620NQR","VIHA-PHHC-Port Hardy Health Centre-Main Building-1st Floor","Port Hardy","Main Building","Public Health Nurse (2nd from entrance)","1","ISLHTRP20260504-016","","","General Rounding","PHN PH Public Health Nursing","NTT-Deskside Services-PortHardy-Local"
"LD035981","HSS-8098569","PF621CKZ","VIHA-PHH-Port Hardy Hospital-Main Building-1st Floor","Port Hardy","Main Building","General Office (Home Care - Right)","1","ISLHTRP20260504-017","","05/25/2026","General Rounding","CHS NVI Home Support","NTT-Deskside Services-PortHardy-Staffed"
"LD030245","HSS-8098570","PF61ZSL6","VIHA-PHH-Port Hardy Hospital-Main Building-1st Floor","Port Hardy","Main Building","Solarium","1","ISLHTRP20260504-018","","06/15/2026","General Rounding","PHH Combined Medical/Surgical","NTT-Deskside Services-PortHardy-Staffed"
"LD071010TRP","HSS-8098575","PF61ZQB3","VIHA-PMAPCC-Port McNeill A'ekakila'as Primary Care Centre-Main Building-1st Floor","Port McNeill","","","","ISLHTRP20260504-023","","","General Rounding","","NTT-Deskside Services-PortHardy-Remote"
"LD073177","HSS-8098576","PF61ZSNB","VIHA-PMAPCC-Port McNeill A'ekakila'as Primary Care Centre-Main Building-1st Floor","Port McNeill","Main Building","Common area(was Boardroom)/ Jodi's office","1","ISLHTRP20260504-024","","","General Rounding","Admin","NTT-Deskside Services-PortHardy-Remote"
"LD066037","HSS-8098577","PF61ZQ8B","VIHA-PMH-Port McNeill Hospital-Main Building-1st Floor","Port McNeill","Main Building","Mental Health Office Admin Trailer (COMP2)","1","ISLHTRP20260504-025","","05/07/2026","General Rounding","Home Support Progr-Re3","NTT-Deskside Services-PortHardy-Remote"
"LD071025TRP","HSS-8098578","PF61ZAH0","VIHA-PHFP-Port Hardy Family Practice-Main Building-1st Floor","Port Hardy","","","","ISLHTRP20260504-026","","","General Rounding","","NTT-Deskside Services-PortHardy-Local"
"PC047068","HSS-8098579","MZ03FL2M","VIHA-PMH-Port McNeill Hospital-Main Building-1st Floor","Port McNeill","Main Building","ER-Between cabinets","1","ISLHTRP20260504-027","","06/22/2026","General Rounding","Emergency","NTT-Deskside Services-PortHardy-Remote"
"PC047072","HSS-8098580","MZ03CFE0","VIHA-PMH-Port McNeill Hospital-Main Building-1st Floor","Port McNeill","Main Building","Nursing Station (Report Room)","1","ISLHTRP20260504-028","","06/22/2026","General Rounding","Physician Office","NTT-Deskside Services-PortHardy-Remote"
"LD1000529","HSS-8098581","PF61M0S4","VIHA-PMH-Port McNeill Hospital-Main Building-1st Floor","Port McNeill","Main Building","Unknown","1","ISLHTRP20260504-029","","","General Rounding","Clinical Nutrition","NTT-Deskside Services-PortHardy-Remote"
"LD038225","HSS-8098582","PF621MGV","VIHA-PMH-Port McNeill Hospital-Main Building-1st Floor","Port McNeill","Main Building","Maint. Office","1","ISLHTRP20260504-030","","05/07/2026","Excluded","FMO","NTT-Deskside Services-PortHardy-Remote"
"LD057657","HSS-8098583","PF621CLW","VIHA-PAH-Port Alice Health Center-Main Building-1st Floor","Port Alice","Main Building","#4-This Laptop goes home with DR","1","ISLHTRP20260504-031","","07/08/2026","Excluded","ACV Med Staff Cred and Priv","NTT-Deskside Services-PortHardy-Remote"
"LD035965TRP","HSS-8098584","PF621MHE","VIHA-PMH-Port McNeill Hospital-Main Building-1st Floor","Port McNeill","","","","ISLHTRP20260504-032","","","Excluded","","NTT-Deskside Services-PortHardy-Remote"
"LD039572","HSS-8098585","PF62GFFC","VIHA-PMH-Port McNeill Hospital-Main Building-1st Floor","Port McNeill","Main Building","WFH","1","ISLHTRP20260504-033","","05/07/2026","Excluded","Public Health","NTT-Deskside Services-PortHardy-Remote"
"PC060937","HSS-8098586","MZ03FL2X","VIHA-WRH-Woss Rural Health-Main Building-1st Floor","Woss","Main building","TBD","1","ISLHTRP20260504-034","","","General Rounding","Public Health","NTT-Deskside Services-PortHardy-Remote"
"LD035985","HSS-8098818","PF620NPS","VIHA-PHMHAS-Port Hardy Mental Health & Addiction Services-Main Building-1st Floor","Port Hardy","Main Building","TBD","1","ISLHTRP20260504-020","","","General Rounding","MRS CCH Intensive Outreach Tm","NTT-Deskside Services-PortHardy-Local"
"LD035979TRP","HSS-8098819","PF620NMR","VIHA-PHMHAS-Port Hardy Mental Health & Addiction Services-Main Building-1st Floor","Port Hardy","","","","ISLHTRP20260504-021","","","General Rounding","","NTT-Deskside Services-PortHardy-Local"
"PC021653","HSS-8098820","MZ03CFDC","VIHA-PHPCC-Port Hardy Primary Care Centre-Main Building-1st Floor","Port Hardy","Main Building","Bullpen","1","ISLHTRP20260504-022","","06/16/2026","General Rounding","SN Mt Wadding NP Indigenous","NTT-Deskside Services-PortHardy-Local"
"LD055607","HSS-1024156","8554Q73","VIHA-Remote-Work From Home","","","","","REQ0165883-RITM0173169-SCTASK0258211","","","Excluded","",""
"LD056149","HSS-1026492","G4NJDB3","VIHA-Remote-Work From Home","","South tower","S222","2","REQ0210504-RITM0220455-SCTASK0331011","","","General Rounding","Administration",""
"LD071406LER","HSS-1032928","FGGK3T3","VIHA-Remote-Work From Home","","","WFH Sarah Taylor","","INC1407774 for replacing 8CH09K3","","02/09/2023","Excluded","IM/IT",""
"LD060926","HSS-1034666","2LCR9K3","VIHA-Remote-Work From Home","","","Room 3134","","REQ0582925-RITM0612251-SCTASK0955768","","","Excluded","",""
"LD061568","HSS-1036528","34Y6NN3","VIHA-Remote-Work From Home","","","","","REQ0630717-RITM0662517-SCTASK1040407","","","General Rounding","",""
"LD061752","HSS-1036609","8CK5NN3","VIHA-Campbell River","Campbell River","WFH","WFH Adrienne Gray","3","REQ0658549-RITM0691841-SCTASK1084519","","08/07/2023","Excluded","",""
"LD080096","HSS-1036900","4Q6JLN3","VIHA-Remote-Work From Home","","WFH","WFH","WFH","REQ0655527-RITM0688687-SCTASK1104018","","","Excluded","WFH",""
"LD080211","HSS-1038392","6H6HMN3","VIHA-Remote-Work From Home","","WFH","WFH","WFH","REQ0721994-RITM0758710-SCTASK1195288","","","Excluded"," WFH",""
"LD105883","HSS-1041647","52X2NN3","VIHA-Remote-Work From Home","","CRHCC","WFH","WFH","REQ1894616-RITM1999617-SCTASK3239846","","","Excluded","WFH - CRHCC",""
"LD062710","HSS-1041861","DKJ1NN3","VIHA-Remote-Work From Home","","Work from Home","Work from Home","WFH","REQ0873199-RITM0917668-SCTASK1462559","","","Excluded","WFH",""
"LD063709","HSS-1042982","3TXJTV3","VIHA-Remote-Work From Home","","WFH","WFH","WFH","REQ0965747-RITM1015732-SCTASK1650400","","","Excluded","WFH",""
"LD063789","HSS-1043113","JR5Z4X3","VIHA-Remote-Work From Home","","","Work from home  - Jason Alessio","1","REQ1004886-RITM1057100-SCTASK1689292","","07/21/2023","Excluded","'-",""
"LD107002","HSS-1043136","5Z5Z4X3","VIHA-Remote-Work From Home","","MP","KW310","3","REQ2101565-RITM2220230-SCTASK3555144","","","","",""
"LD063845","HSS-1043204","8ZNX4X3","VIHA-Remote-Work From Home","","CRG","CR1840 - WFH","WFH","REQ1012222-RITM1064927-SCTASK1696985","","","Excluded","Medical Imaging",""
"LD100528","HSS-1043546","GSNX4X3","VIHA-Alert Bay","Alert Bay","","","","REQ1031187-RITM1085040-SCTASK1743101","","","General Rounding","",""
"LD107391","HSS-1043733","85HG5X3","VIHA-Remote-Work From Home","","MP","KW310","3","REQ2159535-RITM2281768-SCTASK3644438","","","","",""
"LD064135","HSS-1043788","2HQ85X3","VIHA-Remote-Work From Home","","Admin Building","BH206 - WFH","2","REQ1063834-RITM1119383-SCTASK1788428","","10/23/2023","Excluded","Finance",""
"LD067090","HSS-1044975","G4XQSV3","VIHA-Remote-Work From Home","","","","","REQ1174043-RITM1236437-SCTASK1988288","","","Excluded","",""
"LD067311","HSS-1045143","DG6B9W3","VIHA-Remote-Work From Home","","WFH","WFH","WFH","REQ1201231-RITM1265127-SCTASK2032028","","","Excluded","WFH",""
"LD101343","HSS-1045285","BSG89W3","VIHA-Remote-Work From Home","","WFH","WFH","WFH","REQ1213602-RITM1278303-SCTASK2047825","","07/15/2025","Excluded","WFH",""
"LD085795","HSS-1045296","51T89W3","VIHA-Victoria","Victoria","VGH","1066","1","REQ1217569-RITM1282612-SCTASK2053534","","03/31/2026","Location Not Active","Collaboration",""
"LD090515","HSS-1045721","BQJ69W3","VIHA-Campbell River","Campbell River","Work From Home","Work from home.","WFH","REQ1239238-RITM1305851-SCTASK2097218","","","Excluded","WFH",""
"LD080939","HSS-1046045","F57WCW3","VIHA-Remote-Work From Home","","WFH","WFH","WFH","REQ1259911-RITM1328127-SCTASK2137197","","","Excluded","WFH",""
"LD067617","HSS-1046050","72KPCW3","VIHA-Quathiaski Cove","Quathiaski Cove","WFH","WFH","WFH","REQ1268854-RITM1337765-SCTASK2140258","","04/12/2024","Excluded","Quathiaski Cove - WFH",""
"LD085989","HSS-1046108","GDZSCW3","VIHA-Remote-Work From Home","","EMP","173","","REQ1264303-RITM1332898-SCTASK2147698","","","General Rounding","",""
"LD086087","HSS-1046676","GVFQCW3","VIHA-Remote-Work From Home","","WFH","WFH","WFH","REQ1310559-RITM1382122-SCTASK2215544","","","Excluded","WFH",""
"LD086123","HSS-1046735","JJSQCW3","VIHA-Remote-Work From Home","","WFH","WFH","WFH","REQ1323755-RITM1396083-SCTASK2243525","","","Excluded","WFH",""
"LD086124","HSS-1046747","76MQCW3","VIHA-Remote-Work From Home","","","","","REQ1327401-RITM1399938-SCTASK2245288","","","General Rounding","",""
"LD102371","HSS-1047105","5H8QCW3","VIHA-Victoria","Victoria","VIHA","WFH","WFH","REQ1360763-RITM1435269-SCTASK2306286","","","Excluded","",""
"LD091162","HSS-1047598","9FKRCW3","VIHA-Remote-Work From Home","","WFH","WFH","WFH","REQ1423880-RITM1502087-SCTASK2412870","","","Excluded","WFH",""
"LD086340","HSS-1047711","CGXHVW3","VIHA-Remote-Work From Home","","WFH","WFH","WFH","REQ1453025-RITM1532825-SCTASK2463260","","","Excluded","WFH",""
"LD068494","HSS-1047889","B8FHVW3","VIHA-Remote-Work From Home","","","WFH","","REQ1455300-RITM1535349-SCTASK2467360","","","Excluded","COV Nurse Patient Ratios",""
"LD068500","HSS-1047894","C6FHVW3","VIHA-Remote-Work From Home","","","Admin","","REQ1455294-RITM1535343-SCTASK2467366","","","General Rounding","",""
"LD068502","HSS-1047896","DT2JVW3","VIHA-Remote-Work From Home","","Patient Care Center","Admin","7th Floor","REQ1455290-RITM1535339-SCTASK2467368","","","General Rounding","RJH Gen Surg & Wound Care 7S",""
"LD093101","HSS-1048893","82HWVH3","VIHA-Remote-Work From Home","","Campbell River Hospital","CR0223 WFH","0","REQ1559598-RITM1645555-SCTASK2651237","","05/04/2026","Excluded","Pharmacy",""
"LD056178","HSS-1049006","JGSWVH3","VIHA-Remote-Work From Home","","Admin Building","BH107","1","REQ1569309-RITM1655804-SCTASK2661206","","","General Rounding","",""
"PC080291","HSS-1049031","5GJJZ44","VIHA-Remote-Work From Home","","","","","REQ1558474-RITM1644323-SCTASK2665265","","","General Rounding","",""
"LD081246","HSS-1049032","51FWVH3","VIHA-Remote-Work From Home","","","","","REQ1558456-RITM1644295-SCTASK2667814","","","General Rounding","",""
"LD091751","HSS-1049746","4GR2WH3","VIHA-Remote-Work From Home","","Memorial Pavilion","HW-134","","REQ1636693-RITM1727251-SCTASK2772227","","","General Rounding","",""
"LD104943","HSS-1110664","62WHX64","VIHA-Remote-Work From Home","","","WFH","","REQ1700446-RITM1794719-SCTASK2880592","","","Excluded","",""
"LD074999","HSS-1940006","CCTN774","VIHA-Remote-Work From Home","","EMP","323","3","DMND0005295","","","General Rounding","",""
"LD046336","HSS-1964305","FN3SN53","VIHA-FRMC-Fort Royal Medical Centre","","","161","","DMND0002340-COVID19W-06-0062","","02/05/2024","General Rounding","AMSU",""
"LD059427","HSS-1973569","2M626G3","Island Health","","","WB3","","DMND0003213","","03/08/2023","Excluded"," ",""
"LD041654","HSS-6001384","PC1CZEGR","Island Health","","PCC","N206","2","","","05/21/2025","General Rounding","Adult Mental Health",""
"LD030959dup","HSS-8001546","PB02G80N","","","","","","","","","Excluded","",""
"LD065122","HSS-8022265","3D42BC3","VIHA-Campbell River","Campbell River","WFH","WFH","WFH","VIHATRP20210614-038","","","Excluded","WFH",""
"LD065095","HSS-8024231","DXRZ3D3","VIHA-FRMC-Fort Royal Medical Centre-Main Building-4th Floor","","","430","","VIHATRP20210913-039","","","General Rounding","",""
"LD024243","HSS-8026292","827Q6G3","VIHA-Remote-Work From Home","","WFH","WFH","WFH","VIHATRP20220124-016","","01/28/2024","Excluded","WFH",""
"LD021662","HSS-8059945","B8L3NN3","VIHA-Remote-Work From Home","","CRG","WFH","WFH","VIHATRP20220718-052","","05/17/2023","Excluded","Pharmacy  - WFH",""
"LD107452","HSS-8066384","49W1NN3","VIHA-Remote-Work From Home","","MP","KW310","3","REQ2154148-RITM2276040-SCTASK3663849","","","","",""
"LD021281","HSS-8067608","1GNGMN3","VIHA-Remote-Work From Home","","","KW-335","","VIHATRP20221017-068","","01/30/2023","General Rounding","",""
"LD107120","HSS-8070321","2T92NN3","VIHA-Remote-Work From Home","","Memorial Pavilion","KW310","3","REQ2112197-RITM2231548-SCTASK3583536","","","Excluded","",""
"LD033779","HSS-8071529","9GDFLN3","VIHA-Unknown-Location","","","318","","VIHATRP20230130-095","","","General Rounding","",""
"LD036698","HSS-8073080","4DZ1GK3","VIHA-FRMC-Fort Royal Medical Centre-Main Building-4th Floor","","Main Building","415","4","VIHATRP20230320-025","","","General Rounding","",""
"PC044583","HSS-8073317","H3RMPR3","VIHA-NMHAS-Nanaimo Mental Health & Addiction Services-Main Building-1st Floor","","Main Building","10","1","VIHATRP20230327-092","","","General Rounding","Mental Health",""
"PC033480","HSS-8073318","F4XKPR3","VIHA-NMHAS-Nanaimo Mental Health & Addiction Services-Main Building-1st Floor","","Main Building","13","1","VIHATRP20230327-093","","","General Rounding","Mental Health",""
"LD107400","HSS-8076892","5RPY4X3","VIHA-Remote-Work From Home","","Memorial Pavilion","KW310","3","REQ2160681-RITM2283012-SCTASK3647007","","","Excluded","",""
"LD107096","HSS-8076905","23PY4X3","VIHA-Remote-Work From Home","","South tower","S257","2","REQ2111916-RITM2231265-SCTASK3578944","","","","General Medicine",""
"LD107010","HSS-8076911","2TLY4X3","VIHA-Remote-Work From Home","","MP","KW310","3","REQ2098699-RITM2217180-SCTASK3557368","","","","",""
"LD040237","HSS-8077535","BQMY4X3","VIHA-Comox","Comox","Main","1066","1","VIHATRP20230821-009","","03/31/2026","Location Not Active","Collaboration",""
"LD107152","HSS-8077906","2PTP5X3","VIHA-Remote-Work From Home","","MP","KW310","3","REQ2123767-RITM2243946-SCTASK3590633","","","","",""
"LD107256","HSS-8078330","1LMJ5X3","VIHA-Remote-Work From Home","","MP","KW310","3","REQ2119921-RITM2239788-SCTASK3617318","","","","",""
"TD001002","HSS-8082811","70DNSV3","VIHA-Remote-Work From Home","","Memorial Pavilion","KW310","3","REQ2093852-RITM2212047-SCTASK3544024","","","","",""
"PC029219","HSS-8092285","3FFCQ54","VIHA-Remote-Work From Home","","Main Building","Sayward Primary Healthcare Cen","1st Floor","VIHATRP20250210-014","","","General Rounding","CVH Minor Day Procedures",""
"LD046624","HSS-8092625","JWL2WH3","VIHA-Remote-Work From Home","","CRMHAS","WFH","WFH","VIHATRP20250317-032","","03/11/2026","Excluded","CRMHAS",""
"LD055818","HSS-8093049","CVTHX64","VIHA-Remote-Work From Home","","WFH","WFH","WFH","ISLHTRP20250414-020","","","Excluded","Campbell River Hospital Level 0 Admin Office (WFH)",""
"LD037329","HSS-8095980","8S0JX64","VIHA-Campbell River","Campbell River","Main Building","WFH","WFH","ISLHTRP20250929-010","","","Excluded","Human Resources - WFH",""
"LD107195","HSS-8096199","PF586H25","VIHA-Remote-Work From Home","","WFH","WFH","WFH","REQ2119721-RITM2239529-SCTASK3600396","","","Excluded","Employee Records-Nanaimo",""
"PC032041","HSS-8096472","CQVHZ44","VIHA-NMHAS-Nanaimo Mental Health & Addiction Services-Main Building","","Main Building","2","","ISLHTRP20251110-030","","","General Rounding","Mental Health & Addiction Services-3151 Barons Road, Nanaimo, V9T5W5",""
"LD032568","HSS-8096824","PF5X4L0K","VIHA-NMHAS-Nanaimo Mental Health & Addiction Services-Main Building","","Main Building","Room 15","1","ISLHTRP20251215-045","","","General Rounding","SUC Substance Use Services",""
"LD071196","HSS-8096986","PF586CD8","VIHA-Remote-Work From Home","","WFH","","","ISLHTRP20260105-053","","","General Rounding","Mental Health & Addiction Services",""
"LD059551","HSS-8097070","PF5X23EA","VIHA-Remote-Work From Home","","","","","ISLHTRP20260112-076","","","General Rounding","",""
