SlNo,Asset Tag
240547,HSS-8086606
47947,HSS-8062167
145873,HSS-1034384
157592,HSS-8062146
240564,HSS-8086618
86732,HSS-8025619
111308,HSS-8062171
240542,HSS-8086620
66694,HSS-8074102
139799,HSS-8067143
9802,HSS-8078429
88815,HSS-8075756
62027,HSS-8062186
7880,HSS-8062165
42063,HSS-8025622
188385,HSS-8025620
139692,HSS-8025621
230944,HSS-8085634
98166,HSS-8068938
135870,HSS-8066806
66985,HSS-8027582
230222,HSS-8085080
670,HSS-8027742
233252,HSS-8094097
233245,HSS-8094098
228713,HSS-8084100
233268,HSS-8094095
233253,HSS-8094096
233258,HSS-8094109
244605,HSS-8089579
192110,HSS-8078483
133852,HSS-8061421
240692,HSS-8086616
256781,HSS-8093120
100527,HSS-8062193
265797,HSS-8092703
46374,HSS-8077200
188616,HSS-1039288
121806,HSS-8060995
240620,HSS-8086820
198292,HSS-8066834
237586,HSS-8087521
51230,HSS-8060585
200395,HSS-8070583
4570,HSS-8061014
27622,HSS-8071455
57091,HSS-1042063
184011,HSS-8078930
184572,HSS-8065639
227419,HSS-8083104
175936,HSS-8060937
75138,HSS-8060530
169884,HSS-8078928
64407,HSS-8084035
106190,HSS-8057906
92777,HSS-8065641
157849,HSS-8062362
180450,HSS-8025804
84245,HSS-8026026
188805,HSS-8080046
38410,HSS-8060529
82494,HSS-8060938
231987,HSS-8083643
244586,HSS-8090602
244782,HSS-8090603
230903,HSS-8086992
196360,HSS-8075682
244783,HSS-8091763
6952,HSS-8074097
57452,HSS-8078137
240303,HSS-8086995
148813,HSS-8074090
62213,HSS-8075690
230906,HSS-8088665
11569,HSS-8076411
244755,HSS-8088672
207102,HSS-8074099
248252,HSS-8090371
36643,HSS-8059304
54405,HSS-8068939
24313,HSS-8025539
199781,HSS-8066809
245463,HSS-8089312
81524,HSS-1042072
25547,HSS-8060528
256433,HSS-8092492
99236,HSS-8070855
69202,HSS-8025229
230818,HSS-8084339
74048,HSS-8025231
114004,HSS-8025538
103027,HSS-8070860
249747,HSS-8091507
245519,HSS-8089304
245547,HSS-8089301
237443,HSS-8086962
163490,HSS-8060518
35881,HSS-8060507
80259,HSS-8071453
33064,HSS-8070651
270723,HSS-8096787
247515,HSS-8090644
249742,HSS-8091517
271078,HSS-8096791
261869,HSS-8096010
19308,HSS-8068929
128667,HSS-8068928
98703,HSS-1037384
137653,HSS-1043373
277969,HSS-8096659
277797,HSS-8096658
277991,HSS-8096651
257619,HSS-8093932
139073,HSS-1042761
234033,HSS-1045958
265821,HSS-8092785
236001,HSS-8087457
111128,HSS-8026153
237901,HSS-8087456
236003,HSS-8087453
169263,HSS-8065633
247519,HSS-8090641
123297,HSS-8065638
238028,HSS-8087458
183839,HSS-8065640
133765,HSS-8065636
52893,HSS-8065637
120764,HSS-8024936
52655,HSS-8066888
110646,HSS-8077376
44072,HSS-8078929
124087,HSS-8070582
74180,HSS-8078932
164328,HSS-8078935
1382,HSS-1040033
240376,HSS-8085542
240611,HSS-8086819
249419,HSS-8090652
236860,HSS-1047244
15144,HSS-8078933
227405,HSS-8083102
197588,HSS-8078886
229016,HSS-1045118
21413,HSS-1042042
230850,HSS-8083105
239878,HSS-1046365
232004,HSS-8083103
230086,HSS-1045099
33121,HSS-8078934
16714,HSS-1043515
116304,HSS-8078122
250654,HSS-1048748
225125,HSS-8084043
171193,HSS-8071449
82877,HSS-8071438
93310,HSS-8062317
240211,HSS-8086953
258,HSS-8078126
95922,HSS-8078091
171478,HSS-8071444
225677,HSS-8082627
173526,HSS-8070584
73505,HSS-8025537
233351,HSS-8085074
230695,HSS-8085638
206416,HSS-8066816
229201,HSS-8085081
149567,HSS-8073645
52228,HSS-8078480
84127,HSS-8060544
4619,HSS-8078501
233233,HSS-8094111
233247,HSS-8094094
233235,HSS-8094093
244844,HSS-8091067
154624,HSS-8078496
229738,HSS-8086165
172601,HSS-8078489
261866,HSS-8096245
123996,HSS-8073644
233266,HSS-8094092
148983,HSS-8078492
68067,C000206
7936,HSS-8078478
234516,HSS-8086179
156400,HSS-8060545
150142,HSS-1044217
33203,HSS-8024920
106890,HSS-8058615
133239,HSS-8027581
77128,HSS-1984585
100705,HSS-8058598
135552,HSS-8059329
18951,HSS-1952998
64607,HSS-8079407
254074,HSS-8091875
142069,HSS-8078118
120009,HSS-1984576
140822,HSS-8068774
112606,HSS-1984577
102302,HSS-8068780
170343,HSS-8060547
186641,HSS-1984578
31356,HSS-8058589
202093,HSS-8058588
25575,HSS-1045029
234523,HSS-8086198
247133,HSS-8089572
69725,HSS-8067939
104659,HSS-8025531
31823,HSS-8066872
247132,HSS-8090631
236467,HSS-8087464
249738,HSS-8091519
159648,HSS-8026156
234519,HSS-8086140
7997,HSS-8064837
55203,HSS-8064814
144602,HSS-8068900
230960,HSS-8085567
4368,HSS-8027545
62789,HSS-8064816
83573,HSS-8074884
86423,HSS-8064817
231094,HSS-8085587
231089,HSS-8085595
249806,HSS-8091367
188212,HSS-8072899
235659,HSS-8087482
231028,HSS-8085572
248089,HSS-8090186
35164,HSS-8027744
248211,HSS-8090187
247814,HSS-8091047
133473,HSS-8025746
60432,HSS-8064813
248087,HSS-8090179
105754,HSS-8079316
2660,C19C14M200
179391,HSS-8026151
183170,HSS-8066858
5303,HSS-8025540
190645,HSS-8066866
83244,HSS-8073059
143413,HSS-8025547
234535,HSS-8086147
129696,HSS-8068732
235216,HSS-8086137
234505,HSS-8086138
234530,HSS-8086134
230924,HSS-8086136
235244,HSS-8086145
234515,HSS-8086135
235233,HSS-8086151
234501,HSS-8086142
177911,HSS-8068731
234141,HSS-8086152
234514,HSS-8086148
235232,HSS-8086143
273564,HSS-8095801
257100,HSS-1112368
235830,HSS-8087948
23531,HSS-8074223
273829,HSS-8095803
123867,HSS-8059316
181608,HSS-8074215
175671,HSS-8025548
84232,HSS-8072568
235765,HSS-8087949
13906,HSS-8076407
8436,HSS-8074222
199227,HSS-8079829
235880,HSS-8088704
57749,HSS-8059317
119874,HSS-8025726
120006,HSS-8059313
235579,HSS-8087942
199656,HSS-8079876
12441,HSS-8059314
23325,HSS-8072582
160326,HSS-8073058
176073,HSS-8060161
23277,HSS-8072584
19259,HSS-8072722
828,HSS-8067957
206703,HSS-8026171
7382,HSS-8072565
239502,HSS-8085327
14442,HSS-8067109
240576,HSS-8086548
169057,HSS-1992429
155516,HSS-8027745
122995,HSS-8074926
257146,HSS-8094721
16763,HSS-8027747
4629,HSS-8073057
202424,HSS-8071517
158819,HSS-8026184
249674,HSS-8091883
140133,HSS-8026045
202108,HSS-8076103
29993,HSS-8060280
103530,HSS-8081167
105349,HSS-8081087
124720,HSS-8081101
73944,HSS-8059935
117967,HSS-8059934
118270,HSS-8076104
118306,HSS-8074632
102272,HSS-8060283
148643,HSS-8074636
167201,HSS-8074466
33840,HSS-8076107
34115,HSS-8059992
120102,HSS-1992436
15424,HSS-8076105
121383,HSS-8076122
93827,HSS-8060263
257142,HSS-8094287
257237,HSS-8094289
197473,HSS-8074633
199973,HSS-8059993
196749,HSS-8060262
147996,HSS-1992443
172447,HSS-1992442
59307,HSS-1992440
8476,HSS-8060281
69643,HSS-8076102
70312,HSS-8072759
86053,HSS-8074631
114223,HSS-8076123
184369,HSS-8074629
168251,HSS-8060285
201108,HSS-8060282
233165,HSS-8094470
132019,HSS-1992434
184561,HSS-1992441
21690,HSS-8074457
81597,HSS-8058138
66282,HSS-8058145
120047,HSS-8059930
193901,HSS-8060259
233192,HSS-8094477
147013,HSS-8081173
84487,HSS-1038959
271356,HSS-8096369
46332,HSS-8061007
237298,HSS-8087943
265834,HSS-8094496
236742,HSS-8088639
162952,HSS-8060163
235344,HSS-8093478
117497,HSS-8025949
257211,HSS-8094291
75022,HSS-8059933
155000,HSS-8069585
235842,HSS-8087217
133776,HSS-8068752
234503,HSS-8086166
56983,HSS-8068773
234520,HSS-8086162
52809,HSS-8078461
157689,C003150
129214,C003145
118830,C003142
43358,C003144
16021,C003146
176033,C003143
172647,HSS-8060931
248218,HSS-8090598
240294,HSS-8086993
204793,HSS-8074100
240300,HSS-8086965
235210,HSS-8086980
93676,HSS-8061919
195553,HSS-8060491
248243,HSS-1048143
153331,HSS-8075680
3523,HSS-8060488
95939,HSS-8060927
89619,HSS-8075703
21412,HSS-8075683
180686,HSS-8060489
52777,HSS-8060533
105742,HSS-8060960
62514,HSS-8075667
164370,HSS-8061461
33896,HSS-8061431
166889,HSS-8061456
201181,HSS-8061458
151794,HSS-8061444
87370,HSS-8060493
35108,HSS-8060930
244797,HSS-8090584
102688,C018678
184451,HSS-8060581
129121,HSS-8060922
39651,HSS-8060946
63258,HSS-8060557
249735,HSS-8091762
180890,HSS-8061484
85365,HSS-8061481
140214,HSS-8061502
197703,HSS-8061916
182935,HSS-8061914
231976,HSS-8083635
194903,HSS-8060559
110810,HSS-8073296
25110,HSS-8057920
249845,HSS-8091133
24656,HSS-8061500
73522,HSS-8061498
117061,HSS-8061497
249885,HSS-1048631
39242,HSS-8075696
86234,HSS-8062125
51731,HSS-8061443
138345,HSS-8060584
184304,HSS-8060560
46242,HSS-8060582
161708,HSS-8060494
122487,HSS-8060971
132107,HSS-8061010
233163,HSS-8094909
191292,HSS-8061501
60587,HSS-8079819
109562,HSS-8075671
105276,HSS-1040284
203761,HSS-8061474
39411,HSS-8061483
258287,HSS-8091780
33912,HSS-8078143
182395,HSS-8061462
131371,HSS-8061448
163462,HSS-8075697
123305,HSS-8074093
75252,HSS-8061482
44816,HSS-8074882
14100,HSS-8066621
30433,HSS-8072517
27322,HSS-8072895
163427,HSS-8074767
180956,HSS-8066614
176249,HSS-8066612
112927,HSS-8074734
115879,HSS-8079339
54937,HSS-8074881
34407,C003149
112418,HSS-8072896
21719,HSS-8068897
120394,C003141
93661,HSS-8074730
62594,HSS-8066613
63794,HSS-8072901
170342,HSS-8066610
35531,HSS-8079335
203571,HSS-8072897
204424,HSS-8072521
140341,HSS-8066623
140674,HSS-8066611
230782,HSS-8085605
163650,HSS-8066622
248093,HSS-8090202
231121,HSS-8085575
173725,HSS-1039631
190047,HSS-8079338
119616,HSS-8066609
27965,HSS-8066618
149288,HSS-8068903
134647,HSS-8074732
111783,HSS-8068899
229371,HSS-1045302
230758,HSS-8085578
249598,HSS-8091864
31718,HSS-8074770
40398,HSS-8066619
248387,HSS-8090188
189151,HSS-8064836
171676,HSS-8064830
67783,HSS-8026130
266856,HSS-8096389
248091,HSS-8090178
30480,HSS-1039632
12118,HSS-1039620
73647,HSS-8074733
266918,HSS-8096414
249673,HSS-8091372
146935,HSS-1039633
206556,HSS-8027741
55416,HSS-8074731
270842,HSS-8096430
248092,HSS-8090197
272765,HSS-8095459
236490,HSS-1047249
53972,HSS-1016763
12001,HSS-8079365
162277,HSS-8079358
273047,HSS-8096046
274053,HSS-8096136
136593,HSS-8079362
120284,HSS-1042138
87260,HSS-8079371
58277,HSS-8079361
125192,HSS-8070171
131523,HSS-8079370
103829,HSS-8079363
171923,HSS-8079368
173857,HSS-8079360
204841,HSS-8070123
236117,HSS-8088496
101587,HSS-1032220
25341,HSS-8059947
237341,HSS-8087259
34057,HSS-1043394
193289,HSS-8081677
232967,HSS-1045735
248075,HSS-8091592
111823,HSS-8025044
67279,HSS-1044481
236307,HSS-8087258
236312,HSS-8087257
49771,HSS-1032219
186917,HSS-1043077
187904,HSS-8059948
96630,HSS-8081682
230699,HSS-8085893
48812,HSS-8077594
49503,HSS-1973736
91218,HSS-1034391
91296,HSS-8067642
18884,HSS-8059061
226509,HSS-8082911
226530,HSS-8082904
166224,HSS-1026451
230344,HSS-8082881
88077,HSS-8025819
104368,HSS-8059965
44801,HSS-8026991
73188,HSS-8070920
60702,HSS-8074421
134975,HSS-1024233
179554,HSS-1031916
230265,HSS-8082906
33861,HSS-8078115
169729,HSS-8078426
167265,HSS-8078424
198948,HSS-8078421
76199,HSS-8078423
79483,HSS-8078420
225197,HSS-1045435
108912,HSS-8062367
146476,HSS-8061425
182980,HSS-8075712
71378,HSS-1038907
126256,HSS-8079880
92042,HSS-8061437
58420,HSS-8075724
77895,HSS-8061415
14487,HSS-8061413
154537,HSS-8062355
179362,HSS-8079873
2751,HSS-8061440
26193,HSS-8071483
225220,HSS-8083680
15305,HSS-8079868
135894,HSS-8079879
79788,HSS-8071518
5709,HSS-8067948
15377,HSS-8057929
9287,HSS-8075674
170276,HSS-8075692
227552,HSS-1045036
228861,HSS-8083659
230754,HSS-1046062
150959,HSS-8079866
155740,HSS-8079874
165517,HSS-8067113
24940,HSS-8061908
167014,HSS-8067952
246042,HSS-8089526
273842,HSS-8095378
13370,HSS-8080365
256764,HSS-8093997
113359,HSS-1041281
188856,HSS-1041573
248917,HSS-1048191
18606,HSS-8024437
142391,HSS-8080369
135608,HSS-8066633
62176,HSS-8080807
145895,HSS-8025358
72611,HSS-8082339
65219,HSS-8071817
22718,HSS-8071818
166782,HSS-8079591
153985,HSS-8079592
154568,HSS-8025883
273248,HSS-8094787
236334,HSS-1047072
225722,HSS-8082271
238995,HSS-8087190
225639,HSS-8082273
41984,HSS-8080839
225654,HSS-8082272
91065,HSS-8071805
38184,HSS-8071816
4412,HSS-8069555
134447,HSS-8082348
119583,HSS-8072353
161562,HSS-1043183
106008,HSS-8069554
121534,HSS-1035593
69797,HSS-8069560
89305,HSS-8024783
173769,HSS-8072351
230706,HSS-8085285
97998,HSS-8024568
134153,HSS-8024564
235234,HSS-8085848
196479,HSS-8080808
96812,HSS-1044432
229912,HSS-8083310
256008,HSS-8091467
244776,HSS-8090558
188195,HSS-8073888
196265,HSS-1040760
237836,HSS-8087702
113493,HSS-1976101
248498,HSS-1049332
119233,HSS-8009804
137741,HSS-8073890
86652,HSS-8073124
47371,HSS-1971860
11397,HSS-1976102
71097,HSS-8073891
236399,HSS-8087700
228400,HSS-8083309
240996,HSS-8085847
20035,HSS-1025174
102139,HSS-8027544
256737,HSS-1111576
238987,HSS-8087507
256880,HSS-1110753
58119,HSS-1036959
201932,HSS-8027539
245467,HSS-8089282
142725,HSS-8064847
235829,HSS-8087927
237704,HSS-8087923
236453,HSS-8087926
90610,HSS-8064852
245473,HSS-8089281
229368,HSS-8093726
59712,HSS-8027541
92223,C003174
58691,HSS-8027542
159567,HSS-8064846
185430,HSS-1037431
267372,HSS-8096403
24370,HSS-8027537
267347,HSS-8096422
76602,HSS-8064845
253902,HSS-8091867
267308,HSS-8096417
205247,HSS-8026144
267076,HSS-8096149
270909,HSS-8096427
164353,HSS-1037456
267374,HSS-8096148
270756,HSS-8096429
235280,HSS-8093566
46399,HSS-8065464
142215,HSS-8078937
13135,HSS-8078948
116042,HSS-8070625
43306,HSS-8070632
207178,HSS-8065467
103922,HSS-8024930
103603,HSS-8070611
166070,HSS-8065463
21837,HSS-8070637
160245,HSS-1985099
168719,HSS-8070641
147603,HSS-8070644
249819,HSS-1048444
238356,HSS-1998240
238452,HSS-1998323
35197,HSS-8070610
244754,HSS-8089536
183018,HSS-1985499
112012,HSS-8024929
10455,HSS-1973965
10242,HSS-8070631
229047,HSS-8093571
47427,HSS-8070633
238417,HSS-1998298
200853,HSS-8078889
238465,HSS-1998340
47537,HSS-8060268
247058,HSS-8089538
178226,HSS-8065468
95391,HSS-1038974
19590,HSS-8070636
235284,HSS-8093568
25136,HSS-8070595
164293,HSS-1044421
131074,HSS-1031653
83394,HSS-8080317
196236,HSS-8070599
247199,HSS-1047898
57893,HSS-8070597
11253,HSS-8080316
72533,HSS-1041806
173673,HSS-1041757
76161,HSS-1041799
25031,HSS-1041860
173731,HSS-1041798
110345,HSS-1041800
154722,HSS-1041769
105941,HSS-8015771
58506,HSS-8077155
74082,HSS-8077154
138481,HSS-8077157
61967,HSS-8077158
10249,HSS-8077156
243971,HSS-8089524
58339,HSS-1034816
250459,HSS-1049597
253920,HSS-1049568
253917,HSS-1049566
253923,HSS-1049567
196172,HSS-8077162
225632,HSS-8083111
227415,HSS-8083106
8887,HSS-8080306
237852,HSS-1047128
175240,HSS-8080311
180279,HSS-8070586
227416,HSS-8083113
58559,HSS-8026070
240608,HSS-8086808
102122,HSS-1041237
53926,HSS-8070585
248503,HSS-1048807
186519,HSS-1041866
124141,HSS-8070593
227374,HSS-8083108
144968,HSS-8026069
240625,HSS-8086807
227386,HSS-8083107
111464,HSS-8070590
240592,HSS-8086809
227421,HSS-8083110
68390,HSS-8077161
51836,HSS-8077159
33691,HSS-8080309
229153,HSS-1045139
196010,HSS-8070596
227379,HSS-8083109
227393,HSS-8083112
240589,HSS-8086806
125810,HSS-8070592
43985,HSS-8077160
197489,HSS-8070587
9719,HSS-8080308
16099,HSS-8080305
177701,HSS-8080307
16753,HSS-8070589
130582,HSS-8077189
43803,HSS-1034793
170754,HSS-1036755
51952,HSS-8078918
21404,HSS-8080349
198431,HSS-8078913
131181,HSS-8065674
109704,HSS-8080352
145157,HSS-8081963
85299,HSS-1043105
107919,HSS-8078922
143056,HSS-8070653
183600,HSS-1043824
204537,HSS-8065666
100601,HSS-8025641
37929,HSS-8023576
27663,HSS-1964282
101184,HSS-8077359
138439,HSS-1037598
35402,HSS-1042212
93443,HSS-8077150
98978,HSS-8026921
266831,HSS-8095444
270992,HSS-8096753
253913,HSS-8092071
270980,HSS-8096777
267149,HSS-8095481
257757,HSS-8093931
263533,HSS-8094718
257460,HSS-8093767
256731,HSS-8094246
257832,HSS-8093933
237661,HSS-8087449
237466,HSS-1047325
265762,HSS-8093780
256729,HSS-8094247
246104,HSS-8089309
230722,HSS-8085633
121145,HSS-8078683
273354,HSS-8094959
256706,HSS-8094245
237250,HSS-1047287
205009,HSS-8027578
267084,HSS-8095491
257854,HSS-8093779
257440,HSS-8095977
254260,HSS-8092394
159026,HSS-8067348
131503,HSS-8067360
145400,Hss-8067364
121404,Hss-8067354
272693,HSS-8095882
257500,HSS-1111068
145174,HSS-8071170
19878,HSS-8071729
111134,HSS-8027166
16311,HSS-1985055
128814,HSS-8060627
257563,HSS-1110345
3967,HSS-8081714
121820,HSS-1992568
112776,HSS-8027163
184547,HSS-8027164
63143,HSS-8024560
206996,HSS-8060628
233914,HSS-8085307
237104,HSS-8087248
189180,HSS-8027167
80672,HSS-8060643
135825,HSS-8027162
50911,HSS-8024556
171545,HSS-8027155
247790,HSS-8089806
154618,HSS-8025391
169261,HSS-8060664
185663,HSS-8027156
15176,HSS-8027157
171318,HSS-1985056
18334,HSS-8060542
32610,HSS-8060665
247789,HSS-8089807
194829,HSS-8060515
70809,HSS-8060662
138719,HSS-8058472
58629,HSS-8060663
179844,HSS-1992554
107284,HSS-1992552
229717,HSS-8084025
124959,HSS-8059969
63809,HSS-1044691
76221,HSS-8070137
248045,HSS-8091755
179303,HSS-1044689
177980,HSS-8060522
228935,HSS-1045294
104840,HSS-8060517
183900,HSS-8059328
240204,HSS-8086539
7453,HSS-8067941
226696,HSS-8084026
57309,HSS-8060548
134501,HSS-8078098
263266,HSS-8094726
273296,HSS-8095625
273732,HSS-8094921
95329,HSS-8059331
180917,
45421,HSS-1042126
99406,HSS-8064849
261741,HSS-8095999
133107,HSS-8064848
234543,HSS-1997618
27893,HSS-1041184
257511,HSS-8093759
49329,HSS-8066608
27053,HSS-8027536
248479,HSS-8091652
84658,HSS-8071443
198174,HSS-8062314
116563,HSS-8078101
141927,HSS-8059332
188960,C003179
267197,HSS-8096151
257812,HSS-8092779
249568,HSS-8091868
207436,HSS-8064850
270759,HSS-8096425
70853,HSS-8064851
271044,HSS-8096426
190185,HSS-8027540
111652,HSS-8026281
166990,C003176
45123,HSS-8026286
66166,HSS-8027538
270901,HSS-8096432
68693,HSS-8060543
135735,HSS-8078104
175171,HSS-8060538
188347,HSS-1042135
177123,HSS-8082553
46123,HSS-8067940
721,HSS-8060576
119604,HSS-8059334
225112,HSS-8084029
11987,HSS-8059335
196831,HSS-8078092
176705,HSS-8067098
169654,HSS-8078090
225701,HSS-8082564
98543,HSS-8060516
240212,HSS-8086956
15896,HSS-8060979
47448,HSS-8059333
132748,HSS-8061881
267143,HSS-8095486
26629,HSS-1037407
52476,HSS-1044020
267219,HSS-8095493
256715,HSS-8094184
76994,HSS-8066849
191430,HSS-8066852
233111,HSS-8094551
30487,HSS-8080506
34669,HSS-1037414
142018,HSS-8078105
248212,HSS-8090370
1901,HSS-8059307
236877,HSS-8088442
176631,HSS-8076948
128220,HSS-8068181
134166,HSS-1042434
170858,HSS-8068178
153276,HSS-8080507
207014,HSS-8069537
56559,HSS-8059026
228963,HSS-8088300
108079,HSS-8060165
96334,HSS-8078096
254078,HSS-1049367
248477,HSS-8091651
64706,HSS-1043544
88788,HSS-8060955
47944,HSS-8078093
254081,HSS-1049368
254088,HSS-1049369
21061,HSS-8078413
237119,HSS-8088302
250726,HSS-1048176
240734,HSS-1047053
233312,HSS-8089040
104284,HSS-1036440
99546,HSS-1038735
43938,HSS-1036439
96754,HSS-1036437
180530,HSS-1036438
129637,HSS-1036441
4559,HSS-8074201
206244,HSS-8058312
247302,HSS-1048046
184588,HSS-8025724
184739,HSS-8022243
163930,HSS-8074244
34825,HSS-1031917
257889,HSS-8093735
83448,HSS-1040765
236179,HSS-8087929
236470,HSS-8087930
236266,HSS-8087928
36128,HSS-1988750
141232,HSS-1988749
52485,HSS-1988732
187485,HSS-1988733
45162,HSS-1988734
84409,HSS-1988753
244833,HSS-8091764
106609,HSS-1988746
57173,HSS-1988748
127654,HSS-1988745
122154,HSS-1988747
3331,HSS-1988752
119711,HSS-1988751
155595,HSS-1988743
175418,HSS-1988742
135715,HSS-1988741
11368,HSS-1988740
179388,HSS-1988731
177849,HSS-1988730
127430,HSS-1988728
94525,
148992,
231998,HSS-8083682
258285,HSS-8091779
260284,HSS-8091985
244780,HSS-8091772
120750,HSS-8075665
244860,HSS-8091771
225181,HSS-1045472
64573,HSS-8071513
169134,HSS-1036752
126138,HSS-1043959
113895,HSS-8026044
237843,HSS-8088703
80244,HSS-8079871
124315,HSS-8079869
98516,HSS-1040153
88004,HSS-1036610
8026,HSS-8067086
75886,HSS-8062347
124842,HSS-8079828
58690,HSS-8060957
106083,HSS-8066365
119646,HSS-8060279
102808,HSS-8058167
69097,HSS-8060291
24941,HSS-8024554
127077,HSS-8081072
193113,HSS-8060314
143858,HSS-8081073
10873,HSS-8060328
93458,HSS-8060289
56377,HSS-8060276
131896,HSS-8060275
200599,HSS-8058186
14277,HSS-8060293
64140,HSS-8058166
180316,HSS-8074461
166700,HSS-8076116
132171,HSS-8027393
162184,HSS-1033711
159246,HSS-8077183
99372,HSS-1985515
108153,HSS-1985516
82865,HSS-1985531
47774,HSS-1985528
118685,HSS-1985526
77177,HSS-1985523
62598,HSS-1985529
143147,HSS-1985522
87164,HSS-8026064
3593,HSS-1985530
44607,HSS-1985527
159914,HSS-1985519
25641,HSS-1985525
20285,HSS-1985524
7039,HSS-1985518
179679,HSS-1985532
125017,HSS-1985517
60152,HSS-1985520
126360,HSS-8078942
178795,HSS-1985521
8511,HSS-8070560
235245,HSS-8086342
170956,HSS-8061251
138060,HSS-8059052
137240,HSS-8059045
81885,HSS-8080837
183333,HSS-8080836
198055,HSS-8080842
25245,HSS-8071240
120269,HSS-8071791
5012,HSS-8061231
230743,HSS-8085286
48103,HSS-8061655
92434,HSS-8079571
54120,HSS-8082332
137968,HSS-8079649
113689,HSS-8079653
145996,HSS-8061221
123034,HSS-8069567
6509,HSS-8072332
163278,HSS-8079587
256377,HSS-8093273
152820,HSS-8025970
193606,HSS-8071807
4857,HSS-8079562
128649,HSS-8082275
150198,HSS-8071232
40721,HSS-8071784
229121,HSS-8083198
232775,HSS-8091950
98338,HSS-8076117
243975,HSS-8088850
177660,HSS-8080764
267172,HSS-8095492
245541,HSS-8089307
124616,HSS-8066815
237858,HSS-8087452
62650,HSS-1037368
230951,HSS-8085632
153335,HSS-8027583
240571,HSS-1046654
233128,HSS-8095979
172139,HSS-8026148
267181,HSS-8095473
267081,HSS-8095489
248220,HSS-8090369
131346,HSS-8066801
248237,HSS-8090376
233152,HSS-8095976
181277,HSS-8066814
249610,HSS-8091882
248380,HSS-1048368
230734,HSS-1046033
248293,HSS-1048369
137971,HSS-8024919
87918,HSS-8068778
59368,HSS-8068768
234509,HSS-8086164
167472,HSS-8068761
179558,HSS-8068750
26266,HSS-8068770
6661,HSS-1984584
93359,HSS-8081091
235419,HSS-8088847
62238,HSS-8081080
682,HSS-8083352
25933,HSS-8081088
237163,HSS-8088499
129147,HSS-8077597
271817,HSS-8096500
273861,HSS-8094949
235793,HSS-1047176
257562,HSS-8093926
245472,HSS-8089284
230232,HSS-8085018
254262,HSS-8092387
30186,HSS-8059199
273261,HSS-8094950
110542,HSS-8064843
72872,HSS-8074895
68202,HSS-8074894
267022,HSS-8096150
12544,HSS-1037426
266968,HSS-8096420
245465,HSS-8089283
195353,HSS-1037432
65411,HSS-8059200
230109,HSS-8085017
249750,HSS-8091870
257138,HSS-8094948
137672,HSS-8064844
79195,C003172
267145,HSS-8096424
267363,HSS-8096418
23994,C003171
193607,HSS-1037424
168462,HSS-8026143
167528,HSS-1037422
245457,HSS-1047562
234060,HSS-8085577
267365,HSS-8096139
137055,HSS-1037465
139324,HSS-8059198
249781,HSS-8091866
35194,HSS-1037473
89600,HSS-8074893
101384,HSS-1042472
190477,HSS-1037454
257207,HSS-8094951
11147,HSS-8059197
70070,HSS-8059195
266875,HSS-8096411
177589,HSS-8059196
111523,C003169
143079,HSS-8026141
261748,HSS-8096001
245466,HSS-8089285
267265,HSS-8096416
204429,HSS-8026142
267305,HSS-8096147
261803,HSS-8096000
266942,HSS-8096413
17570,C003170
282338,HSS-8096726
282343,HSS-8096728
282342,HSS-8096725
282350,HSS-8096718
282367,HSS-8096742
282356,HSS-8096738
282361,HSS-8096747
282353,HSS-8096743
282363,HSS-8096720
282373,HSS-8096722
282351,HSS-8096723
32525,HSS-1043795
257155,HSS-8095229
282339,HSS-8096730
282347,HSS-8096719
120302,HSS-8027564
114278,HSS-1037313
103006,HSS-8074898
227801,HSS-8084600
63269,HSS-8025530
79624,HSS-8027563
5545,HSS-8022876
272722,HSS-8094955
257493,HSS-8094542
31804,HSS-1035432
250685,HSS-1048140
106764,HSS-8058314
232626,HSS-8083173
227563,HSS-8093580
228316,HSS-8093581
229451,HSS-8093588
230866,HSS-8083166
108198,HSS-1985502
54434,HSS-1985503
247088,HSS-8089542
141047,HSS-1985509
63744,HSS-8065479
26238,HSS-8077185
225262,HSS-8083384
257604,HSS-8094292
128643,HSS-8074727
177648,HSS-8064815
249546,HSS-1048521
256799,HSS-8093114
273490,HSS-8096181
273087,HSS-8096180
127401,HSS-8077175
269182,HSS-8096182
225662,HSS-1045246
247239,HSS-1047960
227691,HSS-8083154
272791,HSS-8096179
238455,HSS-1998335
265790,HSS-8092696
47764,HSS-8065696
133680,HSS-8065699
116833,HSS-1031996
9232,HSS-1031995
192571,HSS-8078611
2302,HSS-8077177
108921,HSS-8077171
263660,HSS-8094673
265784,HSS-8092694
256817,HSS-8093113
273211,HSS-8096177
84572,HSS-8065698
124816,HSS-8077174
206578,HSS-8077173
273310,HSS-8096178
48346,HSS-8083149
120037,HSS-1029068
180643,HSS-8023595
235552,HSS-8086837
97800,HSS-8083153
56372,HSS-8023598
273062,HSS-8095139
170246,HSS-8083152
236496,HSS-8086836
269029,HSS-8096183
227378,HSS-8083147
227397,HSS-8083150
56469,HSS-8065701
71264,HSS-8077176
240326,HSS-8086600
230986,HSS-8083660
230918,HSS-8087034
231055,HSS-8086599
240312,HSS-8087035
231985,HSS-8083662
244814,HSS-8090581
20300,HSS-8075653
260283,HSS-8091987
206456,HSS-8062368
244801,HSS-8090582
10529,C001168
15530,HSS-8067129
20283,HSS-8067128
158159,HSS-8067133
119653,C005119
67310,HSS-8067130
256389,HSS-1111209
137436,HSS-8067131
106719,C005122
48374,HSS-8079917
32007,HSS-8079913
198031,HSS-8079912
133413,HSS-8078422
181392,HSS-8073708
179828,HSS-8079915
22992,HSS-8073704
156925,HSS-8073709
204166,HSS-8079911
68450,HSS-8073705
198414,HSS-8061465
23214,HSS-8079916
240301,HSS-8086556
238862,HSS-8089033
159509,HSS-8079845
155176,HSS-8061480
92512,HSS-8061467
154594,HSS-8059322
238829,HSS-8087031
10659,HSS-8061470
163979,HSS-8075743
147445,HSS-8059323
108456,C018810
64714,HSS-8082651
181458,HSS-8077144
230964,HSS-8086555
228016,HSS-8082631
228039,HSS-8082646
46092,HSS-8061891
21689,HSS-1037253
50399,HSS-8026381
96713,HSS-1038908
243947,HSS-8089019
254253,HSS-1110079
172408,HSS-8026328
247761,HSS-8090020
227391,HSS-8083671
100956,HSS-1038395
254229,HSS-1110080
174732,HSS-1030713
272229,HSS-1111330
245316,HSS-8089031
257795,HSS-1110348
249828,HSS-8091134
249861,HSS-8091140
33740,HSS-1038584
237716,HSS-8087014
226520,HSS-1045134
257112,HSS-1111524
249597,HSS-8091765
249821,HSS-8091242
249830,HSS-8091142
897,HSS-8069161
3970,HSS-8071487
15153,HSS-1038585
118637,HSS-8071484
72290,HSS-8015687
58568,HSS-8075731
244252,HSS-8089002
84279,HSS-1041690
8170,HSS-1041638
189971,HSS-8061002
232831,HSS-8084090
135340,HSS-8061979
77099,HSS-8019354
6339,HSS-1034484
7102,HSS-8073714
225301,HSS-8082611
185237,HSS-1032036
103311,HSS-8027369
19363,HSS-8061406
42355,HSS-8060970
100095,HSS-8057918
76514,HSS-8057924
81614,HSS-8073687
187924,HSS-8073697
133651,HSS-8071468
108851,HSS-8060976
97717,HSS-8073692
228324,HSS-8083626
9435,HSS-8073686
17230,HSS-8075651
116738,HSS-8078136
200111,HSS-8073694
230874,HSS-8083705
181044,HSS-8078134
45680,HSS-8073690
83147,HSS-8073684
43994,HSS-8073693
194278,HSS-8060951
56204,HSS-8073689
179013,HSS-8060974
44840,HSS-8073698
78826,HSS-8075649
66795,HSS-8073695
229238,HSS-8083625
249553,HSS-8091132
194881,HSS-8078132
183885,HSS-8073696
98470,HSS-8071464
26244,HSS-8073688
112096,HSS-8071470
230872,HSS-8086971
8975,HSS-8021977
91004,HSS-8081070
111914,HSS-8058193
97108,HSS-8021979
7101,HSS-8060295
167830,HSS-8081055
168870,HSS-8081078
48568,HSS-8013274
200547,HSS-8081066
235810,HSS-8087240
52035,HSS-8060290
90105,HSS-8069521
195454,HSS-8067584
179669,HSS-8066374
163612,HSS-8060307
106847,HSS-8066364
94360,HSS-8024763
137783,HSS-1043721
201412,HSS-8060278
66339,HSS-8060309
186378,HSS-8070112
186137,HSS-8060292
162713,HSS-8070122
115056,HSS-8058187
207057,HSS-8025241
154886,HSS-8012713
136350,HSS-8060305
160257,HSS-8060296
100135,HSS-8060299
68605,HSS-8060274
71308,HSS-8015802
17239,HSS-8069527
150685,HSS-8077591
134911,HSS-8060310
104673,HSS-8069508
125011,HSS-8070111
92206,HSS-8060306
92213,HSS-8060277
64744,HSS-8060308
47042,HSS-8058185
97813,HSS-8060300
109805,HSS-8060298
109365,HSS-8074460
124642,HSS-8069528
75508,HSS-8069509
6255,HSS-8060297
4930,HSS-8060288
21008,HSS-8069525
155508,HSS-8070169
42207,HSS-8069517
9614,HSS-8067586
38646,HSS-8060327
35196,HSS-8060304
7038,HSS-8080781
5396,HSS-8060294
19359,HSS-8060312
36192,HSS-8024553
184056,HSS-8067582
184255,HSS-8024552
40319,HSS-8058184
38225,HSS-8070113
25981,HSS-8058183
24711,HSS-8073512
84247,HSS-8058168
116805,HSS-8058182
75295,HSS-8060287
247209,HSS-8089800
154133,HSS-8060311
31980,HSS-8073511
16930,HSS-8081057
99829,HSS-8058189
111395,HSS-8058190
27132,HSS-8060301
81209,HSS-8081071
126536,HSS-1043041
11459,HSS-8067139
97912,HSS-8061004
207461,HSS-8061409
240208,HSS-8087060
105415,HSS-1039378
5771,HSS-8061428
139400,HSS-1039393
71825,HSS-1038076
225100,HSS-8084071
257598,HSS-8093356
101836,HSS-8061907
44182,HSS-8061410
13167,HSS-8075711
252787,HSS-8092895
53530,HSS-8062153
7888,HSS-1039392
225273,HSS-8083656
136953,HSS-8075744
149829,HSS-8075757
94509,HSS-1039394
229431,HSS-8084093
198599,HSS-8062343
121600,HSS-8062154
174796,HSS-1032039
233299,HSS-8089501
188987,HSS-8062151
67614,HSS-8062327
193660,HSS-8075752
75699,HSS-8075672
68979,HSS-8060952
69632,HSS-8025615
124806,HSS-1032034
139920,HSS-1032035
71262,HSS-8067137
128135,HSS-8061963
234689,HSS-8089038
92659,HSS-1032037
91174,HSS-8062152
170036,HSS-8062326
9859,HSS-8067138
160915,HSS-8061961
136167,HSS-8061971
37313,HSS-1032033
225680,HSS-8082665
101727,HSS-8061978
122273,HSS-8061960
23952,HSS-1034638
228758,HSS-8083652
199901,HSS-8057928
183798,HSS-8061009
58686,C018773
154617,C018778
229083,HSS-8082621
229538,HSS-8082637
155413,HSS-8062182
168098,HSS-8061893
70704,HSS-8061897
184348,HSS-8061894
192538,HSS-8061430
144531,HSS-8079580
20001,HSS-8080820
132809,HSS-1992430
238865,HSS-1047414
273023,HSS-8096043
273108,HSS-8095683
99664,HSS-8067406
87154,HSS-8071824
24178,HSS-1037255
144572,HSS-8082324
63314,HSS-8061234
47269,HSS-8071825
165888,HSS-1042779
45291,HSS-8069557
60848,HSS-8073398
89082,HSS-8079555
103867,HSS-8024798
12989,HSS-8067409
14857,HSS-8071822
234699,HSS-1046545
126658,HSS-8023790
67325,HSS-8075153
265812,HSS-1111426
17567,HSS-8061700
47095,HSS-8061219
170120,HSS-8069553
240995,HSS-8085850
256889,HSS-8093268
256399,HSS-8092532
256894,HSS-8094374
120757,HSS-8061242
94210,HSS-8061248
64024,HSS-1043404
16409,HSS-8076916
232813,HSS-8086788
197559,HSS-8061263
167858,HSS-8061249
141612,HSS-8071155
171473,HSS-8061246
156016,HSS-8061260
229800,HSS-8085282
36210,HSS-8061237
229473,HSS-8082329
124646,HSS-8061239
126548,HSS-1976107
97554,HSS-8071826
82374,HSS-1043376
250670,HSS-1048413
47489,HSS-1038635
23859,HSS-8072762
101542,HSS-8058019
190840,HSS-8067563
199035,HSS-8081171
13112,HSS-8076106
73138,HSS-8069520
93237,HSS-8076199
160446,HSS-8058014
194487,HSS-8058017
49643,HSS-8069529
139944,HSS-8060588
166973,HSS-8072763
159976,HSS-8025381
263285,HSS-8094778
257433,HSS-8094304
257496,HSS-8094615
257804,HSS-8094295
257481,HSS-8094465
257596,HSS-8094280
273278,HSS-8095605
273197,HSS-8095051
272917,HSS-8095604
257572,HSS-8094296
56914,HSS-8059959
257491,HSS-8094618
257612,HSS-8094624
257727,HSS-8094464
257732,HSS-8094281
257638,HSS-8094502
257452,HSS-8094301
257535,HSS-8094617
257539,HSS-8094466
257874,HSS-8094300
263536,HSS-8094777
269304,HSS-8096468
269178,HSS-8096210
273167,HSS-8096118
257567,HSS-8094283
248362,HSS-8091959
257542,HSS-8094468
274044,HSS-8095052
263505,HSS-8094780
78541,HSS-8059805
9574,HSS-1041682
144542,HSS-8059804
29722,HSS-8070399
58205,HSS-8059808
163736,HSS-8070398
114890,HSS-8070396
85909,HSS-8059806
103600,HSS-8082009
157262,HSS-8059807
6685,HSS-8070395
66287,HSS-8069357
67246,HSS-8092113
114958,HSS-8081633
37936,HSS-8092112
35090,HSS-8060345
113488,HSS-8026513
230647,HSS-8082872
227383,HSS-8082869
8220,HSS-8024550
114822,HSS-8078334
248250,HSS-1048374
180204,HSS-8081639
180417,HSS-8081635
171400,C011533
240556,HSS-8086411
24249,HSS-8026512
85462,HSS-8026514
101779,HSS-8070146
20712,HSS-8067639
164041,HSS-8081637
277978,HSS-8096294
131613,HSS-8078333
63420,HSS-1032505
226513,HSS-8082870
230143,HSS-8082871
138355,HSS-8060347
198696,HSS-8067637
63911,HSS-8066391
30506,HSS-8081638
2019,HSS-1031972
235772,HSS-1047297
126061,HSS-8021947
161018,HSS-8025015
69577,HSS-8074414
40169,HSS-8019227
229269,HSS-1045115
79237,HSS-1032933
95659,HSS-8092114
124932,HSS-1043402
67842,HSS-8058057
52896,HSS-8069574
51557,HSS-8080857
140724,HSS-8073394
189193,HSS-1970332
187686,HSS-8058047
231056,HSS-8093449
230888,HSS-8085352
227710,HSS-8093875
144518,HSS-8058056
178012,HSS-8069551
261839,HSS-8092554
261830,HSS-8092561
235335,HSS-8093452
240696,HSS-8086393
69762,HSS-8078302
128559,HSS-8058050
128770,HSS-8058048
229612,HSS-8093874
229191,HSS-8093872
249658,HSS-8091587
166300,HSS-8080854
134403,HSS-8073404
118926,HSS-8058051
166056,HSS-1029949
272795,HSS-8095710
176003,HSS-8080849
57895,HSS-8078300
45390,HSS-1043129
228828,HSS-8093873
47370,HSS-8078301
32826,HSS-8073414
238041,HSS-8087752
27160,HSS-8080861
106754,HSS-8080848
235276,HSS-8093448
247151,HSS-8091476
257488,HSS-1111232
273779,HSS-8095686
182432,HSS-4025301
134311,HSS-8070350
197222,HSS-8066067
185220,HSS-8076448
238892,HSS-1047550
189863,HSS-8073128
244596,HSS-8091460
171040,HSS-1043779
238951,HSS-1047520
89231,HSS-8070342
16823,HSS-8066054
246051,HSS-1047716
178428,HSS-8081444
159067,HSS-1038432
184377,HSS-8066017
148658,HSS-1043223
81497,HSS-1043796
24630,HSS-8065170
140651,HSS-8070881
86227,HSS-8065180
228402,HSS-8084342
33350,HSS-8075114
56053,HSS-8075115
155152,HSS-8075092
36395,HSS-8075119
114491,HSS-8075110
237860,HSS-8088820
8457,HSS-8065188
111975,HSS-8075109
112747,HSS-8075099
7605,HSS-8065163
48782,HSS-8075107
50786,HSS-8079168
152052,HSS-8075112
230674,HSS-1045865
82960,HSS-8075126
227675,HSS-8084343
84859,HSS-8025881
103933,HSS-8075122
92584,HSS-8075103
176054,HSS-8065165
127190,HSS-8075129
153641,HSS-8075123
61637,HSS-8065176
125653,HSS-8060655
68241,HSS-8070134
6852,HSS-8027151
14945,HSS-8081711
236479,HSS-8088101
248232,HSS-8090452
100716,HSS-8060654
128338,HSS-8077563
11512,HSS-8077568
169093,HSS-8060653
197125,HSS-8077555
231086,HSS-8085880
105366,HSS-8077559
118677,HSS-1985057
75069,HSS-8077564
67465,HSS-1992498
150512,HSS-8076176
196630,HSS-8027153
79603,HSS-8077562
79669,HSS-8073531
235401,HSS-8089805
183176,HSS-8077557
245521,HSS-8089164
158021,HSS-8070384
228117,HSS-8083311
206707,HSS-8065477
171703,HSS-1039750
108285,HSS-8025650
229568,HSS-8089532
109100,HSS-8065492
4594,HSS-1985098
229257,HSS-8093572
189006,HSS-8080299
199619,HSS-8080302
207048,HSS-8070606
203962,HSS-8070650
124193,HSS-8065465
198687,HSS-8078892
39748,HSS-8074717
51835,HSS-8074901
8816,HSS-8079401
229076,HSS-1045628
767,HSS-8079406
58398,HSS-8066842
69264,HSS-8027399
163534,HSS-8078946
95797,HSS-1029076
99266,HSS-8027394
51420,HSS-8070629
167495,HSS-8025795
180580,HSS-8069175
43423,HSS-8078896
227652,HSS-8093577
73913,HSS-8066577
106971,HSS-8074905
167050,HSS-8066575
174449,HSS-8066576
45461,HSS-8066574
8885,HSS-8080297
227555,HSS-8093578
76413,HSS-8066571
172772,HSS-8066573
106272,HSS-8066568
205113,HSS-8068936
199917,HSS-8078952
244738,HSS-8089534
90815,HSS-1042555
46452,HSS-8074718
133183,HSS-8072554
237885,HSS-8087523
228887,HSS-8093575
181690,HSS-8080298
171370,HSS-1985500
228876,HSS-8083178
14863,HSS-8070646
175933,HSS-8070638
235203,HSS-8086798
235102,HSS-8086792
279644,HSS-8096343
186116,HSS-8066811
145472,HSS-8066820
4252,HSS-8068942
123972,HSS-8066817
230652,HSS-8085639
254085,HSS-1049570
266916,HSS-8095490
267185,HSS-8095478
267078,HSS-8095471
67033,HSS-8061446
150622,HSS-8075451
149729,HSS-8061447
100934,HSS-8061455
177621,HSS-8061463
116360,HSS-8061464
190124,HSS-1029435
9586,C004617
248205,HSS-8090379
14335,HSS-8027368
203423,HSS-8061460
178503,HSS-8061477
174623,HSS-1960892
245365,HSS-8089034
153664,HSS-8075742
92273,HSS-8061479
241748,HSS-8087029
249868,HSS-8091078
245554,HSS-8089311
62095,C004629
229923,HSS-8085082
123613,HSS-8061471
103800,HSS-8061475
176387,HSS-8061478
61083,HSS-8023569
146500,HSS-8057931
149391,HSS-8061472
143835,HSS-8061473
116667,HSS-8061469
250701,HSS-1903191
157985,HSS-8061476
71267,HSS-8067127
229297,HSS-8085083
248290,HSS-8090375
188488,HSS-8067126
235417,HSS-8087446
228072,HSS-8085077
137583,HSS-8076416
233610,HSS-8085079
227858,HSS-8085006
253914,HSS-8092072
147438,HSS-8074791
233609,HSS-8085069
72877,HSS-8066838
15798,HSS-8066823
227981,HSS-8085003
101957,HSS-8022896
74675,HSS-8068948
249831,HSS-8091879
249116,HSS-1048163
84453,HSS-8068949
196369,HSS-1043945
250443,HSS-8090640
67909,HSS-8073300
83308,HSS-8061921
100930,HSS-8061920
197561,HSS-8060531
59782,HSS-8061932
79818,HSS-8060556
121128,HSS-8061925
76627,HSS-8060558
235774,HSS-8089266
247307,HSS-8090208
155449,HSS-8072940
139354,HSS-8025737
74865,HSS-8026294
245504,HSS-8089286
81302,HSS-1040589
251210,HSS-8092388
183543,HSS-8064804
238956,HSS-8089290
251208,HSS-8092390
231003,HSS-8085625
184926,HSS-8079342
273449,HSS-8095450
188378,HSS-8074897
273135,HSS-8095449
227950,HSS-8084572
228629,HSS-8084585
231031,HSS-8085626
229937,HSS-8084578
230697,HSS-8085627
88338,HSS-8059006
107088,HSS-1041750
229506,HSS-8084579
233324,HSS-8090259
159050,HSS-8059005
179139,HSS-8059030
194015,HSS-1040959
227791,HSS-8084573
271852,HSS-8096501
25021,HSS-8025736
162368,HSS-1043206
257431,HSS-8095994
60278,HSS-8023949
34459,HSS-8026283
237592,HSS-8087510
256963,HSS-8093009
230973,HSS-8085581
92501,HSS-8069781
28083,HSS-1039635
169359,HSS-8074765
108507,HSS-8023063
26656,HSS-8066616
161223,HSS-8066615
234028,HSS-8085590
151189,HSS-8075886
204540,HSS-8075884
199282,HSS-8075882
168698,HSS-8025893
252042,HSS-8091777
252078,HSS-8091778
244735,HSS-8090586
173001,HSS-1038941
5876,HSS-1028657
204167,HSS-8060980
237036,HSS-8088514
246079,HSS-1047743
121658,HSS-8060180
2967,HSS-8060956
15815,HSS-8060977
21222,HSS-1044843
207315,HSS-1044844
54556,HSS-8060170
78264,
227849,HSS-1045550
131406,HSS-8062159
166942,HSS-8078515
159636,HSS-8079884
70031,C012705
179213,HSS-8076442
100742,HSS-8057908
240587,HSS-8086822
58551,HSS-8065529
17225,HSS-1032309
155501,HSS-8080366
134410,HSS-8077143
23817,HSS-1032307
73130,HSS-1043510
166635,HSS-8080367
45154,HSS-1031827
204827,HSS-8065530
60711,HSS-1041330
158729,HSS-8065526
257633,HSS-1110909
126590,HSS-1043457
96868,HSS-1042598
193666,HSS-1043511
64448,HSS-1032935
172514,HSS-8080368
63440,HSS-8065528
166933,HSS-1041282
417,HSS-1041283
123724,HSS-8065531
38531,HSS-8065532
157184,HSS-8065527
198199,HSS-8073554
240976,HSS-1047073
109823,HSS-8027713
261787,HSS-8092531
118649,HSS-8025357
235328,HSS-8093272
238382,HSS-1998274
230683,HSS-8085290
195288,HSS-8079604
81492,HSS-8059042
27285,HSS-8079561
3723,HSS-8071249
153835,HSS-8059049
98913,HSS-8071812
51042,HSS-8079559
237116,HSS-8087727
231098,HSS-8085337
233231,HSS-8094400
245546,HSS-8089123
228658,HSS-8083408
75372,HSS-8074583
238431,HSS-1998325
238359,HSS-1998241
233210,HSS-8094377
230858,HSS-8085918
238363,HSS-1998225
29985,C003903
153330,HSS-8074549
238408,HSS-1998252
1627,HSS-8074546
238351,HSS-1998239
250667,HSS-8090945
178299,HSS-8079099
175713,HSS-8025809
104803,HSS-1043020
64398,HSS-8073640
92008,HSS-8058606
78392,HSS-8078490
103253,HSS-1021344
127216,HSS-8023389
151983,HSS-8023411
171610,HSS-1973599
118847,HSS-8078479
50059,HSS-8078466
178280,HSS-8068764
158494,HSS-8068765
115566,HSS-8078459
41416,HSS-1984580
79712,HSS-8058594
234098,HSS-8086185
207160,HSS-1032158
46124,HSS-1042155
36528,HSS-8058603
235214,HSS-8086174
17849,HSS-1040962
234017,HSS-8086202
34720,HSS-1043949
188936,HSS-8079394
246110,HSS-1047747
89205,HSS-8058599
240331,HSS-8085558
195935,HSS-8026131
253909,HSS-8092078
147065,HSS-8079337
12098,HSS-8072900
42766,HSS-8059175
257151,HSS-8095461
76989,HSS-8059173
32199,HSS-8059174
7144,HSS-1041818
102905,HSS-8059172
266815,HSS-8096153
266938,HSS-8096167
267122,HSS-8096156
261864,HSS-8096163
267198,HSS-8096164
104236,HSS-8068946
71130,HSS-8066875
40945,HSS-8068950
40041,HSS-8068951
74331,HSS-8066879
123054,HSS-8074907
27830,HSS-8066878
103848,HSS-1037324
32764,HSS-8068944
256925,HSS-8093207
234116,HSS-8085560
37054,HSS-8067951
267202,HSS-8096133
257737,HSS-8092776
14279,HSS-1031669
102192,HSS-1042595
8308,HSS-8074878
234129,HSS-8085596
247299,HSS-8090182
70171,HSS-8068947
192259,HSS-8068953
40320,HSS-8074908
174400,HSS-8066873
199920,C004674
267108,HSS-8096155
74819,HSS-1037365
235839,HSS-1046932
80245,HSS-1042133
157915,HSS-8064809
230972,HSS-8085562
231029,HSS-8085561
247747,HSS-8091049
230680,HSS-8085601
248096,HSS-8090193
71418,HSS-1035169
115780,HSS-8074885
129820,HSS-1037445
144114,HSS-1037425
238831,HSS-1046841
256694,HSS-8094251
179308,HSS-1039614
200049,HSS-8064811
32664,HSS-1039652
76710,HSS-8064810
267092,HSS-8096135
270934,HSS-8096433
247799,HSS-8091056
248094,HSS-8090198
75279,HSS-1039627
2262,HSS-1037452
248385,HSS-8090175
233117,HSS-8095983
233124,HSS-8095986
230738,HSS-8085576
248057,HSS-1049048
230813,HSS-8084064
231125,HSS-8084112
225302,HSS-8082615
225304,HSS-8082614
230058,HSS-8082647
124583,C012703
232834,HSS-8084103
230900,HSS-8084085
225309,HSS-8082609
228534,HSS-8082645
104410,C009291
162061,HSS-8079893
260317,HSS-8091988
230957,HSS-8084066
232866,HSS-8084083
147416,HSS-1035727
46859,HSS-8059942
97955,HSS-8059932
60598,HSS-8025371
109110,HSS-8067574
5191,HSS-8059989
46708,HSS-8072771
195877,HSS-8081083
191522,HSS-8081165
93034,HSS-8070943
205341,HSS-8081095
60154,HSS-8076124
103770,HSS-8014488
29377,HSS-8067570
187504,HSS-8069513
170370,HSS-8060264
130986,HSS-8076110
175968,HSS-8070095
98029,HSS-8058179
98350,HSS-8069378
190836,HSS-8081106
78092,HSS-8076120
95609,HSS-8069510
94750,HSS-8070942
66272,HSS-8072767
230701,HSS-8084321
35234,HSS-8081084
28991,HSS-8059944
184940,HSS-8081166
247062,HSS-8089393
35263,HSS-8072768
185190,HSS-8081096
72165,HSS-8081085
62139,HSS-8059943
8281,HSS-8070938
244244,HSS-8088848
175293,HSS-8081996
97089,HSS-1991923
26399,HSS-1973656
253921,HSS-1049569
240566,HSS-1046658
243512,HSS-1047294
244868,HSS-8090266
59431,HSS-8073504
156355,HSS-8078315
244824,HSS-8091311
260322,HSS-8092014
229774,HSS-1045288
157633,HSS-8058026
167168,HSS-1035548
238869,HSS-1047427
199636,HSS-1044153
22795,HSS-1044250
109768,HSS-1044155
118188,HSS-1044156
120342,HSS-1044152
155735,HSS-8066848
153496,HSS-8066802
230984,HSS-1045622
166894,HSS-1035108
22497,HSS-8070601
76894,HSS-8066839
107190,HSS-8066840
74760,HSS-8066824
167880,HSS-8066853
67446,HSS-1032591
55127,HSS-8068943
144813,HSS-8066832
59266,HSS-8066808
227409,HSS-8083117
166344,HSS-8065517
1608,HSS-8080338
53780,HSS-8027410
168587,HSS-8065519
94864,HSS-8066841
237111,HSS-8089547
160203,HSS-8077178
27984,HSS-8080341
237327,HSS-8086851
68960,HSS-8059303
82120,HSS-8025557
176472,HSS-8059306
44603,HSS-8059302
17438,HSS-1032161
177563,HSS-8027746
101054,HSS-8065520
155627,HSS-8065512
46457,HSS-8027407
193782,HSS-8025000
227414,HSS-8083122
132028,HSS-8065513
194567,HSS-8027409
238779,HSS-1048111
8747,HSS-1030928
183840,HSS-8062353
106273,HSS-1031740
203177,HSS-1030930
46525,HSS-8062380
39852,HSS-8026039
170863,HSS-8067042
167953,HSS-8062374
104204,HSS-8062382
228811,HSS-8093940
56262,HSS-8062372
226701,HSS-8083668
35376,HSS-8079818
83379,HSS-8026057
133008,HSS-8026056
240557,HSS-8086557
236423,HSS-8087054
232864,HSS-8084072
237427,HSS-8087055
225162,HSS-1995841
24130,HSS-8079856
225128,HSS-1995864
225124,HSS-1995846
229913,HSS-8083653
225253,HSS-1995852
225153,HSS-1995842
155820,HSS-8075717
257630,HSS-8093777
64875,HSS-8026278
237599,HSS-8087491
131502,C003278
21579,HSS-8026133
92803,HSS-8059185
188332,HSS-8059194
279657,HSS-8096335
38285,HSS-8078258
51377,HSS-8078257
233244,HSS-8094878
83384,HSS-8078250
247162,HSS-1047816
233116,HSS-8094861
74985,HSS-8078260
12345,HSS-8025969
106100,HSS-8025964
47082,HSS-8025245
48510,HSS-8025965
48119,HSS-8078254
52219,HSS-8078261
172599,HSS-8078253
90083,HSS-8025968
28465,HSS-8078259
194218,HSS-1043057
132588,HSS-8025962
233140,HSS-8094865
233142,HSS-8094863
233143,HSS-8094862
247176,HSS-1047794
104119,HSS-8078255
60192,C21224M042
177854,HSS-8025963
206122,HSS-8025966
237078,HSS-1046216
113827,HSS-8078256
198605,HSS-8078252
140671,C21222M210
233122,HSS-8094860
74326,HSS-8078251
279646,HSS-8096336
233166,HSS-8094879
233157,HSS-8094864
279626,HSS-8096334
230744,HSS-8085618
98044,HSS-8064824
249887,HSS-8090780
75269,HSS-8059180
257876,HSS-8092778
11901,HSS-8082086
134306,HSS-8025967
137142,HSS-8083359
33678,HSS-8083358
237878,HSS-8087703
122430,HSS-1043076
111146,HSS-1044551
35389,HSS-1040998
156952,HSS-8059183
236882,HSS-8087506
249543,HSS-8090781
121906,HSS-8026279
247797,HSS-8090746
248050,HSS-1048894
12193,HSS-1046277
14619,HSS-1042134
15459,HSS-8074891
247099,HSS-8090752
19922,HSS-1037460
81941,HSS-8059146
191666,HSS-8026280
267153,HSS-8096141
11277,HSS-8066828
9573,HSS-1037471
55772,HSS-8074889
44812,HSS-8059147
39112,HSS-8059181
130671,HSS-8059150
267383,HSS-8096402
182434,C003153
261758,HSS-8096138
96847,HSS-8059162
37152,HSS-8068905
267214,HSS-8096145
173231,HSS-8027577
230656,HSS-8085594
134940,HSS-8059151
145267,HSS-8026134
192271,C003158
11719,HSS-8064825
247027,HSS-8090757
115579,C003152
154771,C003154
46368,HSS-1037435
77365,HSS-8059179
249835,HSS-8091382
142700,C003156
187155,HSS-8059145
124140,HSS-1037433
62836,HSS-8059190
32712,HSS-1046409
256417,HSS-1110710
84938,C003155
41142,HSS-8059184
261776,HSS-8096146
45294,HSS-8059165
200810,HSS-1037442
6535,HSS-8027534
57766,C003157
235969,HSS-8087503
245392,HSS-8090754
249812,HSS-8090784
13944,HSS-8066606
247800,HSS-8090742
230689,HSS-8085556
228626,HSS-8084605
228294,HSS-8085549
249824,HSS-8090782
250977,HSS-1049969
256728,HSS-8094252
273029,HSS-8094942
106385,HSS-1044937
246068,HSS-8089306
263235,HSS-1940003
263443,HSS-1940009
263229,HSS-1940015
263540,HSS-1940017
263702,HSS-1940018
225254,HSS-1045326
247295,HSS-8090364
236498,HSS-8087500
132162,HSS-8059182
30518,HSS-8059148
267387,HSS-8096387
235826,HSS-8090748
247053,HSS-8090753
248388,HSS-8090744
194393,HSS-8074750
13141,HSS-8026135
266932,HSS-8096392
266999,HSS-8096144
245538,HSS-8090755
39971,HSS-8059149
245502,HSS-8089303
122429,HSS-8079552
185915,HSS-8066833
140767,HSS-8069334
249851,HSS-8091508
134228,HSS-8069573
59644,HSS-8080811
112246,HSS-8066085
247772,HSS-8089781
96318,HSS-8079553
7518,HSS-8022576
152887,HSS-8069335
15284,HSS-8058046
53259,HSS-8071248
256416,HSS-8092784
134944,HSS-8071246
34343,HSS-8017100
51413,HSS-1044466
117869,HSS-8022578
46473,HSS-8066083
49863,HSS-1032725
66232,HSS-8082357
187413,HSS-8082358
185779,HSS-8079585
127746,HSS-8071250
21159,HSS-8069550
262230,HSS-1110963
101848,HSS-8082328
59009,HSS-8082342
28917,HSS-8082338
176169,HSS-1040999
273465,HSS-8095242
267277,HSS-8095482
127684,HSS-1041327
257530,HSS-8093930
238252,HSS-8086816
164191,HSS-8065657
117715,HSS-8070662
166851,HSS-8065668
146963,HSS-8065651
173311,HSS-8065659
60841,HSS-8065667
107809,HSS-8065654
247085,HSS-8089516
170471,HSS-8065675
188658,HSS-8078914
160484,HSS-8065670
185313,HSS-8065660
141713,HSS-1041683
172313,HSS-1043224
201965,HSS-8065653
233564,HSS-1045806
173115,HSS-8074243
19983,HSS-8022248
58429,HSS-1044769
83350,HSS-1030902
234153,HSS-8085260
89184,HSS-1041758
235229,HSS-8086341
235564,HSS-1046580
191174,HSS-8071814
185726,HSS-1040992
233988,HSS-8087971
108170,HSS-1042074
90381,HSS-8074198
247082,HSS-8089522
69770,HSS-8059318
229326,HSS-8083681
51456,HSS-8078916
171466,HSS-8060990
173002,HSS-8070661
44071,HSS-8078917
131975,HSS-8078915
185255,HSS-8078919
234687,HSS-8089519
155877,HSS-8059319
117544,HSS-8025636
139866,HSS-8060989
115182,HSS-8078920
91914,HSS-8065672
86539,HSS-8023584
240560,HSS-8086535
33884,HSS-8070659
147724,HSS-8079857
237840,HSS-8088699
173244,HSS-8077152
130821,HSS-8080351
244809,HSS-8091273
249744,HSS-1049138
252065,HSS-8091805
25605,HSS-8060160
236574,HSS-8088697
237302,HSS-8088698
252052,HSS-8091941
203750,HSS-8077579
6734,HSS-8077588
186452,HSS-8073524
102154,HSS-8077583
227574,HSS-8083678
227916,HSS-8083677
51973,HSS-8060988
237283,HSS-8088666
238117,HSS-8086551
4717,HSS-8062348
258369,HSS-8091817
240563,HSS-1046616
235350,HSS-8093470
152857,HSS-1032450
26672,HSS-8077581
38358,HSS-8077586
66935,HSS-8061187
81294,HSS-8061185
106275,HSS-8073293
230637,HSS-8082861
43114,HSS-8075727
94440,HSS-8073507
87683,HSS-8077614
160334,HSS-8077616
233968,HSS-8086550
243998,HSS-8088862
60613,HSS-8081718
87752,HSS-8060629
272893,HSS-8094779
166183,HSS-1985053
28348,HSS-8060631
247813,HSS-8089808
88137,HSS-8082335
237544,HSS-8088861
160969,HSS-1040317
788,HSS-8060191
227398,HSS-8083679
2884,HSS-8067108
122191,HSS-8026053
120417,HSS-8069163
112930,HSS-8026054
173816,HSS-8058575
17691,HSS-8079830
59614,HSS-8005443
95393,HSS-8058576
235384,HSS-8088706
51912,HSS-8060987
43511,HSS-8060162
92867,HSS-1034381
228770,HSS-8083650
124204,HSS-8079836
185865,HSS-8067037
226672,HSS-8086549
235400,HSS-8088701
98999,HSS-8057926
161800,HSS-8060993
237437,HSS-8088641
47546,HSS-8061416
240698,HSS-8086619
185432,HSS-8062170
247115,HSS-8089580
56374,HSS-8078497
82191,HSS-8024927
71555,HSS-8061005
256921,HSS-1110754
235849,HSS-8086973
273144,HSS-8095798
116829,HSS-8023395
64480,HSS-8058608
124076,HSS-8058592
91198,HSS-1984583
94449,HSS-8016043
122674,HSS-8078456
122715,HSS-8078482
111713,HSS-8024925
236504,HSS-1047447
234065,HSS-8086161
38893,HSS-8025814
111329,HSS-1030537
247106,HSS-8089570
156494,HSS-8058616
177643,HSS-8026030
233904,HSS-8086981
22764,HSS-8026023
34264,HSS-8061015
179506,HSS-8061911
175004,HSS-8062363
150712,HSS-8071481
68578,HSS-8026027
87864,HSS-8074094
22987,HSS-8071519
196334,HSS-8016977
130722,HSS-8069154
176701,HSS-8061018
237430,HSS-8088700
203660,HSS-8079931
14238,HSS-8061011
253911,HSS-8091983
178259,HSS-8061016
81625,HSS-8061017
146177,HSS-8079835
77271,HSS-8026036
168986,HSS-8060991
97776,HSS-8060999
64912,HSS-8024063
90451,HSS-8060996
235418,HSS-8088670
237322,HSS-8088705
125826,HSS-8027364
235387,HSS-8088671
123753,HSS-8061424
56274,HSS-8061000
238462,HSS-1998342
153674,HSS-8081716
31725,HSS-1036611
79134,HSS-1961976
252064,HSS-8092036
244856,HSS-8091314
228595,HSS-8094031
124725,HSS-8076180
19981,HSS-1040161
239773,HSS-1046198
240164,HSS-1046205
171224,HSS-8078348
206842,HSS-8070140
260304,HSS-8092035
178067,HSS-8070139
24066,HSS-8078346
188919,HSS-1961977
15097,HSS-1030557
30350,HSS-1040267
244743,HSS-8092109
247212,HSS-8089810
186781,HSS-8076177
169392,HSS-8078518
198799,HSS-8081041
127102,HSS-8074033
227557,HSS-8082644
64141,HSS-1041974
40585,HSS-8078639
86522,HSS-1037469
140199,HSS-8078436
229534,HSS-8095818
273593,HSS-8095819
24446,HSS-1042817
101166,HSS-8072045
278534,HSS-8096630
230540,HSS-8072046
278404,HSS-8096631
28164,HSS-8073670
86359,HSS-8058624
881,HSS-8072052
146931,HSS-8058630
60358,HSS-8078434
141431,HSS-8058617
206363,HSS-1016503
102590,HSS-8058631
269183,HSS-8096238
269143,HSS-8096231
87223,HSS-8068748
186731,HSS-8073674
176599,HSS-8073681
278439,HSS-8096622
21333,HSS-8058627
177883,HSS-8073676
269043,HSS-8096236
139793,HSS-8073671
142832,HSS-8058636
69294,HSS-8058641
16044,HSS-8058637
54212,HSS-8073677
269044,HSS-8096239
7951,HSS-8058623
28608,HSS-8078435
151684,HSS-8078440
269208,HSS-8096242
269278,HSS-8096233
191548,HSS-8024908
121254,HSS-8072042
82805,HSS-8073672
128683,HSS-8073679
268978,HSS-8096237
149727,HSS-8068743
141254,HSS-8072049
114265,HSS-8073678
246057,HSS-8089564
207506,HSS-8072043
106989,HSS-8078437
154824,HSS-8058640
73968,HSS-8072055
15919,HSS-8072039
5516,HSS-8073667
4929,HSS-8072047
49524,HSS-8058629
145468,HSS-8073669
230824,HSS-8085851
244846,HSS-8090548
229833,HSS-8093837
35342,HSS-8066064
244585,HSS-8090547
77516,HSS-8058628
244799,HSS-8091466
244827,HSS-8090556
236105,HSS-8087699
139722,C000674
256007,HSS-8091468
64981,HSS-8073675
278382,HSS-8096629
147763,HSS-8058638
132806,HSS-8024907
100117,HSS-8073668
188111,HSS-8058633
13629,HSS-8072036
70897,HSS-8058626
186732,HSS-8073682
13784,HSS-8058625
103372,HSS-8058634
37662,HSS-8072056
93269,HSS-8073673
178183,HSS-8024903
119454,HSS-8072050
269133,HSS-8096234
131934,HSS-8078438
110265,HSS-8075646
249883,HSS-8091194
91570,HSS-8079108
183598,HSS-1043019
131959,HSS-8075950
35420,HSS-8074419
41763,C21625M059
198518,HSS-8059983
139814,HSS-8071756
91805,C21222M227
248207,HSS-8090261
195825,HSS-8076932
20610,HSS-8073376
162772,C21625M064
102013,HSS-8080530
131686,HSS-8080535
184736,HSS-8073377
124542,HSS-8080543
109420,HSS-1043851
239732,HSS-8090258
83342,HSS-8080529
44963,HSS-8080537
113033,HSS-1020097
14078,HSS-8024916
9752,HSS-8078473
28068,HSS-8078469
21319,HSS-8073634
193932,HSS-1045063
233896,HSS-8086163
134698,HSS-1044988
39056,HSS-1973597
63909,HSS-8078470
261769,HSS-8092843
244790,HSS-8091044
233228,HSS-8094090
64500,HSS-8078458
74101,HSS-8078499
181402,HSS-8078484
133037,HSS-8078481
20367,HSS-8073641
163191,HSS-8073643
123473,HSS-8078494
106491,HSS-8078457
261744,HSS-8092847
261747,HSS-8092848
50316,HSS-1039282
68901,HSS-8078076
143874,HSS-8078071
251200,HSS-1110037
120513,HSS-8078079
247331,HSS-1048177
277833,HSS-8096602
59122,HSS-8076212
35760,HSS-8066372
133943,HSS-8024675
145300,HSS-8026788
176074,HSS-8026789
117758,HSS-8068492
189488,HSS-8026790
24355,HSS-8076165
21196,HSS-8077872
56201,HSS-8074034
36674,HSS-8077903
265792,HSS-8092836
247778,HSS-8089903
11655,HSS-8077889
247169,HSS-8089931
247753,HSS-8089911
142516,HSS-8069139
247808,HSS-8089919
273888,HSS-8094911
256704,HSS-8094190
125857,HSS-8074028
278798,HSS-8096639
230403,HSS-8089906
57468,HSS-8069131
236188,HSS-8088256
256708,HSS-8094192
142741,HSS-1037370
28790,HSS-8066864
38676,HSS-8066794
76417,HSS-8066885
247546,HSS-8090647
261768,HSS-8096008
247558,HSS-8090646
247097,HSS-8090635
57412,HSS-8066891
64325,HSS-8066892
236578,HSS-8090622
267112,HSS-8095439
237364,HSS-8090619
237162,HSS-8090620
140378,HSS-8079887
64990,HSS-8021806
54187,HSS-8067083
247117,HSS-8090636
38838,HSS-8067084
254265,HSS-8092397
247512,HSS-8090637
237457,HSS-8087008
142572,HSS-8059309
240605,HSS-8090623
254219,HSS-8092395
240306,HSS-8087019
125865,HSS-8079905
100325,HSS-8079898
240322,HSS-8088646
129922,HSS-8079900
231041,HSS-8086568
230933,HSS-8087011
161899,HSS-8078527
93236,HSS-1038935
157799,HSS-8078514
64702,HSS-8079903
5838,HSS-1040240
143628,HSS-8079883
100324,HSS-8079891
139409,HSS-8078526
2304,HSS-8077375
141778,HSS-8078508
249456,HSS-8090657
39682,HSS-8067121
60741,HSS-8067122
103493,HSS-8066870
250671,HSS-8091175
180403,HSS-8075719
237137,HSS-8088115
238774,HSS-8088845
191841,HSS-1042883
51936,HSS-8079124
204646,HSS-8065902
121131,HSS-8027708
88288,HSS-8067334
87295,HSS-8079132
87344,HSS-8079127
88190,HSS-8079133
116433,HSS-8065377
23268,HSS-8079143
102929,HSS-8079139
16820,HSS-8079138
197033,HSS-8070848
231107,HSS-8084333
236518,HSS-8087006
189910,HSS-8079144
188115,HSS-1045023
8132,HSS-8079892
62574,HSS-8061438
49366,HSS-8062375
27800,HSS-8062134
201255,HSS-8079821
59351,HSS-8060182
16523,HSS-8060181
200957,HSS-8062139
24688,HSS-8062138
104201,HSS-8060172
140858,HSS-8060173
42639,HSS-8060183
125613,HSS-8075740
150677,HSS-8062135
41622,HSS-8061496
86097,C009787
233121,HSS-8095029
150587,HSS-1041584
233194,HSS-8094367
95066,HSS-1035604
142175,HSS-1041583
106567,HSS-1041692
233177,HSS-8094366
240586,HSS-8086823
236974,HSS-1046743
139398,HSS-8078363
234506,HSS-8086172
234518,HSS-8086186
234512,HSS-8086192
234527,HSS-8086193
141251,HSS-8079858
247136,HSS-8089573
249609,HSS-8091528
237209,HSS-8086849
231127,HSS-8083711
228566,HSS-8083795
229125,HSS-8083800
229063,HSS-8083818
230410,HSS-8083798
247142,HSS-8089657
157206,HSS-1970699
247092,HSS-8089663
228112,HSS-8083826
190424,HSS-8071511
32568,HSS-1041768
39712,HSS-1970746
228686,HSS-8083812
228522,HSS-8083803
118032,HSS-8075693
228540,HSS-8083827
229658,HSS-8083828
229593,HSS-8083833
230446,HSS-8083811
229142,HSS-8083817
228669,HSS-8083820
230585,HSS-8083805
230533,HSS-8083834
50338,HSS-1033703
232005,HSS-8083638
228564,HSS-8083807
229551,HSS-8083808
229465,HSS-8083804
230019,HSS-8083822
229542,HSS-8083832
156589,HSS-8076214
186719,HSS-8076216
37043,HSS-8073899
72982,HSS-8076183
244736,HSS-8091322
233227,HSS-8094041
233234,HSS-8094042
244821,HSS-8091318
238840,HSS-8087255
101263,HSS-8073906
70966,HSS-1961973
72046,HSS-8073901
176211,HSS-8073905
240268,HSS-1046379
240269,HSS-1046380
199043,HSS-8076184
192477,HSS-8073900
145044,HSS-1961974
169213,
259544,HSS-1049378
171600,HSS-8075677
170525,C018803
227567,HSS-8086963
231996,HSS-8083706
230864,HSS-8083702
240317,HSS-8086964
231120,HSS-8086967
228143,HSS-8084318
163142,HSS-8069511
235248,HSS-8085934
187007,HSS-8068539
229035,HSS-8084315
249457,HSS-1903178
75802,HSS-1992567
117592,HSS-8081120
238386,HSS-1998286
188194,HSS-8059991
166297,HSS-8058030
147571,HSS-8083345
9588,HSS-8057874
87495,HSS-8078078
95550,HSS-8078072
229494,HSS-8082922
145473,HSS-8025629
151598,HSS-8057873
102792,HSS-8057876
240619,HSS-8086831
31258,HSS-8057899
247086,HSS-8089548
61575,HSS-8025630
240627,HSS-8086832
202805,HSS-8057872
103559,HSS-8078077
25190,HSS-8078073
195297,HSS-8025625
3325,HSS-8057875
113990,HSS-1973685
59065,HSS-8025626
51697,HSS-1973724
93798,HSS-1973723
28721,HSS-1973725
225482,HSS-8078067
88270,C010175
70317,C010182
44567,C018739
178097,HSS-8078075
233187,HSS-8094460
130121,HSS-8057870
237796,HSS-8088112
42854,HSS-8025624
237034,HSS-8088114
119074,HSS-8078074
235976,HSS-8088109
235573,HSS-8088104
53560,HSS-8078068
151100,HSS-8078066
229111,HSS-8084259
96295,HSS-8057871
240613,HSS-8086830
236281,HSS-8088116
237847,HSS-8088111
240588,HSS-8088106
235812,HSS-8088110
236963,HSS-8088105
228934,HSS-8084261
230779,HSS-8084256
237850,HSS-8088108
230910,HSS-8084263
231026,HSS-8084262
228559,HSS-8084267
228201,HSS-8084266
230775,HSS-8084264
236004,HSS-8088107
229566,HSS-8084260
230886,HSS-8084257
236590,HSS-8088117
111181,HSS-8068757
103360,HSS-1040966
192203,HSS-8073637
236138,HSS-8087210
121240,HSS-8078472
119761,HSS-8078474
79107,HSS-8073633
95224,HSS-1040985
193862,HSS-1040965
261826,HSS-8092845
178264,C003776
36677,HSS-1984365
233251,HSS-8094106
233274,HSS-8094103
244851,HSS-8091228
261801,HSS-8092846
233262,HSS-8094110
233273,HSS-8094091
90446,HSS-8078486
191714,HSS-8025634
196354,HSS-8057879
100957,HSS-8058770
76931,HSS-8065632
140501,HSS-8025628
34487,HSS-8057878
40655,HSS-8078069
174866,HSS-8058771
194163,HSS-8025631
229552,HSS-8083809
228206,HSS-8083830
229742,HSS-8083801
52223,HSS-8078503
249679,HSS-8091738
229676,HSS-8083821
228262,HSS-8083819
227740,HSS-8083835
229728,HSS-8083810
233278,HSS-8094108
233230,HSS-8094102
229204,HSS-8083815
229426,HSS-8083796
247065,HSS-8089671
247066,HSS-8089674
247119,HSS-8089661
229531,HSS-8083814
230006,HSS-8083823
247038,HSS-8089668
247075,HSS-8089675
247057,HSS-8089659
247103,HSS-8089665
233229,HSS-8094104
233236,HSS-8094105
247141,HSS-8089658
233240,HSS-8094107
247035,HSS-8089660
225306,HSS-8086177
247037,HSS-8089673
247114,HSS-8089662
227993,HSS-8083806
228921,HSS-8083825
230032,HSS-8083829
227896,HSS-8083816
230289,HSS-8083831
230241,HSS-8083802
229113,HSS-8083824
230530,HSS-8083797
136191,HSS-1970747
23221,C010049
254242,HSS-1110304
199150,HSS-1036249
247077,HSS-8089676
247055,HSS-8089664
247131,HSS-8089666
249875,HSS-1048834
249815,HSS-8091277
227982,HSS-8083799
4676,HSS-1045004
233145,HSS-8094553
136661,HSS-8066798
273848,HSS-8095469
230173,HSS-8084612
7927,HSS-8026177
44952,HSS-8079398
228553,HSS-8084606
33627,HSS-8079399
230542,HSS-8084611
230783,HSS-8085553
5800,HSS-8025528
7355,HSS-8026180
229242,HSS-8084610
230341,HSS-8084592
227780,HSS-8084614
176048,HSS-8079400
229663,HSS-8084594
134188,HSS-8072920
230773,HSS-8085645
123306,HSS-8074092
229745,HSS-8083674
120653,HSS-8024064
263731,HSS-1940002
263729,HSS-1940010
140425,HSS-8061423
116268,HSS-8061020
176798,HSS-8079833
176721,HSS-1034757
34823,HSS-8024388
40857,HSS-1036376
95096,HSS-8026031
167767,HSS-8071479
183916,HSS-8074771
267763,HSS-1110867
230925,HSS-1045661
249839,HSS-8091369
77759,HSS-8079816
148482,HSS-8079862
180115,HSS-8079935
112003,HSS-8061422
230649,HSS-8085571
96393,HSS-8074729
230826,HSS-8085591
9801,HSS-8026132
92893,HSS-8060997
54583,HSS-8074725
131618,HSS-8069164
186532,HSS-8069151
72758,HSS-8069165
205681,HSS-8060994
249686,HSS-8091379
249782,HSS-8091865
158626,HSS-8059191
110720,HSS-8062194
270896,HSS-8096428
199381,HSS-1039656
120222,HSS-1039651
261760,HSS-8095995
261739,HSS-8096388
45507,HSS-8064838
249544,HSS-8091378
248085,HSS-8090189
120124,HSS-1029433
256750,HSS-1111527
248204,HSS-8090183
257635,HSS-8093773
267123,HSS-8096390
267012,HSS-8096386
266843,HSS-8096393
147530,HSS-8064828
231046,HSS-8093429
247764,HSS-8090107
233114,HSS-8095584
238346,HSS-1998330
71870,HSS-8074547
10088,HSS-1992439
233179,HSS-8094370
75637,HSS-1992437
159667,HSS-8079651
15471,HSS-8069336
249684,HSS-8091583
172087,HSS-8079650
190215,HSS-8071792
68598,HSS-8074551
235325,HSS-1049689
247811,HSS-8089778
228639,HSS-8093862
227695,HSS-8093854
24975,HSS-8082343
228968,HSS-8093861
233203,HSS-8094389
228161,HSS-8093855
230080,HSS-8093856
22457,HSS-1038427
227707,HSS-1044962
231994,HSS-8083697
51926,HSS-1031582
25100,HSS-8075407
254249,HSS-1110081
205839,HSS-8081439
301,HSS-8075385
233569,HSS-8085845
254090,HSS-1049559
133004,HSS-8068769
235226,HSS-8086169
32630,HSS-8023416
20905,C005636
122351,HSS-8024924
85394,HSS-1984572
234528,HSS-8086173
226670,HSS-8086171
234522,HSS-8086196
242514,HSS-1046887
44658,HSS-8068759
247100,HSS-8089582
30147,HSS-8068776
160244,HSS-8068767
76788,HSS-8078468
46757,HSS-1040961
278760,HSS-8096620
278409,HSS-8096624
233267,HSS-8094386
206203,HSS-8073400
233254,HSS-8094388
227565,HSS-8093860
238353,HSS-1998232
235307,HSS-8093275
235342,HSS-8093431
235356,HSS-8093433
204911,HSS-8074209
59145,HSS-8074221
36926,HSS-8074211
28020,HSS-8074220
234488,HSS-1046040
225212,HSS-1045378
88059,HSS-8058300
192520,HSS-8025612
27056,HSS-8060959
4467,HSS-8060954
112353,HSS-8060583
68178,HSS-8060532
249873,HSS-8091176
249878,HSS-8091177
192919,HSS-8069860
161462,HSS-8069862
91517,HSS-8069863
198670,HSS-8069859
138812,HSS-8069868
138715,HSS-8082010
57393,HSS-8069858
45579,HSS-8069866
113111,HSS-8069861
198342,HSS-8060647
256402,HSS-1110709
123983,HSS-8027158
13052,HSS-8027160
149374,HSS-8058470
58409,HSS-8060646
60479,HSS-8058474
75339,HSS-8024557
160884,HSS-1992507
52407,HSS-8060645
20404,HSS-1043700
14069,C003795
135436,HSS-8070135
237039,HSS-8088102
91728,HSS-8074625
94030,HSS-8024558
119213,HSS-8027159
234056,HSS-8085305
76016,HSS-1043763
73636,HSS-8067371
59405,HSS-8067356
202136,HSS-8078681
32440,HSS-1043761
184729,HSS-1043760
3223,HSS-8067359
68932,HSS-8067353
4025,HSS-8067383
273828,HSS-8095879
273921,HSS-8095875
88709,HSS-8071734
85930,HSS-8067372
67241,HSS-8067347
272801,HSS-8095877
198663,HSS-8067381
178545,HSS-1043756
229850,HSS-8085302
149675,HSS-8076465
225679,HSS-8082586
91064,HSS-8076406
65951,HSS-8076399
146583,HSS-8067358
225707,HSS-8082585
169158,HSS-1032306
49146,HSS-8067379
269276,HSS-8096187
121044,HSS-8076458
75919,HSS-8076404
50468,HSS-8076460
180385,HSS-8076479
19908,HSS-8058776
171576,HSS-8076477
159273,HSS-8076395
101476,HSS-8076403
234035,HSS-8086208
160535,HSS-8067380
238881,HSS-8088998
17618,HSS-8067382
240309,HSS-8086579
111254,HSS-8076468
55162,HSS-8076464
49629,HSS-8076473
198447,HSS-8076474
111149,HSS-1032308
102157,HSS-8058777
236199,HSS-1046726
229861,HSS-8082643
179445,HSS-1033303
244093,HSS-8088999
2585,HSS-1042274
225721,HSS-8082582
226533,HSS-8082577
189185,HSS-8078417
11658,HSS-8082587
228089,HSS-8082640
34700,HSS-1042273
140198,HSS-1042633
229526,HSS-8082642
129792,HSS-8067373
232002,HSS-8083684
230026,HSS-8082657
229151,HSS-8082635
524,HSS-8062131
182634,HSS-1038926
69140,HSS-8061898
102496,HSS-8025341
143588,HSS-8079140
230716,HSS-8084331
143320,HSS-8025225
2921,HSS-8025226
99403,HSS-8079123
35178,HSS-8065354
160732,HSS-8065367
177645,HSS-8065373
225109,HSS-1995868
225107,HSS-1995862
225159,HSS-1995844
225171,HSS-1995843
180118,HSS-8061886
67343,HSS-8061883
15058,HSS-8073711
48108,HSS-8073712
228891,HSS-8082633
236427,HSS-8087038
28576,HSS-8062320
195018,HSS-8061889
37360,HSS-8061915
121937,HSS-8062319
53561,HSS-8078062
206213,HSS-8078063
251506,HSS-1048135
227634,HSS-8082656
184678,HSS-8073713
102510,HSS-8082639
164245,HSS-8073710
9828,HSS-8073561
49043,HSS-8073543
135793,HSS-8073565
204438,HSS-8067340
81332,HSS-8060333
18377,HSS-8060336
230326,HSS-8082812
225122,HSS-1995861
225167,HSS-1995845
226503,HSS-1995878
243722,HSS-1047331
1971,HSS-8073646
8630,HSS-8059949
228478,HSS-1045110
62783,HSS-1992561
229969,HSS-1045093
153672,HSS-1992428
117744,HSS-1992432
228257,HSS-1045101
235320,HSS-8093401
254317,HSS-8092217
235285,HSS-8093395
230890,HSS-8093394
18031,HSS-8073401
230869,HSS-8093398
235282,HSS-8093396
230950,HSS-8093393
123041,HSS-8076112
230898,HSS-8093400
235164,HSS-8086350
249603,HSS-8091588
176151,HSS-8080767
256418,HSS-8092548
235283,HSS-8093399
235379,HSS-8087197
235420,HSS-8087198
235165,HSS-8087200
253630,HSS-5058099
248216,HSS-1048370
248300,HSS-1048373
245447,HSS-1047517
14000,HSS-8067665
158463,HSS-8068782
125335,HSS-8078464
49269,HSS-8078465
53042,HSS-8073636
71087,HSS-8073666
187366,HSS-8078491
143394,HSS-8068783
35986,HSS-8073638
159803,HSS-8058620
235227,HSS-8086168
234525,HSS-8086170
121627,HSS-8068779
45660,HSS-8068772
76763,HSS-8074242
273461,HSS-8095376
175037,HSS-8074249
108117,HSS-8025730
168619,HSS-8022249
226526,HSS-1045030
79959,HSS-1043139
247316,HSS-1048044
236405,HSS-8087964
24465,HSS-8076451
19249,HSS-8079902
230919,HSS-8086571
137177,HSS-8079888
77462,HSS-8062346
244039,HSS-8089008
191837,HSS-8076671
81003,HSS-8079890
153339,HSS-8079882
166996,HSS-8076415
33174,HSS-8076414
199497,HSS-8076447
134483,HSS-8076449
19894,HSS-8078528
14383,HSS-8078525
92602,HSS-1038947
200966,HSS-8067043
16074,HSS-8079897
76032,HSS-8079886
91327,HSS-8078522
109958,HSS-8079907
231016,HSS-8083707
187352,HSS-8079901
249654,HSS-8091718
141714,HSS-8060176
150676,HSS-8060177
7049,HSS-8062133
6568,HSS-1039487
240311,HSS-8088652
80627,HSS-8061965
139725,HSS-1041581
228752,HSS-8083195
225308,HSS-8082612
249659,HSS-8091775
232835,HSS-8084107
236654,HSS-8088230
3115,HSS-8061970
104867,HSS-8061974
225299,HSS-8082607
26352,HSS-8061973
56574,C23131M016
113123,HSS-8060188
115473,HSS-8062155
116093,HSS-8062157
225305,HSS-8087045
64248,HSS-8061946
230807,HSS-8084109
185451,HSS-8061949
170939,HSS-8062158
138840,HSS-8016662
225310,HSS-8082608
198485,HSS-1041115
197864,HSS-8079843
181456,HSS-8079849
196992,HSS-8073706
141783,HSS-8079847
258373,HSS-8091781
106502,HSS-8079852
108572,HSS-8061466
244764,HSS-8089503
97781,HSS-8079851
109776,HSS-8079838
110617,HSS-8079842
126707,HSS-8079840
240298,HSS-8086598
84870,HSS-8079841
113886,HSS-8079848
125873,HSS-8079854
231052,HSS-8083645
154676,HSS-8079853
230937,HSS-8083708
49399,HSS-1038942
26728,HSS-1042932
259491,HSS-8091954
205620,HSS-8074345
25081,HSS-8070375
187030,HSS-8074356
203270,HSS-8060661
70819,HSS-8074342
102402,HSS-8074341
43179,HSS-8074350
12687,HSS-1992512
32623,HSS-8074363
153873,HSS-1992519
168406,HSS-8074357
118791,HSS-8067624
117323,HSS-8078344
45684,HSS-8081703
248224,HSS-8090451
21812,HSS-8092105
184184,HSS-8078343
182937,HSS-8060658
60897,HSS-8081696
98542,HSS-1992563
248070,HSS-8091803
41613,HSS-8074352
90464,HSS-1992564
159773,HSS-8070369
206503,HSS-1961983
51430,HSS-1961982
203584,HSS-8078338
142833,HSS-8078345
231111,HSS-8093487
258368,HSS-8091800
6746,HSS-8070368
99924,HSS-1992506
153098,HSS-1992562
153099,HSS-1992558
117324,HSS-1992534
119817,HSS-8081656
43864,HSS-8081655
44865,HSS-1992518
4982,HSS-8081662
33057,HSS-1985050
46073,HSS-8073533
123538,HSS-8077572
260266,HSS-8092016
184671,HSS-8070141
71569,HSS-1992505
32698,HSS-1992560
127830,HSS-8027198
110953,HSS-8027199
96550,HSS-8027188
82323,HSS-8060642
236143,HSS-8087253
143220,HSS-8027200
201734,HSS-8025050
228538,HSS-1045163
187518,HSS-8027191
13895,HSS-8027206
248284,HSS-8090473
248247,HSS-8090472
248248,HSS-8090471
167270,HSS-8027190
195063,HSS-8077571
134245,HSS-8073534
133358,HSS-8074450
74719,HSS-8027196
84684,HSS-8081657
252049,HSS-8091824
87992,HSS-1992557
11628,HSS-8027189
197079,HSS-8077573
144074,HSS-8027193
131199,HSS-8027197
19862,HSS-1992522
188375,HSS-8081661
237319,HSS-8087254
25994,HSS-8027204
38910,HSS-8027203
70483,HSS-8027205
116064,HSS-8027186
128037,HSS-8027192
86473,HSS-8077574
183783,HSS-8060637
200218,HSS-8027202
256440,HSS-8092540
94166,HSS-8058068
91757,HSS-8074609
48561,HSS-8025959
99254,HSS-8081887
198620,HSS-8081900
74457,HSS-8079616
101917,HSS-8072334
89131,HSS-8072287
234546,HSS-1997594
247748,HSS-8090101
54577,HSS-8081903
134191,HSS-8082282
6620,HSS-8061728
150373,HSS-8072289
235584,HSS-8088485
100333,HSS-8072761
25901,HSS-8025975
237284,HSS-8088486
171009,HSS-8081906
110631,HSS-8081896
79912,HSS-8081890
172221,HSS-1032074
139227,HSS-8015681
142153,HSS-8075732
249613,HSS-8091527
196560,HSS-8062357
70262,HSS-8022391
160657,HSS-8061414
45194,HSS-8079831
124894,HSS-8061008
78209,HSS-8074370
61923,HSS-8074372
121005,HSS-8074365
244849,HSS-8091295
244845,HSS-8091296
227689,HSS-8094020
82398,HSS-8074366
240319,HSS-8093489
203037,HSS-8074637
69331,HSS-1962005
55831,HSS-8077561
260303,HSS-8092031
84442,HSS-8025052
27300,HSS-8069518
200681,HSS-8058021
123563,HSS-1961996
36660,HSS-8025891
36000,HSS-8059917
7596,HSS-8058023
67999,HSS-8059998
238370,HSS-1998270
56772,HSS-8058192
135792,HSS-8059994
238396,HSS-1998296
238406,HSS-1998260
238429,HSS-1998302
238449,HSS-1998312
29341,HSS-8073509
238388,HSS-1998278
238383,HSS-1998277
238368,HSS-1998266
238411,HSS-1998258
203030,HSS-8081114
203943,HSS-1992500
161449,HSS-8059997
147116,HSS-8058022
59562,HSS-8069359
238390,HSS-1998284
238413,HSS-1998253
150321,HSS-8060591
95715,HSS-8081159
30184,HSS-8065838
192959,HSS-8060590
37117,HSS-8081149
115372,HSS-1044472
95464,HSS-8060596
94306,HSS-1044581
136408,HSS-8061195
240271,HSS-1046278
41915,HSS-8081136
238389,HSS-1998281
11960,HSS-8083328
14072,HSS-1038998
238373,HSS-1998263
59699,HSS-8069584
94837,HSS-8069582
186526,HSS-8059929
240602,HSS-8086795
81489,HSS-8059926
230060,HSS-8083327
116344,HSS-8077634
204680,HSS-8081681
24303,HSS-8077639
175554,HSS-8077624
121802,HSS-8081684
199746,HSS-8077630
184385,HSS-8077633
21584,HSS-8025905
249837,HSS-8091291
62963,HSS-8083391
16851,HSS-8060318
18061,HSS-1042211
17554,HSS-8077625
256424,HSS-8092735
230753,HSS-8085877
196689,HSS-8077632
35744,HSS-8027143
44397,HSS-8025904
88594,HSS-8025903
45976,HSS-8081685
132877,HSS-1044068
134708,HSS-8077636
195641,HSS-8060320
196301,HSS-8067618
20244,HSS-8069363
204541,HSS-8027138
156624,HSS-8077631
67841,HSS-8025902
67676,HSS-8077628
96376,HSS-8060325
152642,HSS-8082366
37518,HSS-8069575
247094,HSS-8089398
175576,HSS-8079557
256784,HSS-8093053
229753,HSS-8085258
48407,HSS-8071809
235828,HSS-8087761
151310,HSS-8071813
247148,HSS-1047817
78734,HSS-8066416
225227,HSS-1045402
247159,HSS-1047828
102740,HSS-8061247
139924,HSS-8061240
24101,HSS-1031761
78317,HSS-8082341
240715,HSS-8087182
16880,HSS-8080813
235317,HSS-8093450
10105,HSS-8079577
230567,HSS-1045251
228346,HSS-8093886
231067,HSS-8093379
231114,HSS-8093378
230929,HSS-8093385
157096,HSS-8080856
111855,HSS-8058482
47044,HSS-8073406
92655,HSS-8071235
235312,HSS-8093390
146785,HSS-8078286
147863,HSS-8074604
235833,HSS-8087194
125580,HSS-8073405
84469,HSS-8074608
235314,HSS-8093380
225665,HSS-8082289
159669,HSS-8079630
186373,HSS-8058486
124203,HSS-8061737
59635,HSS-1036539
1716,HSS-8066414
235296,HSS-8093391
235257,HSS-1997574
235264,HSS-8093388
109471,HSS-8073407
18520,HSS-1038084
112978,HSS-8072295
233915,HSS-8085354
244811,HSS-8090948
111281,HSS-5043552
233271,HSS-8094409
273234,HSS-8096060
127974,106387
158365,HSS-8025839
225699,HSS-8082375
225698,HSS-8082374
235287,HSS-8093376
273982,HSS-8095588
271713,HSS-8096382
245531,HSS-8089132
228892,HSS-8086349
257594,HSS-8093889
229813,HSS-8093884
33158,HSS-8074611
33101,HSS-8074607
46121,HSS-8074612
235262,HSS-8093389
69817,HSS-5028542
230812,HSS-8093386
231113,HSS-8093383
79992,HSS-8074605
192914,HSS-8061722
244869,HSS-8090957
235286,HSS-8093392
244805,HSS-8090954
230155,HSS-8093885
225643,HSS-8082284
54171,HSS-8069323
235315,HSS-8093382
225661,HSS-8082288
225634,HSS-8082283
235274,HSS-8093384
257810,HSS-8093387
82462,HSS-1992550
207114,HSS-1044601
64928,HSS-8025972
35323,HSS-8081901
233559,HSS-1045810
204089,HSS-8074769
252781,HSS-1048917
152595,HSS-8080789
234044,HSS-1046515
152755,HSS-1043311
237285,HSS-8087741
25079,HSS-8061710
225214,HSS-1045437
235586,HSS-8087698
176914,HSS-8079652
99751,HSS-8061733
237278,HSS-8087769
247164,HSS-1047815
247172,HSS-1047814
234583,HSS-1997583
172462,HSS-8079617
252786,HSS-1048919
229820,HSS-8083182
238216,HSS-8086799
250522,HSS-1049342
250479,HSS-1049392
104024,HSS-1043476
170318,HSS-1022278
199785,HSS-8065475
250470,HSS-1049340
250481,HSS-1049390
113557,HSS-1031306
75829,HSS-8080332
231010,HSS-8093570
244567,HSS-8089540
250584,HSS-1049386
100697,HSS-1043912
227410,HSS-8083119
227406,HSS-8083118
227402,HSS-8083120
226534,HSS-8083177
8532,HSS-8083121
132373,HSS-1044469
32486,HSS-8070575
92279,HSS-8065473
238879,HSS-1047428
234544,HSS-1997624
256901,HSS-1110783
256967,HSS-1110717
118171,HSS-8024933
137935,HSS-8019374
57616,HSS-8024436
97386,HSS-8012366
183423,HSS-8021907
167149,HSS-8065515
178580,HSS-8081909
227381,HSS-8083146
234127,HSS-8084211
256767,HSS-1111590
145301,HSS-1040282
161114,HSS-1025014
47396,HSS-8065514
234037,HSS-8084114
42749,HSS-1040056
121500,HSS-1032713
120827,HSS-1984549
235225,HSS-8086154
170177,HSS-8068734
116972,HSS-8068738
4517,HSS-8068737
96960,HSS-1041671
77226,HSS-8068740
257609,HSS-8093409
40644,HSS-8068735
235117,HSS-8091683
230440,HSS-8086157
14263,HSS-8068736
128711,HSS-1960952
234055,HSS-8086155
22355,HSS-8080042
273355,HSS-8095804
228701,HSS-1045223
235224,HSS-8086158
112640,C009375
11747,HSS-8068739
147102,HSS-8068733
267809,HSS-8093410
234534,HSS-8086146
159478,HSS-8068728
230862,HSS-8086150
233568,HSS-8086133
234529,HSS-8086141
169517,HSS-8081956
122508,HSS-8068729
254241,HSS-1110430
258361,HSS-8091813
158096,HSS-8074465
234108,HSS-8086139
235277,HSS-8093258
257817,HSS-8093405
190394,HSS-8068730
273811,HSS-8095802
204095,HSS-1036448
273083,HSS-8094945
228246,HSS-8082824
251217,HSS-8092590
97764,HSS-8071495
101574,HSS-8071492
40183,HSS-8071490
101018,HSS-8071493
11826,HSS-8071498
34631,HSS-8071499
81557,HSS-8071494
97713,HSS-8071496
9134,HSS-8071497
273295,HSS-8095622
240304,HSS-8086991
237317,HSS-1047363
190272,HSS-8071466
254082,HSS-1049560
91492,HSS-8060158
153852,HSS-8075699
86928,HSS-8057911
129858,HSS-8057910
149497,HSS-8078128
66441,HSS-8057915
154297,HSS-8078130
144699,HSS-8078129
95390,HSS-8026042
158408,HSS-8057917
138148,HSS-8078131
254091,HSS-1049563
238379,HSS-1998282
83795,HSS-1044599
233135,HSS-8094869
225102,HSS-1995857
271076,HSS-8096475
226496,HSS-1995877
68295,HSS-8060271
63200,HSS-8076111
64137,HSS-8081170
278014,HSS-1046418
235392,HSS-8089152
177187,HSS-8069526
32974,HSS-8079877
148427,HSS-8072760
113042,HSS-8070089
44461,HSS-1974094
249884,HSS-8091272
61046,HSS-8068490
257631,HSS-8094299
230861,HSS-8093377
225646,HSS-8082293
159659,HSS-8058154
280853,HSS-8096700
80176,HSS-8058159
46722,HSS-8058160
236662,HSS-8088463
146274,HSS-8069530
204485,HSS-8058161
41041,HSS-8058153
244161,HSS-8089004
261804,HSS-8092558
10908,HSS-8058595
71538,HSS-8026521
261792,HSS-8092552
261817,HSS-8092555
34663,HSS-8077558
178967,HSS-8027149
101827,HSS-8077566
159557,HSS-8082356
245550,HSS-8089165
202481,HSS-8074375
1219,HSS-8027148
157362,HSS-8027147
168092,HSS-8077567
91275,HSS-8074384
231126,HSS-8093488
61811,HSS-8060656
28530,HSS-8067571
172882,HSS-8083337
101923,HSS-8060265
225117,HSS-1995871
180258,HSS-8081103
12074,HSS-8060266
179126,HSS-8058149
226666,HSS-8084316
238381,HSS-1998285
172239,HSS-8076113
94743,HSS-8058140
167055,HSS-8058151
238443,HSS-1998313
80989,HSS-8060269
24971,HSS-8081164
129473,HSS-8058027
202815,HSS-8074468
94709,HSS-8059928
78972,HSS-8070124
137724,HSS-8058173
31173,HSS-8072758
120249,HSS-8025012
55766,HSS-8069524
35894,HSS-8070109
76783,HSS-8083351
71628,HSS-8073506
86867,HSS-8070937
140310,HSS-8058157
98935,HSS-8067576
257156,HSS-8095039
37610,HSS-8070096
157950,HSS-8058141
28101,HSS-1038431
169825,HSS-8076707
241738,HSS-8088668
123641,HSS-1041185
143311,HSS-8061904
136403,HSS-8075695
166787,HSS-8060928
100561,HSS-8061936
39326,HSS-8078321
249409,HSS-1048519
248382,HSS-1048198
231117,HSS-8093484
127350,HSS-8070100
9264,HSS-8077570
144314,HSS-8070101
235339,HSS-8093471
233127,HSS-8095053
42821,HSS-8060330
70614,HSS-8060319
235340,HSS-8093472
119791,HSS-8060326
129901,HSS-8070099
230817,HSS-8085643
250710,HSS-1048335
154201,HSS-8025731
138721,HSS-8074240
103971,HSS-8058313
118389,HSS-8074238
92551,HSS-8058294
228881,HSS-1045133
22990,HSS-8074231
158865,HSS-8066604
60272,HSS-8061640
666,HSS-8069572
237675,HSS-8088444
47127,HSS-8071820
52274,HSS-1040602
118518,HSS-8062140
166170,HSS-8078529
233158,HSS-8094915
63688,HSS-8064829
233147,HSS-8094908
64125,HSS-8024769
180109,HSS-1035308
250499,HSS-8092751
101772,HSS-8019542
140687,HSS-8026928
116765,HSS-8026929
198118,HSS-8061885
272953,HSS-8095046
5810,HSS-8069376
62468,HSS-8070403
55692,HSS-8080063
138427,HSS-8080149
39336,HSS-8080151
179481,HSS-8074439
258366,HSS-8091810
196845,HSS-8060598
192356,HSS-8081135
35524,HSS-8081157
67252,HSS-8081142
168516,HSS-8081867
24613,HSS-8081866
162274,HSS-8081160
158699,HSS-8077584
155819,HSS-8081150
33246,C003910
18659,HSS-8070370
77369,HSS-8015891
182786,HSS-8060592
206543,HSS-8061186
155347,HSS-8073502
18255,HSS-1992525
36688,HSS-8070925
95026,HSS-8060593
244857,HSS-8091321
104008,HSS-1992413
28173,HSS-8077589
28651,HSS-8059939
181306,HSS-8061191
148736,HSS-8069589
249683,HSS-8091684
100426,C010038
261752,HSS-8092629
261754,HSS-8092628
147754,HSS-8081134
207179,HSS-8069347
129752,HSS-8059937
266849,HSS-8096126
266964,HSS-8096127
94612,C004611
250816,HSS-8092623
142987,HSS-8026182
59259,HSS-8059999
202484,HSS-1022198
168197,HSS-8080562
250483,HSS-8092020
233913,HSS-8084852
250607,HSS-1049817
117200,C004647
187294,C004608
257347,HSS-8092787
236861,HSS-8087527
67616,HSS-8074933
64589,C004603
100490,HSS-8074929
145656,HSS-1039904
254258,HSS-1110305
229073,HSS-8083365
160978,HSS-8059921
174133,HSS-8059915
117737,HSS-8059912
78249,HSS-8059910
247093,HSS-8089672
51884,HSS-8081129
12135,HSS-1039736
204212,HSS-8025009
134587,HSS-8059920
248225,HSS-1904963
254271,HSS-1904964
159749,HSS-1033370
254307,HSS-1904965
254296,HSS-1904969
249869,HSS-1904968
254268,HSS-1904974
254309,HSS-1904975
267310,HSS-8095441
257199,HSS-8094961
47938,HSS-8066822
254279,HSS-1904972
249886,HSS-1904973
254266,HSS-1904971
257425,HSS-8094554
254285,HSS-1904970
253912,HSS-8092073
249604,HSS-1049137
188581,HSS-8062119
71552,HSS-1039376
249666,HSS-1904958
23941,HSS-8022386
254281,HSS-1904959
254275,HSS-1904957
254291,HSS-1904960
254304,HSS-1904961
254290,HSS-1904956
187874,HSS-1043423
236543,HSS-1047107
254299,HSS-1904949
254267,HSS-1904950
237924,HSS-8087520
254313,HSS-1904951
178617,HSS-1033145
189858,HSS-8066844
254288,HSS-1904952
249838,HSS-1904953
248203,HSS-8090368
254305,HSS-1904955
245493,HSS-8089302
254310,HSS-1904954
240328,HSS-8085555
24058,HSS-8026179
21406,HSS-8074227
238819,HSS-8087976
104113,HSS-8074234
20880,HSS-8081056
135114,HSS-8058291
135438,HSS-8074235
55328,HSS-8074225
244818,HSS-8090595
136211,HSS-8075698
249421,HSS-8090871
247138,HSS-8089636
168536,PC076163
247091,HSS-8089637
247785,HSS-8090095
247135,HSS-8089635
247095,HSS-8089633
244598,HSS-8090854
233224,HSS-8094891
192651,HSS-8075658
198898,HSS-8059051
7225,HSS-8073413
233209,HSS-8094380
234730,HSS-1046546
182393,HSS-8073420
68118,HSS-8070905
97822,HSS-8079566
93323,HSS-8059044
2705,HSS-1044495
4907,HSS-8080795
225178,HSS-1995836
1866,HSS-8061732
7562,HSS-8061645
229453,HSS-8093858
204705,HSS-1031580
33956,HSS-1031579
56741,HSS-1031575
94975,HSS-1031577
68987,HSS-1031578
42977,HSS-1031581
237579,HSS-8087966
46354,HSS-8059043
146979,HSS-8059054
137969,HSS-8079558
237282,HSS-8087963
58923,HSS-8080816
156172,HSS-8059046
140947,HSS-8074200
229631,HSS-8093842
228665,HSS-8093839
233171,HSS-8094381
229009,HSS-8093835
229857,HSS-8083294
168685,HSS-1033129
250689,HSS-1048138
150056,HSS-8073876
203002,HSS-8070323
129959,HSS-1041108
127035,HSS-8066023
88791,HSS-8059924
113012,HSS-8025010
37661,HSS-8059922
147600,HSS-8059923
2577,HSS-8081131
257890,HSS-8093731
187599,HSS-8069593
68191,HSS-8069596
172136,HSS-8073096
123123,HSS-8074462
231025,HSS-8085321
123236,HSS-8068491
99778,HSS-8081107
253916,HSS-8092098
59917,HSS-8067590
31308,HSS-8069594
58266,HSS-8069609
78258,HSS-1033525
231974,HSS-8083692
231004,HSS-8083704
230803,HSS-8083689
231995,HSS-8083686
177195,HSS-8075684
231075,HSS-8084063
230895,HSS-8087025
231977,HSS-8083701
230967,HSS-8083690
1368,HSS-8061452
120239,HSS-8061454
148218,HSS-8073729
231969,HSS-8083691
195793,HSS-8078419
35093,HSS-8073728
25451,HSS-8073730
231013,HSS-8083687
22209,HSS-8073726
112026,HSS-8027697
98900,HSS-8024208
106485,HSS-8073829
48661,HSS-8073830
44042,HSS-8073831
92030,HSS-8073868
154969,HSS-8027702
79656,HSS-8027696
16781,HSS-1018673
48983,HSS-8073866
127626,HSS-1018664
43010,HSS-8027693
31943,HSS-8025885
192944,HSS-8027692
82037,HSS-8073832
142335,HSS-1043219
148716,HSS-8073856
22336,HSS-8027691
240579,HSS-1046613
151756,HSS-8073838
94952,HSS-8073867
137918,HSS-1041619
228858,HSS-8084816
13451,HSS-8027698
80722,HSS-8073851
15510,HSS-8073845
230580,HSS-8084818
60111,HSS-8073859
229922,HSS-8084820
227833,HSS-8084815
129470,HSS-1034756
23529,HSS-8027695
50774,HSS-1041863
226685,HSS-8084817
160718,HSS-8073849
229829,HSS-8084826
272960,HSS-8095870
201144,HSS-8073860
247768,HSS-1048293
229323,HSS-8084825
64238,HSS-8073853
228225,HSS-8084829
133251,HSS-8073855
159653,HSS-8073827
229437,HSS-8084828
149769,HSS-8016160
173416,HSS-8073835
37515,HSS-8073834
183760,HSS-8027701
162072,HSS-8073833
10577,HSS-1040377
12944,HSS-8073848
203630,HSS-1973584
9707,HSS-8073865
90538,HSS-8025888
273644,HSS-8095871
61127,HSS-8073864
81768,C004638
228588,HSS-8084601
104263,HSS-8066800
140213,HSS-8027565
273867,HSS-8095202
273447,HSS-8095204
130799,HSS-1991926
257753,HSS-8094494
257792,HSS-8094493
274012,HSS-8095209
273275,HSS-8095207
273851,HSS-8095205
234139,HSS-8086406
74502,HSS-8080124
56732,HSS-8026952
150687,HSS-8060615
236867,HSS-8087444
236410,HSS-8087967
621,HSS-8074195
111694,HSS-8058290
28938,HSS-8058306
21393,HSS-8058310
192996,HSS-8058311
139309,HSS-8074199
122794,HSS-8058289
257204,HSS-1112384
207426,HSS-8083397
40901,HSS-8077554
104938,HSS-1992570
44495,HSS-1985058
2470,HSS-8061442
240295,HSS-8086569
240318,HSS-8087024
83480,HSS-1041320
237727,HSS-8087010
235591,HSS-8087013
235205,HSS-8087012
28708,HSS-8061504
148435,HSS-1031654
244778,HSS-8090589
72593,HSS-8061503
240315,HSS-8086570
27877,HSS-8060166
235589,HSS-8087009
170308,HSS-8060184
4833,HSS-8061499
153981,HSS-8060302
184322,HSS-8081063
20364,HSS-8060648
123793,HSS-8060329
185789,HSS-8060284
24799,HSS-8060316
193074,HSS-1041333
189962,HSS-8060331
105870,HSS-8060315
57383,HSS-8060332
46808,HSS-8060323
107303,HSS-8071486
13989,HSS-8060159
56806,HSS-8075729
8060,HSS-8060924
235421,HSS-8088638
160763,HSS-8075720
9338,HSS-8062356
6935,HSS-8062344
237288,HSS-8088645
248288,HSS-8090600
237414,HSS-8088640
46248,HSS-8075728
82121,HSS-8061419
158803,HSS-8061450
149720,HSS-8062142
240196,HSS-8087007
21302,HSS-8075736
87119,HSS-8061449
182983,HSS-8079922
244224,HSS-8089020
74948,HSS-8060185
73473,HSS-8061495
60125,HSS-8061488
104961,HSS-8060179
85925,HSS-8061427
10295,HSS-8062136
3978,HSS-8062358
154367,HSS-8067115
104639,HSS-8067117
122404,HSS-8075734
39194,HSS-8061459
228322,HSS-8082801
147862,HSS-8078646
125736,HSS-8065890
91144,HSS-8065891
206884,HSS-8071709
248489,HSS-1049194
240599,HSS-8086845
11012,HSS-8077187
44494,HSS-1030400
164193,HSS-8077186
238430,HSS-1998305
39838,HSS-8065524
25658,HSS-8070576
111398,HSS-8027414
145826,HSS-8027415
10380,HSS-8065516
194839,HSS-8080362
157643,HSS-1039508
8764,HSS-8065521
41695,HSS-8027408
13993,HSS-8025652
184012,HSS-8065522
102364,HSS-8026065
227377,HSS-8083123
80554,C018521
157419,HSS-8025651
231981,HSS-8083135
134885,HSS-8065525
228279,HSS-1045627
195518,HSS-8065494
250629,HSS-1903190
250666,HSS-1903194
250630,HSS-1903189
23191,HSS-8070566
250724,HSS-1048450
231141,HSS-8083185
238466,HSS-1998343
232842,HSS-8083140
3131,HSS-8065495
106549,HSS-8082027
170513,HSS-8062192
64697,HSS-8062184
17823,HSS-8060195
108532,HSS-8026061
230730,HSS-1045864
237264,HSS-8088231
3786,HSS-8062328
38368,HSS-8062189
125029,HSS-8062185
256354,HSS-1111329
248222,HSS-8091000
139361,HSS-8062180
19933,HSS-8062341
245391,HSS-8089035
232829,HSS-8084092
50781,HSS-1036960
188688,HSS-8026055
179906,HSS-8062329
843,HSS-8062337
107164,HSS-8062330
39239,HSS-8062331
202171,HSS-8071472
178308,HSS-8059320
139446,HSS-8062191
69093,HSS-1042701
272777,HSS-8095817
278779,HSS-8096637
278762,HSS-8096636
257222,HSS-8095634
278470,HSS-8096635
248338,HSS-1048743
199004,HSS-8072063
119075,HSS-8072064
246032,HSS-8089559
246023,HSS-8089560
205857,HSS-8078452
110075,HSS-8072077
73559,HSS-8072070
189630,HSS-8072040
78591,HSS-8072051
126950,HSS-8078451
77596,HSS-8072038
52647,HSS-8073660
36792,HSS-8078447
42237,HSS-8072035
54278,HSS-8072044
37752,HSS-8078448
246020,HSS-8089557
191338,HSS-8078450
129405,HSS-8072076
20371,HSS-1042704
246048,HSS-8089558
43590,HSS-8072034
49493,HSS-8024901
246041,HSS-8089561
43390,HSS-8072078
150314,HSS-8072037
151948,HSS-8078449
257341,HSS-1110573
265835,HSS-1110572
265829,HSS-1110575
265772,HSS-8094558
257820,HSS-1111435
238985,HSS-8087970
247185,HSS-1047901
182004,HSS-1978769
103902,HSS-1978774
118372,HSS-1978768
21424,HSS-8025020
82451,HSS-8025019
97395,HSS-1978772
206939,HSS-1978770
175609,HSS-1978767
25236,HSS-1978764
138243,HSS-1978765
108611,HSS-1978773
235382,HSS-8088075
156102,HSS-8062371
248244,HSS-8090999
244149,HSS-8089011
244155,HSS-8089010
105482,HSS-8067119
243951,HSS-8089021
176944,HSS-1042534
245317,HSS-8089022
245333,HSS-8089024
270570,HSS-8096440
249565,HSS-8091373
240333,HSS-8085566
22133,HSS-8074726
35027,HSS-8064835
200102,HSS-1039645
248219,HSS-8090200
248202,HSS-8090195
247755,HSS-8091050
240336,HSS-8085582
230885,HSS-8085603
254083,HSS-8092076
270805,HSS-8096438
6415,C003180
180453,HSS-8027530
45504,HSS-8079336
13565,HSS-8064832
253918,HSS-8092081
191911,HSS-8027531
266161,HSS-1110586
9507,HSS-8064833
53938,C003147
235396,HSS-8090181
235405,HSS-8090192
235169,HSS-8093774
238061,HSS-8093046
256357,HSS-8093775
88809,HSS-8064834
58824,HSS-1039639
121983,C003148
71653,HSS-8075745
86579,HSS-8061432
192339,HSS-8060943
244569,HSS-8090597
273703,HSS-8095364
5397,HSS-8074190
200063,HSS-8025723
30205,HSS-8074191
115044,HSS-1037601
239823,HSS-8087972
70123,HSS-8015837
89799,HSS-8065370
141895,HSS-8079141
183846,HSS-8079136
149142,HSS-8079126
171039,HSS-8070849
169475,HSS-8080570
48780,HSS-8026383
256384,HSS-1111256
229017,HSS-8084854
203034,HSS-8060001
194746,HSS-1035905
233153,HSS-8094853
207432,HSS-8065342
235299,HSS-8093692
257202,HSS-8094952
234025,HSS-8085624
58523,HSS-8026296
245480,HSS-8089277
245588,HSS-8089291
245474,HSS-8089267
93617,HSS-8064801
245542,HSS-8089269
138000,HSS-1037483
250562,HSS-8090629
2675,HSS-8026185
87625,HSS-8074915
24625,HSS-8074934
48671,HSS-1037326
149366,HSS-8074924
118369,HSS-1037332
236000,HSS-8087526
106074,HSS-8074930
267176,HSS-8096128
189182,HSS-8074931
34723,HSS-8025532
233265,HSS-8095973
143155,HSS-1037345
115877,HSS-8026181
249484,HSS-8090653
249410,HSS-8090656
236002,HSS-8087528
249443,HSS-8090661
254256,HSS-8092401
249475,HSS-8090660
250560,HSS-8090649
254246,HSS-8092400
160561,HSS-8074928
249469,HSS-8090662
250485,HSS-8092282
261871,HSS-8096016
191064,HSS-1037362
261814,HSS-8096015
33119,HSS-1037315
31482,HSS-1037336
261777,HSS-8096014
98938,HSS-1037319
247544,HSS-8090638
249442,HSS-8090655
247513,HSS-8090650
52627,HSS-8068954
158627,HSS-8074922
123492,HSS-8074932
23886,HSS-8082353
22418,HSS-8080818
30925,HSS-8071788
89922,HSS-8079563
159639,HSS-8024065
136323,HSS-8066084
48580,HSS-8024066
84390,HSS-8024068
40986,HSS-8066082
146515,HSS-8079570
241659,HSS-8085917
191710,HSS-8079606
239494,HSS-8086340
156304,HSS-8066086
179215,HSS-8066087
23552,HSS-8022580
129826,HSS-8022579
236140,HSS-8087191
237897,HSS-1046984
235599,HSS-1047348
238046,HSS-8087731
240746,HSS-8087726
236379,HSS-8088475
152321,
2087,HSS-8059653
112659,HSS-8074616
150428,HSS-1044565
235881,HSS-8088829
74129,HSS-8058480
183927,HSS-8071794
153599,HSS-8078288
181916,HSS-8058043
32145,HSS-8082351
140899,HSS-8023923
257634,HSS-8093729
123169,HSS-8058299
237145,HSS-8087968
75197,HSS-8074205
130300,HSS-1042483
108833,HSS-8074204
163402,HSS-1040466
250521,HSS-8092019
3679,C011878
179144,HSS-8073547
35446,HSS-8073563
23040,HSS-8073550
68513,HSS-8067331
225089,HSS-1995858
248316,HSS-1048957
235576,HSS-8088304
76741,HSS-1020077
39185,HSS-1042064
199394,HSS-8060936
191136,HSS-1042073
189748,HSS-8060940
70845,HSS-8062303
52985,HSS-8084034
46770,HSS-8078120
196750,HSS-8071447
143946,HSS-8071448
62200,HSS-8078125
241726,HSS-8086961
160648,HSS-8072116
174622,HSS-8071458
109136,HSS-8071460
230894,HSS-8084040
60760,HSS-8060509
237126,HSS-8088306
155965,HSS-8060932
184148,HSS-8078124
144460,HSS-8072108
27665,HSS-8072112
34250,HSS-8071441
199660,HSS-1044327
196867,HSS-8062311
105118,HSS-8078119
139428,HSS-8060520
38433,HSS-8060506
88547,HSS-8060505
273268,HSS-8095628
35091,HSS-1042373
135108,HSS-8072104
225130,HSS-8084030
158065,HSS-8072106
190879,HSS-8060933
195573,HSS-8060569
88744,HSS-8062309
225110,HSS-8084037
185891,HSS-8071452
138782,HSS-1034674
137904,HSS-8060338
16039,HSS-8067634
123882,HSS-1034799
159392,HSS-8081668
239826,HSS-8085886
70816,HSS-8026509
54146,HSS-1032709
113307,HSS-8025395
157123,HSS-1040025
142491,HSS-8026507
20183,HSS-8021943
15667,HSS-8081670
97903,HSS-1035306
89616,HSS-8026505
50439,HSS-8082069
196078,HSS-8026503
193589,HSS-8076188
81860,HSS-8026362
141092,HSS-8083403
95829,HSS-1970327
248301,HSS-8090476
46303,HSS-1992537
248294,HSS-8090475
134992,HSS-8076194
161862,HSS-1992530
177314,HSS-1992540
66681,HSS-1992545
62784,HSS-1992548
185989,HSS-8022698
58791,HSS-8074459
144559,
57219,HSS-8078320
166995,HSS-8073521
544,HSS-8073503
261822,HSS-8092644
117680,HSS-8060595
53135,HSS-8073522
182595,HSS-8060594
68428,HSS-8069379
167375,HSS-8081153
124375,HSS-8073525
21129,HSS-8059925
199496,HSS-8073523
261854,HSS-8092627
227698,HSS-8082860
173604,HSS-8078319
186967,HSS-1043408
186573,HSS-8072355
200993,HSS-8072357
231112,HSS-8086419
231083,HSS-8093301
19930,HSS-1035731
21601,HSS-8072314
244800,HSS-8090966
116773,HSS-8024253
273207,HSS-8094808
235289,HSS-8093298
235295,HSS-8093300
194734,HSS-8074543
225093,HSS-1995860
257739,HSS-8093892
244753,HSS-8090967
244810,HSS-8090959
185716,HSS-8080763
139043,HSS-1031570
31203,HSS-8074544
33844,HSS-8072316
23176,HSS-8080769
244603,HSS-8090968
225656,HSS-8082290
150901,HSS-8080762
240323,HSS-8086417
23373,C003915
205462,HSS-1973335
204661,HSS-1031569
176026,HSS-1038633
247061,HSS-8089415
244604,HSS-8090960
273464,HSS-8094807
54855,HSS-8080768
107910,HSS-1044810
237391,HSS-8088297
235237,HSS-8085930
258365,HSS-8091806
232771,HSS-8091956
127210,C003781
76943,HSS-8027154
149306,HSS-1042639
132018,HSS-8027161
196671,HSS-8092107
193775,HSS-1961979
250967,HSS-8092563
238393,HSS-1998290
238450,HSS-1998316
139411,HSS-1962009
244798,HSS-8091301
87229,HSS-1961980
254493,HSS-8092032
238454,HSS-1998338
238361,HSS-1998235
196945,HSS-8074349
244804,HSS-8091302
94565,HSS-1961978
230201,HSS-8094024
230541,HSS-8094023
229250,HSS-8094026
244830,HSS-8091304
238447,HSS-1998319
260311,HSS-8092033
238994,HSS-8087249
244850,HSS-8091305
251211,HSS-1110035
229251,HSS-8094021
229240,HSS-8094025
227637,HSS-8094027
238380,HSS-1998279
238366,HSS-1998243
228927,HSS-8094028
228783,HSS-8094022
238457,HSS-1998341
57720,HSS-1045249
162199,HSS-8073895
252048,HSS-8092034
167218,HSS-8073898
150286,HSS-8092108
244841,HSS-8091303
238394,HSS-1998292
169803,HSS-8074622
111871,HSS-8074628
238425,HSS-1998350
94031,HSS-8073896
156634,HSS-8074627
188348,HSS-8073897
143159,HSS-8060649
244786,HSS-8091306
133618,HSS-8081708
40952,HSS-8077556
127280,HSS-8081712
56159,HSS-8074373
117120,HSS-1962006
103945,HSS-8060652
141794,HSS-8067626
72444,HSS-8074371
20578,HSS-1992569
66626,HSS-8081634
244796,HSS-8091308
233213,HSS-8094462
233238,HSS-8094123
233195,HSS-8094474
252056,HSS-8091818
231034,HSS-8093476
38495,C21525M003
91781,HSS-1044526
128867,HSS-1044569
68614,HSS-8079586
247763,HSS-8090108
165531,HSS-8061266
194640,HSS-8061699
30803,HSS-8082354
28405,HSS-8018521
28930,HSS-8071239
93170,HSS-8074578
225165,HSS-1045429
225170,HSS-1045430
18268,HSS-8070161
225135,HSS-1045431
103409,HSS-8061257
54552,HSS-8070167
39953,105383
235352,HSS-8093451
225183,HSS-1045428
75415,HSS-8069556
21472,HSS-8061641
182619,HSS-8082337
81668,105382
233551,HSS-1046732
188464,HSS-8061678
118148,HSS-8061255
146992,HSS-8024566
244573,HSS-8090922
71924,HSS-8074567
85954,HSS-8067661
244867,HSS-8090950
178904,HSS-1037352
256721,HSS-1111663
105069,HSS-8073408
14718,HSS-8072337
46833,HSS-8082373
142049,HSS-8080827
238936,HSS-8089129
251212,HSS-8092541
247320,HSS-8090111
173934,HSS-8061244
230976,HSS-8093453
68239,HSS-8025223
68116,HSS-8026345
65427,HSS-8074593
244561,HSS-8090929
265832,HSS-8093882
33067,HSS-8061731
46947,HSS-8074610
236457,HSS-8087195
257485,HSS-8093881
244866,HSS-8090920
198169,HSS-8069319
247087,HSS-8089414
71405,HSS-1040542
71313,HSS-1008726
55025,HSS-1040553
242907,HSS-1047221
237123,HSS-8087196
252779,HSS-1048918
115692,HSS-8080765
53331,HSS-8069322
110064,HSS-8067664
23357,HSS-8072315
247210,HSS-1047826
148631,HSS-8067410
147728,HSS-8061727
14813,106670
151493,HSS-1035901
235380,HSS-8087201
235381,HSS-8087199
106858,HSS-8061730
130339,HSS-8072328
259383,HSS-8091943
252057,HSS-8091807
258364,HSS-8091809
261833,HSS-8092645
261753,HSS-8092630
12099,HSS-8058493
227403,HSS-8083144
3512,HSS-8070569
75681,HSS-8065511
97445,HSS-8070571
41883,HSS-8080337
92720,HSS-8080318
154821,HSS-8065496
136629,HSS-1029064
120976,HSS-1030532
63904,HSS-8065510
125008,HSS-8027406
118859,HSS-8080360
28056,HSS-8021912
79164,HSS-1985514
118849,HSS-8065508
227394,HSS-8083142
1958,HSS-1036240
84964,HSS-8065507
189768,HSS-8065505
174589,HSS-8021906
203158,HSS-1985511
94962,HSS-1985510
86236,HSS-8070572
198322,C010267
98893,HSS-8070573
15533,HSS-1985513
150014,HSS-8080359
176427,HSS-1985512
234492,HSS-1046046
247072,HSS-8089545
203296,HSS-1024159
3993,HSS-8065493
203207,HSS-1985505
247090,HSS-8089541
77755,HSS-1036981
70327,HSS-8065486
230010,HSS-8093586
229244,HSS-8093595
244742,HSS-8089543
228980,HSS-8093584
232843,HSS-8083167
230259,HSS-8093596
107035,HSS-1985100
250911,HSS-1049963
68083,HSS-1033132
92946,HSS-1025018
53609,HSS-8065482
230157,HSS-8083165
229189,HSS-8093592
228359,HSS-8093583
230431,HSS-8083157
228962,HSS-8093579
229353,HSS-8093594
230811,HSS-8083163
230980,HSS-8083174
183690,HSS-8078954
231084,HSS-8083156
152074,HSS-8080356
232844,HSS-8083164
230304,HSS-8093593
232847,HSS-8083169
230931,HSS-8083159
134029,HSS-8078947
231082,HSS-8083161
229885,HSS-8093591
231975,HSS-8083168
231137,HSS-8083175
232846,HSS-8083158
232845,HSS-8083171
230917,HSS-8083170
230974,HSS-8083172
81305,HSS-8059469
230927,HSS-8084289
206354,HSS-8059482
206955,HSS-8059483
177840,HSS-8059470
169918,HSS-8059486
232841,HSS-8083136
230844,HSS-8083162
199422,HSS-8071799
1450,HSS-8066867
234000,HSS-8085071
118000,HSS-8072918
14047,HSS-8066836
158121,HSS-1031104
257790,HSS-8093768
272793,HSS-8095499
151062,HSS-1037415
172948,HSS-8071244
267095,HSS-8095474
24181,HSS-8066847
143663,HSS-1041072
256435,HSS-8093012
49563,HSS-8066813
248228,HSS-8090367
118311,HSS-8066803
231002,HSS-8085631
249678,HSS-8091856
256426,HSS-8093013
254240,HSS-8092383
257833,HSS-8093770
204393,HSS-8027584
257549,HSS-8092782
257735,HSS-8093928
238771,HSS-1048127
272946,HSS-8095495
272713,HSS-8095476
273528,HSS-8094962
257590,HSS-8094555
133724,HSS-8062308
14481,HSS-8071451
157639,HSS-8073539
19909,HSS-8081970
13949,HSS-1030399
31019,HSS-8081971
159211,HSS-8058596
145420,HSS-1984573
195011,HSS-1043217
247121,HSS-8089589
171574,HSS-8058591
15874,HSS-8064820
34971,HSS-8068754
117813,HSS-8068753
98457,HSS-1984579
98831,HSS-1984574
182105,HSS-8058590
61789,HSS-8058602
195279,HSS-1984575
32410,HSS-1984581
9151,HSS-8074896
228403,HSS-8084582
126656,HSS-8068911
112713,HSS-8079340
257618,HSS-8093758
175715,C002596
185341,C002595
108181,HSS-1043319
245495,HSS-8089288
265771,HSS-8094548
245501,HSS-8089276
245482,HSS-8089278
131019,HSS-8074728
257881,HSS-8096002
236888,HSS-8087511
257610,HSS-8093764
245491,HSS-8089271
238971,HSS-8087508
190208,HSS-8064802
228189,HSS-8084584
228142,HSS-8084576
229149,HSS-8084577
228109,HSS-8084581
240332,HSS-8085563
151958,HSS-8026176
124448,HSS-1037382
68730,HSS-8072571
26356,C004636
142852,HSS-8072573
128268,HSS-8074910
86935,HSS-8026175
45230,HSS-8074920
17603,HSS-8026335
225114,HSS-1995847
6856,HSS-8026331
250532,HSS-1110837
53233,HSS-8072575
117561,HSS-1041014
230771,HSS-1045608
31372,HSS-1040820
128486,HSS-1973585
273340,HSS-8095442
225115,HSS-1995873
225111,HSS-1995850
225108,HSS-1995870
226490,HSS-1995876
225121,HSS-1995839
225094,HSS-1995834
225257,HSS-1995874
66413,HSS-8073639
128942,HSS-8068766
102805,HSS-8078493
247113,HSS-8089586
123057,HSS-8058619
257226,HSS-8095795
146420,HSS-8027168
29326,HSS-1030555
104538,HSS-8077620
159340,HSS-8060641
101520,HSS-8058618
129532,HSS-8027170
40317,HSS-8081717
248230,HSS-8090468
135102,HSS-8077619
198484,HSS-1992538
119430,HSS-1992516
198538,HSS-8068524
102006,HSS-8067644
80102,HSS-8073665
175633,HSS-8024771
65153,HSS-8058612
58610,HSS-8068777
28963,HSS-8058621
66825,HSS-1992509
247123,HSS-8089577
225098,HSS-1995866
247111,HSS-8089587
234510,HSS-8086188
76255,HSS-8075941
170919,HSS-8066217
157973,HSS-1040811
202102,HSS-8075944
203033,HSS-1042760
169110,HSS-8027171
101364,HSS-8066226
35674,HSS-1032363
52432,HSS-8081453
234537,HSS-8086205
76029,HSS-8061216
49617,HSS-8021939
96445,HSS-8066245
112704,HSS-8075940
237066,HSS-1046679
236890,HSS-8087721
237268,HSS-8088500
17090,HSS-8058614
124001,HSS-8081455
12958,HSS-8066224
53967,HSS-8081428
96450,HSS-8075943
176774,HSS-8022671
249848,HSS-8091648
234513,HSS-8086200
235231,HSS-8086201
237400,HSS-1047186
172820,HSS-1044723
234517,HSS-8086181
235228,HSS-8086195
234504,HSS-8086197
234531,HSS-8086190
131345,HSS-8068771
88475,HSS-8024918
115246,HSS-8068787
3693,HSS-8068786
103936,HSS-8058604
234524,HSS-8086206
97744,HSS-8073635
3299,HSS-1038593
24872,HSS-8078462
29248,HSS-8078467
148387,HSS-8078463
83465,HSS-8078460
249572,HSS-8091647
38043,HSS-8068755
135245,HSS-8068756
56933,HSS-8068760
66777,HSS-8068751
68781,HSS-8058605
121916,HSS-1984570
234536,HSS-8086191
112598,HSS-1044666
64665,HSS-8068898
247128,HSS-8089578
234533,HSS-8086203
235212,HSS-8086176
234532,HSS-8086187
125968,HSS-1033888
234511,HSS-8086207
247124,HSS-8089588
235211,HSS-8086182
51178,HSS-8025801
247116,HSS-8089569
235213,HSS-8086183
18222,HSS-8068781
144508,HSS-8078476
30680,HSS-1037333
261845,HSS-8096013
146356,HSS-1037330
171912,C004604
155011,HSS-8074918
234507,HSS-8086180
154645,HSS-8074916
249816,HSS-8091074
33133,HSS-8025560
78390,HSS-8072580
15432,HSS-8070381
81928,HSS-8072583
29321,HSS-1042150
119870,HSS-1042152
4989,HSS-8074919
203952,HSS-8058587
185814,HSS-8078495
106252,HSS-8024926
247122,HSS-8089576
235219,HSS-8086189
166884,HSS-8074381
152928,HSS-8060633
41311,HSS-1037323
102623,C004622
77567,HSS-8027580
183374,HSS-8072577
50708,HSS-8072556
70258,HSS-8072559
173808,HSS-8026172
36564,HSS-8025529
273734,HSS-8095440
265775,HSS-8092786
85989,HSS-8074921
44375,HSS-1042118
143752,HSS-8074913
189866,HSS-8026170
267364,HSS-8096160
111560,C004612
186263,HSS-1042151
198086,HSS-8072579
98739,HSS-8026174
145200,HSS-8072581
152897,HSS-1043339
147458,HSS-8074196
234046,HSS-8087973
262181,HSS-1094157
55446,HSS-1979443
85216,HSS-8071459
225223,HSS-8083712
227786,HSS-8084094ÿ
202463,HSS-8070130
165634,HSS-8069523
88237,HSS-8081683
62992,HSS-8060321
77391,HSS-8074412
87163,HSS-8081688
197439,HSS-8077629
135737,HSS-8070365
104734,HSS-8081687
197890,HSS-8077627
19081,HSS-8027142
93800,HSS-8071190
99462,HSS-8027401
77225,HSS-1985501
120404,HSS-1985537
37404,HSS-8065485
240596,HSS-8086839
171783,HSS-8027400
228055,HSS-8083160
240610,HSS-8086843
104596,HSS-8070562
139642,HSS-8065488
230401,HSS-8083183
3340,HSS-1985077
194352,HSS-8024931
118043,HSS-8065483
244865,HSS-8090924
176557,HSS-8060171
99101,HSS-8076445
202982,HSS-8073719
141063,HSS-8060175
186451,HSS-8076450
41330,HSS-8061226
11079,HSS-8021221
182492,HSS-8070642
172201,HSS-8027395
198535,HSS-8017644
202211,HSS-8070607
65515,HSS-8080325
145821,HSS-8026062
230661,HSS-8085612
87622,HSS-1034522
44357,C003924
273140,HSS-8096053
244757,HSS-8090921
235267,HSS-8093360
244817,HSS-8090962
235302,HSS-8093363
231051,HSS-8093357
250957,HSS-1110041
231037,HSS-8093361
230996,HSS-8093359
230915,HSS-8093366
229097,HSS-8093859
237074,HSS-8091589
68611,HSS-8079609
273324,HSS-8096056
235275,HSS-8093364
235272,HSS-8093358
230600,HSS-8093863
199207,HSS-1038740
151650,HSS-8079615
257868,HSS-1111319
246108,HSS-1047728
235269,HSS-8093362
235266,HSS-8093365
148546,C009589
59186,HSS-1044520
117063,HSS-1035919
96231,HSS-8074203
28016,HSS-8058402
71170,HSS-8058403
227559,HSS-8093720
228211,HSS-8093724
6214,HSS-1042371
158039,HSS-8058406
186497,HSS-8058407
157073,C004644
169846,HSS-1037328
83633,HSS-1037322
119255,HSS-1037361
118808,HSS-1037373
267334,HSS-8096125
136360,C004642
87626,HSS-8074909
156621,HSS-1037316
234132,HSS-8086817
235796,HSS-8088232
16354,HSS-1030562
120343,HSS-8061929
5418,HSS-1038581
154110,HSS-1033362
50139,HSS-8067140
246049,HSS-8089528
103916,HSS-8061975
265826,HSS-8092693
100130,HSS-1041770
149311,HSS-1033367
182648,HSS-1044010
21020,HSS-8065684
177879,HSS-8065690
98879,HSS-8065688
257858,HSS-8093426
257276,HSS-8092704
100671,HSS-8071245
151872,HSS-8080372
10734,HSS-8065679
109518,HSS-8078906
89260,HSS-8065676
63782,HSS-8078882
130699,HSS-8070621
5351,HSS-8025640
273151,HSS-8095128
192054,HSS-8070620
126106,HSS-8070616
67421,HSS-8078870
90333,HSS-8077201
156489,HSS-1037488
149028,HSS-8070619
150456,HSS-8078877
108474,HSS-1037486
112413,HSS-8078931
84672,HSS-8023737
21187,HSS-8078878
92526,HSS-8065682
73700,HSS-1037490
135908,HSS-8065693
70634,HSS-8078875
78020,HSS-8078904
140765,HSS-8078868
131016,HSS-1037497
9001,HSS-1037491
94107,HSS-8066029
44653,HSS-8078876
250983,HSS-8092358
42216,HSS-8065681
206771,HSS-1037492
169215,HSS-8080371
256792,HSS-8093121
83757,HSS-8077205
36743,HSS-8060349
127560,HSS-8027738
40795,HSS-8065877
257130,HSS-8096184
4872,HSS-8071145
272885,HSS-8096185
232764,HSS-8092754
273223,HSS-8095132
245525,HSS-8089166
112758,HSS-8027182
248223,HSS-8090469
56614,HSS-1985051
175546,HSS-8027177
132215,HSS-1992551
183217,HSS-8067629
142567,HSS-1992549
27618,HSS-8060634
98088,HSS-8027183
197852,HSS-8067630
80278,HSS-1037487
7696,HSS-8078880
102101,HSS-1037501
125659,HSS-8025727
39039,HSS-8023924
60324,HSS-1032259
267131,HSS-8096158
261807,HSS-8096012
267168,HSS-8096159
267248,HSS-8096124
267278,HSS-8096157
77995,C002799
159771,C001116
186926,HSS-1037359
69734,HSS-1037317
66774,HSS-8074917
12391,HSS-1037335
235292,HSS-8093302
235293,HSS-8093295
235294,HSS-8093296
235290,HSS-8093299
228464,HSS-8093870
66606,HSS-1031571
50311,HSS-1031568
240162,HSS-1046541
239095,HSS-1046352
193920,C003797
64538,HSS-8074614
234146,HSS-8086352
161679,HSS-1038733
273472,HSS-8094810
104442,HSS-8024572
84560,HSS-1031572
54075,HSS-8072360
176017,HSS-8073419
273387,HSS-8095687
234568,HSS-1997596
235288,HSS-8093297
271417,HSS-8096518
240339,HSS-8085648
12789,C004639
109217,HSS-8072570
56541,HSS-8072566
34547,HSS-8072576
202761,HSS-8072567
175274,HSS-8072558
60039,HSS-1038945
139961,HSS-1037355
49986,C004641
17216,HSS-1037343
50858,HSS-8072572
100714,HSS-1037353
233167,HSS-8094469
238364,HSS-1998246
229941,HSS-8083431
51641,HSS-8079111
78659,HSS-1029445
165501,HSS-8079115
180810,HSS-8079116
59778,HSS-1044291
23962,HSS-1044363
111511,HSS-8070883
248231,HSS-8090961
145964,HSS-8079114
12069,HSS-8070888
85784,HSS-8079112
176838,HSS-8079113
167282,HSS-8070886
116472,HSS-8059438
53274,HSS-8059452
162000,C004628
26222,HSS-8074911
141279,HSS-8074912
111686,HSS-8072569
140900,HSS-8060929
25728,HSS-8060157
155406,HSS-1040838
29406,HSS-8077163
97870,HSS-1041755
14274,HSS-8077166
247089,HSS-8089520
185487,HSS-8077165
29592,HSS-8080347
94450,HSS-8077167
25645,HSS-8080345
227387,HSS-8083126
95496,HSS-8080355
37352,HSS-8080304
240612,HSS-8086813
118803,HSS-8080348
13071,HSS-8080354
7328,HSS-8080346
71574,HSS-1034675
132843,HSS-1039115
137542,HSS-1037605
139295,HSS-8077164
136052,HSS-8065671
186422,HSS-8078926
207206,HSS-8065655
166355,HSS-8080350
199994,HSS-8065650
238251,HSS-8086815
227380,HSS-8083129
227413,HSS-8083132
140747,HSS-1031359
227396,HSS-8083130
227400,HSS-8083127
154247,HSS-8077151
75443,HSS-1041582
99357,HSS-8078925
240615,HSS-8086814
4679,HSS-8078927
198986,HSS-1043822
236937,HSS-1047315
229716,HSS-8084255
6529,HSS-8072574
267007,HSS-8096123
261861,HSS-8096011
24913,HSS-8072578
188954,HSS-1037369
118063,C004643
171472,HSS-8025541
206095,HSS-8026149
254237,HSS-8092399
238302,HSS-8088225
144716,HSS-8067091
247076,HSS-8090625
249808,HSS-8091234
55265,HSS-8062169
111131,HSS-1037342
117921,HSS-8062174
135358,HSS-8067092
249844,HSS-8091073
234708,HSS-8086582
253910,HSS-8092074
230823,HSS-8085642
249647,HSS-8091385
249676,HSS-8091522
237651,HSS-8087525
249652,HSS-8092493
257102,HSS-8094965
89353,HSS-8025544
128325,HSS-8066871
237937,HSS-8087459
161231,HSS-8066869
237914,HSS-8087463
249853,HSS-8091515
249476,HSS-8090666
247102,HSS-8090634
13010,HSS-8022919
247540,HSS-8090663
165811,HSS-8026157
249564,HSS-8091387
249471,HSS-8090667
249649,HSS-8091516
236876,HSS-8087466
249600,HSS-8091384
249648,HSS-8091518
249665,HSS-8091526
237419,HSS-8090633
230727,HSS-8085644
247517,HSS-8090665
247139,HSS-8090632
18175,HSS-1035433
97384,HSS-8066889
807,HSS-8074469
169240,HSS-8073510
238439,HSS-1998304
238437,HSS-1998301
260671,HSS-8092096
238461,HSS-1998322
238374,HSS-1998267
252044,HSS-8092097
146304,HSS-8072299
190853,HSS-8058485
201995,HSS-8080846
25594,HSS-8080855
94702,HSS-8072312
230780,HSS-8085339
158064,HSS-8079633
72577,HSS-8072286
85898,HSS-8082359
27410,HSS-8058059
59901,HSS-8074606
45365,HSS-8072280
137054,HSS-8072339
185219,HSS-8072297
225,HSS-8072310
166438,HSS-8067656
185031,HSS-8078656
15250,HSS-1043657
105786,HSS-8027704
204902,HSS-8070385
114574,HSS-8070138
130726,HSS-8077617
188622,HSS-8027174
192696,HSS-8027175
84893,HSS-8077615
172275,HSS-1042492
234560,HSS-1997598
249541,HSS-8091128
230043,HSS-8093606
229249,HSS-8093582
227705,HSS-8093597
231132,HSS-8083193
228835,HSS-8093599
231133,HSS-8083190
230626,HSS-8093604
205307,HSS-1033134
65453,HSS-8065500
159953,HSS-1028665
231134,HSS-8083191
231060,HSS-8083137
231140,HSS-8083186
231135,HSS-8083184
231139,HSS-8083187
86016,HSS-8027403
227554,HSS-8093601
227704,HSS-8093602
189719,HSS-8065499
47263,HSS-1985430
235230,HSS-8086846
235590,HSS-8086848
170352,HSS-8080336
235215,HSS-8086847
32083,HSS-8065503
116492,HSS-8065506
180579,HSS-1985429
144718,HSS-8025647
47522,HSS-8080335
231088,HSS-8086986
114824,HSS-8080834
249850,HSS-1048463
56988,HSS-1038911
249846,HSS-1048464
141410,HSS-1044483
120514,HSS-8058287
7359,HSS-8058286
143806,HSS-8058284
254491,HSS-8095360
260281,HSS-8095363
260301,HSS-8095357
161727,HSS-8014839
120618,HSS-8074768
230837,HSS-8085573
90396,HSS-8023932
233223,HSS-8095352
238828,HSS-1046983
42487,HSS-8062124
102264,HSS-8075143
63346,HSS-8075145
15578,HSS-8075149
269203,HSS-8096266
257877,HSS-8094602
100768,HSS-8075173
78793,HSS-8075138
91939,HSS-8075139
55925,HSS-8075142
25980,HSS-8075141
228653,HSS-8084835
236413,HSS-8087162
33953,HSS-8075165
233927,HSS-8085317
10808,HSS-8080517
118033,HSS-1985088
157014,HSS-8073117
150436,HSS-8075351
227854,HSS-8084593
69242,HSS-8074216
261823,HSS-8095365
236432,HSS-8087944
27725,HSS-8074206
235755,HSS-8087950
171748,HSS-8023926
227650,HSS-8095351
171365,HSS-8073716
145553,HSS-8061418
62705,HSS-8062145
121718,HSS-8026058
54351,HSS-8075723
245551,HSS-1047599
667,HSS-8061927
37530,HSS-8061926
109925,HSS-1037002
66668,HSS-8075668
231085,HSS-8083636
195122,HSS-8075659
173925,HSS-8075664
170667,HSS-8075662
121801,HSS-8075685
92889,HSS-8075688
170995,HSS-8075679
189710,HSS-8075686
112985,C018808
109155,HSS-8062183
175561,HSS-8061935
11781,HSS-8061917
39500,HSS-8071512
96736,HSS-8060972
188821,HSS-8061938
245919,HSS-1047709
195642,HSS-8060535
179045,HSS-8061918
73539,HSS-8026052
27806,HSS-8060644
125662,C22303M193
83519,HSS-8081653
160253,HSS-1044450
64925,C010152
55035,HSS-8061167
116920,HSS-1992502
81592,HSS-1992527
33891,HSS-1042460
24499,HSS-8060636
214,HSS-8081652
69704,HSS-1042464
98267,HSS-8027178
40951,HSS-8077644
75006,HSS-1992556
233905,HSS-1045936
74868,HSS-8068525
72338,HSS-8060635
166672,HSS-8060632
163500,HSS-8077643
66188,HSS-8077645
32697,HSS-1992555
202162,HSS-8014045
158376,HSS-8027181
132687,HSS-1985052
146669,HSS-1961975
76025,105039
252066,HSS-8092040
80171,HSS-8078358
250628,HSS-1903188
17695,HSS-8078354
62037,HSS-1962003
137395,HSS-8077641
95369,HSS-1962002
97107,HSS-8078356
244767,HSS-8090532
167105,HSS-8078355
44507,HSS-8092111
29465,HSS-1962004
260312,HSS-8092038
157192,HSS-8078359
36928,HSS-8078353
38532,HSS-8078357
29633,HSS-8078361
2114,HSS-8074355
27578,HSS-8061942
234721,HSS-8086603
103137,HSS-8061940
134006,HSS-8060944
186045,HSS-8062149
41331,HSS-8061948
55448,HSS-8023571
95758,HSS-1025147
111804,HSS-1037047
171598,HSS-8061951
201623,HSS-1026431
229665,HSS-8084082
159587,HSS-1040722
206325,HSS-8061941
9984,HSS-8061943
240553,HSS-8086573
167897,HSS-8079875
154251,HSS-1042153
183738,HSS-8061944
240979,HSS-1046596
82161,HSS-8079860
228222,HSS-1045833
93876,HSS-8025623
174350,HSS-8062323
230186,HSS-1045831
147485,HSS-8062322
144513,HSS-8060167
225658,HSS-8083432
234718,HSS-8086617
228779,HSS-1045835
203018,HSS-8062164
130287,HSS-1043312
143337,HSS-1030539
200814,HSS-8081659
247348,HSS-1902547
174483,105089
231063,HSS-8093474
233257,HSS-8094040
225724,HSS-1045250
256775,HSS-8094043
167183,HSS-1044402
244774,HSS-8090533
99182,HSS-8081658
124590,HSS-8073902
33055,HSS-8067546
178302,HSS-1961972
112997,HSS-1961971
260271,HSS-8092017
140516,HSS-8073907
26249,HSS-5033366
230646,HSS-8082865
173372,HSS-8081663
235305,HSS-8093473
64929,HSS-8027195
52561,HSS-8073904
139708,HSS-8073909
37312,HSS-1044592
20514,HSS-8023750
273559,HSS-8096101
104132,HSS-8081891
27484,HSS-8061224
26879,HSS-8079622
28993,HSS-8025961
42575,HSS-8072323
3354,HSS-8072296
12332,HSS-8072290
12265,HSS-8079624
46041,HSS-8072317
235101,HSS-1997573
245518,HSS-8089131
198238,HSS-8058061
170407,HSS-8072268
17299,HSS-1038734
81066,HSS-8080850
138572,HSS-8081888
93556,HSS-8061712
105630,HSS-8072321
78198,HSS-8061736
239496,HSS-8085291
99754,HSS-8025976
69494,HSS-8080853
70476,HSS-8079626
84268,HSS-8072293
26651,HSS-8058067
24283,HSS-8079637
74119,HSS-8081883
144349,HSS-8082371
92284,HSS-8080788
172075,HSS-8080828
178734,HSS-8079636
20053,HSS-8058065
131429,HSS-8081898
111029,HSS-8025973
155273,HSS-8072322
156456,HSS-8080759
157578,HSS-8061735
200555,HSS-8079623
230673,HSS-8085924
230788,HSS-8085906
230713,HSS-8085348
244748,HSS-8088688
257600,HSS-1110352
233208,HSS-8094505
141061,HSS-8070567
231131,HSS-8083189
230856,HSS-8083138
128856,HSS-1985095
31066,HSS-8065504
228338,HSS-8084832
230805,HSS-8083188
231136,HSS-8083192
230273,HSS-8093600
229474,HSS-8093598
229475,HSS-8093603
113185,HSS-8080357
44493,HSS-8073680
129338,HSS-8058613
273686,HSS-8095812
273735,HSS-8095813
129124,HSS-8078512
159637,C018561
147010,HSS-8079908
23874,HSS-8078524
61143,HSS-8078510
90685,HSS-8061436
23058,HSS-8078519
69647,HSS-8061910
67646,HSS-8078517
81509,HSS-8071465
94516,HSS-8079909
161548,HSS-8061435
79590,HSS-8075749
79686,HSS-8061439
137021,HSS-8078520
101684,HSS-8062318
69343,HSS-8065518
160904,HSS-8075751
77693,HSS-8012839
34341,HSS-8058733
129913,HSS-8070105
166447,HSS-8060194
151522,HSS-8067961
19597,HSS-8060985
76640,HSS-8062181
102626,HSS-8022245
154927,HSS-8074237
114022,HSS-8059446
20466,HSS-8060926
109240,HSS-8079813
240549,HSS-8086546
118058,HSS-8060925
227648,HSS-8083693
228504,HSS-8082821
159461,HSS-8060958
13221,HSS-8075647
94283,HSS-8025728
240618,HSS-1046754
43474,HSS-8074252
160469,HSS-8058390
261842,HSS-8095372
152658,HSS-1041937
240601,HSS-1046751
240609,HSS-1046750
236192,HSS-1047316
87928,HSS-1035729
225271,HSS-1045327
230749,HSS-8085849
197432,HSS-1043111
77608,HSS-8073887
180032,HSS-8074219
273995,HSS-8095362
258363,HSS-8095356
235800,HSS-8087961
154445,HSS-8081650
136750,HSS-8081651
190166,HSS-8060630
4377,HSS-8081649
245530,HSS-8089167
247052,HSS-8089399
129713,HSS-1992504
237337,HSS-8087251
248238,HSS-8090470
136994,HSS-1992524
182901,HSS-8027185
147978,HSS-8081646
28661,HSS-8027180
32142,HSS-8074449
151420,HSS-8077642
143211,HSS-8079331
152289,HSS-1036381
55226,HSS-8077377
202392,HSS-8079329
99675,HSS-8079322
141335,HSS-8079326
88646,HSS-8079325
62091,HSS-8079330
56422,HSS-8079327
47843,HSS-8079324
112601,HSS-8079328
233581,HSS-1045880
228548,HSS-8085546
230220,HSS-8084596
228306,HSS-8084609
180551,HSS-8081666
265787,HSS-8092788
71517,HSS-8027557
23608,HSS-8066797
29314,HSS-1044040
249611,HSS-8091356
230694,HSS-8085551
9397,HSS-8084598
230942,HSS-8085630
12835,HSS-8027551
194295,HSS-8027575
229841,HSS-8084603
249555,HSS-8091368
129334,HSS-8026128
163428,HSS-8074737
71688,HSS-8074883
249843,HSS-8091376
230664,HSS-8085570
263181,HSS-8094713
4987,HSS-8074879
94444,HSS-8064823
64933,HSS-8066617
230737,HSS-8085557
230839,HSS-8085588
201547,HSS-8025743
85650,HSS-8066624
237037,HSS-8087485
230880,HSS-8085604
230943,HSS-8085569
230685,HSS-8085597
230770,HSS-8085592
249563,HSS-8091366
240334,HSS-8085589
230956,HSS-8085585
104231,HSS-8064821
163995,HSS-1039689
248235,HSS-8090191
249601,HSS-8091863
29289,HSS-1044789
230902,HSS-8085579
247170,HSS-1047808
247168,HSS-1047807
256701,HSS-8094248
277946,HSS-8096486
234143,HSS-8085586
257875,HSS-8093776
154701,HSS-8064822
100259,HSS-1044166
256898,HSS-8093208
8374,HSS-1030935
237491,HSS-1047132
250467,HSS-1049611
97507,HSS-1042708
109713,HSS-8023936
7008,HSS-1044165
279625,HSS-8096484
261846,HSS-8095991
129403,HSS-1039625
23769,HSS-1039640
267319,HSS-8096134
266953,HSS-8096132
131452,HSS-1039659
270761,HSS-8096436
233188,HSS-8095989
233138,HSS-8095985
270774,HSS-8096434
82430,HSS-1039655
119783,HSS-1039638
267339,HSS-8096131
134693,HSS-8064826
247349,HSS-1048048
58656,HSS-8074736
249559,HSS-1048630
70818,HSS-8026282
53008,HSS-1039653
266850,HSS-8096130
50448,HSS-8064827
249739,HSS-1049139
279666,HSS-8096485
257523,HSS-8094546
257796,HSS-8093925
170131,HSS-8023942
32561,HSS-8023935
261818,HSS-8095993
270951,HSS-8096441
39886,HSS-1039641
240329,HSS-8085565
240330,HSS-8085559
162337,HSS-8026129
69578,HSS-8078661
168585,HSS-8078647
99800,HSS-1035170
95505,HSS-1035090
237366,HSS-1047271
238893,HSS-8090345
273946,HSS-8095458
123556,HSS-8068917
95845,HSS-8074947
33296,HSS-8074949
14127,HSS-8074948
187288,HSS-8074950
60508,HSS-8068916
69768,HSS-8074941
228443,HSS-1045318
161455,HSS-8068914
193557,HSS-8074944
16910,HSS-8068915
131587,HSS-8074942
94251,HSS-8074946
85325,HSS-8068921
197901,HSS-8068919
73887,HSS-8068923
68278,HSS-8074940
238876,HSS-8090343
247321,HSS-8090346
244793,HSS-8095358
244815,HSS-8095359
233239,HSS-8095353
272700,HSS-8095361
233261,HSS-8095354
244582,HSS-8095355
228638,HSS-8082877
238371,HSS-1998272
114843,HSS-8059955
61372,HSS-8068536
106915,HSS-8025353
151723,HSS-8066228
236346,HSS-1047133
127789,HSS-8066227
157764,HSS-8066229
109378,HSS-8066233
37664,HSS-1032722
175550,HSS-8075937
152551,HSS-8066214
35530,HSS-1034065
244775,HSS-8090868
167571,HSS-8060660
30531,HSS-8070377
179757,HSS-8070131
235409,HSS-8091294
98332,HSS-8081719
136369,HSS-8083395
105588,HSS-8060659
62899,HSS-8061175
184756,HSS-8070373
185385,HSS-8060657
126963,HSS-8074442
83395,HSS-8070921
141731,HSS-8025047
142958,HSS-8070374
230846,HSS-8085879
248295,HSS-8090560
104895,HSS-1992517
59029,HSS-8070372
90032,HSS-8070380
193266,HSS-8070378
118919,HSS-8070376
175885,HSS-8077553
191344,HSS-8060618
131285,HSS-8068522
160651,HSS-8070371
127980,HSS-8060317
78419,HSS-8083393
266863,HSS-8095505
197572,HSS-1043024
236476,HSS-8087447
245520,HSS-8089310
230789,HSS-8085635
230755,HSS-8085637
257153,HSS-8094947
189566,HSS-8074888
257216,HSS-8094946
184702,HSS-8059187
162641,HSS-8074887
114263,HSS-8066607
127025,HSS-8074890
184283,HSS-8074886
237071,HSS-8094714
240337,HSS-8085614
247005,HSS-8090747
243966,HSS-8090750
256423,HSS-8092527
33005,HSS-8072528
206012,HSS-8072527
36891,HSS-8072530
104094,HSS-8059166
192353,HSS-8072531
196373,HSS-8064842
2937,HSS-8059192
205244,HSS-8072525
85746,HSS-8072529
101185,HSS-8072526
249858,HSS-8090778
257613,HSS-8094547
249870,HSS-8090779
98314,HSS-8068910
176844,HSS-8025740
103331,HSS-8019696
193742,HSS-8064853
153620,HSS-8027573
247520,HSS-8090751
249863,HSS-8090776
257147,HSS-8094715
249418,HSS-8090765
230715,HSS-8085609
88156,C003151
249857,HSS-8090777
249424,HSS-8090767
249480,HSS-8090763
230728,HSS-8085617
230884,HSS-8085616
257128,HSS-8094716
66612,HSS-1042978
116602,HSS-8059193
237603,HSS-8087504
230952,HSS-8085615
235657,HSS-8087502
237058,HSS-8090749
201743,HSS-8059164
257885,HSS-8093715
257888,HSS-8093716
236588,HSS-8088505
126584,HSS-8071715
190972,HSS-8071710
1761,HSS-1043150
106798,HSS-1973678
45287,HSS-1973677
203013,HSS-1973959
170896,HSS-1035750
272646,HSS-8095796
274036,HSS-8095794
273028,HSS-8095612
273598,HSS-8095797
249570,HSS-8091682
85942,HSS-1973681
113432,HSS-1973730
230959,HSS-8093438
236448,HSS-8087163
145165,HSS-8060004
237087,HSS-8088457
49621,HSS-8068475
257239,HSS-8094277
64561,HSS-8058458
32717,HSS-1042753
256355,HSS-1111213
192826,HSS-8068476
258353,HSS-8091801
202744,HSS-8061211
108122,HSS-8074378
5576,HSS-8081709
238376,HSS-1998271
179123,HSS-1038530
36659,HSS-8074367
146403,HSS-1036239
73022,HSS-1984562
247073,HSS-8089546
170427,HSS-1042515
261778,HSS-8095370
261805,HSS-8095368
261865,HSS-8095369
261742,HSS-8095367
261816,HSS-8095371
261800,HSS-8095374
149024,HSS-8025732
200780,HSS-8068207
19549,HSS-8080521
140983,HSS-8068198
12469,HSS-8068193
145935,HSS-8068206
277972,HSS-8096288
179643,HSS-1043663
120011,HSS-8025725
55679,HSS-8074214
108916,HSS-8058298
56961,HSS-8074217
89113,HSS-1043848
256760,HSS-8093999
245395,HSS-8089023
124164,HSS-8062379
237313,HSS-8087003
53290,HSS-8073721
94188,HSS-8076409
56304,HSS-8073699
136058,HSS-8076446
196855,HSS-8076412
127941,HSS-8073720
72034,HSS-8073725
11552,HSS-8073718
14443,HSS-8062365
236417,HSS-8087001
144876,HSS-8076413
226502,HSS-8082796
65641,HSS-1043855
35084,HSS-8062144
157310,HSS-1035924
143319,HSS-8062377
137994,HSS-8073703
84144,HSS-8073298
68951,HSS-8073700
237312,HSS-8087000
183485,HSS-8078112
136227,HSS-8062366
105975,HSS-8073702
15329,HSS-1041113
17676,HSS-8062373
152020,HSS-8076673
28649,HSS-8061958
193402,HSS-1043701
75500,HSS-8061945
21465,HSS-8062188
146610,HSS-1032598
20743,HSS-8062340
140203,HSS-8062187
191044,HSS-1044768
65563,HSS-8058761
7395,HSS-1039480
234083,HSS-8086581
247155,HSS-1047829
79368,HSS-1037485
162095,HSS-8058760
229704,HSS-8084098
112854,HSS-8071480
11454,HSS-8027365
148155,HSS-8058763
68137,HSS-1043124
151104,HSS-8058766
25028,HSS-1043112
15807,HSS-1043109
168538,HSS-8077609
168940,HSS-8077601
134799,HSS-8067616
273195,HSS-8095215
180149,HSS-8027129
100813,HSS-1039290
98148,HSS-8077602
157428,HSS-8077611
49463,HSS-1985060
62595,HSS-8025899
124295,HSS-1992511
73403,HSS-8077606
7093,HSS-8018850
14085,HSS-8081675
248209,HSS-8090450
9916,HSS-8027132
62398,HSS-1985061
18702,HSS-8077604
51236,HSS-8027127
133955,HSS-1042121
27605,HSS-8025900
62837,HSS-1992510
2786,HSS-8068518
238407,HSS-1998249
165580,HSS-1044272
15279,HSS-8078316
269207,HSS-8096211
173847,HSS-8076217
53569,HSS-8060650
252059,HSS-8092028
233170,HSS-8094508
111417,HSS-8080593
250778,HSS-8092612
187823,HSS-8068201
96863,HSS-8059015
65734,HSS-8059039
79933,HSS-8059018
195387,HSS-8059007
56145,HSS-8059008
111383,HSS-8086371
1141,HSS-8080518
225177,HSS-8083863
75548,HSS-8071757
120880,HSS-8073378
72060,HSS-8073380
167574,HSS-8073379
21079,HSS-8071758
107333,HSS-8058893
238814,HSS-8087036
231047,HSS-8083663
231986,HSS-8083661
240316,HSS-8086601
50745,HSS-8065480
254238,HSS-8092699
117023,HSS-1985508
162282,HSS-8025648
229448,HSS-8083194
190983,HSS-8070565
207357,HSS-1044095
247084,HSS-8089539
238344,HSS-1998226
77360,HSS-8065497
55372,HSS-8027402
95495,HSS-8080358
131392,HSS-8065498
244925,HSS-1047449
64608,HSS-8065502
30764,HSS-1035928
177042,HSS-8025649
250655,HSS-1048194
147014,HSS-1044683
124626,HSS-1031102
197044,HSS-1044115
170391,HSS-8065501
248055,HSS-1049033
238048,HSS-8087709
110921,HSS-8021915
84607,HSS-8070568
256352,HSS-1110826
228085,HSS-8084802
235979,HSS-8087710
235587,HSS-8087708
237608,HSS-8087704
237383,HSS-8087707
228291,HSS-8084799
227797,HSS-8084801
165510,HSS-8080331
196041,C011501
227679,HSS-8093587
158317,HSS-1036235
52226,HSS-1961959
230499,HSS-8084796
66867,HSS-1036527
191988,HSS-8065484
249551,HSS-8091454
236005,HSS-8087711
58756,HSS-1985539
31909,HSS-1985538
230236,HSS-8084797
152507,HSS-8080333
241747,HSS-8087712
48881,HSS-1985506
90065,HSS-1985504
191505,HSS-8021909
132737,HSS-8065487
18215,HSS-1985507
234581,HSS-1997622
240616,HSS-8086842
92140,HSS-1035648
139118,HSS-1027831
250616,HSS-1048186
143951,HSS-8070577
234547,HSS-1997600
41943,HSS-8080334
112954,HSS-1035649
229342,HSS-8093589
148823,HSS-1028670
239039,HSS-1046296
91104,HSS-8065489
236885,HSS-1046689
159871,HSS-8065478
112447,HSS-1015284
178536,HSS-8080330
10693,HSS-8073852
51563,HSS-8070828
9927,HSS-1037416
89382,HSS-8066804
202682,HSS-8058296
41707,HSS-8074228
141128,HSS-8058295
240213,HSS-8087975
199390,HSS-8074232
88830,HSS-8074229
45974,HSS-8058292
236904,HSS-1046745
259490,HSS-8091946
233204,HSS-8094472
43762,HSS-8023258
273743,HSS-8096017
257217,HSS-8094939
273335,HSS-8094938
257603,HSS-8094556
112250,HSS-1044029
116672,HSS-1044147
7516,HSS-8026647
250728,HSS-8090931
233935,HSS-8085046
119189,HSS-1044791
146044,HSS-1040265
234110,HSS-8085062
256884,HSS-8093206
109352,HSS-1039715
23417,HSS-1039578
228309,HSS-8085065
230027,HSS-8085059
228057,HSS-8085057
154958,HSS-8059282
234123,HSS-8085054
227832,HSS-8085060
230535,HSS-8085061
227753,HSS-8085055
234082,HSS-8085049
238868,HSS-1047456
234128,HSS-8085051
158810,HSS-8059229
17677,HSS-1037831
137017,HSS-1042076
79793,HSS-1044080
79243,HSS-1043825
64586,HSS-1039580
165479,HSS-1039579
229953,HSS-8085053
195861,HSS-1039577
256897,HSS-8093205
250743,HSS-8091075
66844,HSS-8073875
5283,HSS-1017778
26610,HSS-8072941
89580,HSS-1035921
56515,HSS-8025553
118887,HSS-8059278
256752,HSS-8093921
64374,HSS-8064831
257477,HSS-8093772
240335,HSS-8085599
248098,HSS-8090199
256936,HSS-8093008
250987,HSS-8092385
250808,HSS-8092491
78230,HSS-8064819
148241,HSS-8064818
225723,HSS-8082581
160758,HSS-8062147
192283,HSS-8061968
69078,HSS-1036980
230853,HSS-8084091
159464,HSS-8022410
189584,HSS-8061977
101271,HSS-8024406
202281,HSS-8061962
249576,HSS-1048731
19462,HSS-8071473
19833,HSS-8061976
249669,HSS-1048795
249650,HSS-1048798
249651,HSS-1048796
105179,HSS-8058764
41813,HSS-8061967
87157,HSS-8062339
225303,HSS-8082606
224515,HSS-1044992
54999,HSS-8026060
139321,HSS-8062325
52540,HSS-1035930
149942,HSS-8062342
94459,HSS-8062338
230488,HSS-8082857
238133,HSS-1046203
98422,HSS-8081648
36334,HSS-8074623
149439,HSS-8074626
147359,HSS-8074431
243980,HSS-8088860
237042,HSS-8087250
43955,HSS-8074427
46136,HSS-8074620
89566,HSS-8074429
36335,HSS-8074624
79841,HSS-8074430
123884,HSS-8074621
18247,HSS-1041150
139241,HSS-1040871
27135,HSS-1040876
61029,HSS-1041149
248254,HSS-8090455
27907,HSS-8027699
230458,HSS-8084824
37367,HSS-1043426
140618,HSS-8073843
228895,HSS-8084821
117536,HSS-8073846
229902,HSS-8084823
74640,HSS-8073847
205933,HSS-8073844
45034,HSS-8073863
226673,HSS-8084822
70659,HSS-8025793
182448,HSS-8027700
169050,HSS-8027694
248215,HSS-8090454
229856,HSS-1045444
228691,HSS-8084819
187075,HSS-8073850
225462,HSS-1044722
37266,HSS-8073840
16244,HSS-8073837
67893,HSS-8073854
248240,HSS-8090453
47557,HSS-8073858
12105,HSS-8073836
121470,HSS-8073842
257529,HSS-8093730
228788,HSS-8084856
256968,HSS-1110662
70828,HSS-8073873
92616,HSS-8073839
55239,HSS-8073857
203120,HSS-8073841
229120,HSS-8084814
93839,HSS-1031482
70223,HSS-1036544
55603,HSS-8072024
111207,HSS-1031469
234111,HSS-1046519
100454,HSS-8072021
46308,HSS-8058642
20359,HSS-8072023
247127,HSS-8089563
66557,HSS-8078432
245543,HSS-1047647
25419,HSS-8069865
249836,HSS-8091178
149566,HSS-8073647
196549,HSS-8070397
7940,HSS-8069864
166415,HSS-8069867
166670,HSS-1037354
142668,HSS-8066857
202566,HSS-8066859
104189,HSS-8066862
188225,HSS-8066868
109487,HSS-1037349
183813,HSS-8026152
64567,HSS-8066877
84978,HSS-8066882
190872,HSS-8068964
103588,HSS-8066865
249817,HSS-8091388
110037,HSS-8068927
1825,HSS-8068931
61548,HSS-1032703
207467,HSS-8027579
263503,HSS-8094719
158061,HSS-1039623
170473,HSS-8026290
115882,HSS-8058301
237275,HSS-8087965
62010,HSS-8058308
237160,HSS-8087969
97300,HSS-8058302
108967,HSS-8058305
24357,HSS-8026979
34242,HSS-8068515
6884,HSS-8068508
58487,HSS-8082046
170,HSS-8067604
151731,HSS-8059979
81233,HSS-8070379
67607,HSS-8025021
92349,HSS-8061887
158462,HSS-1036447
70751,HSS-1036446
240198,HSS-8086129
28858,HSS-8078444
169375,HSS-8072030
179615,HSS-1044739
65114,HSS-1042992
156725,HSS-1042994
156803,HSS-1026505
257776,HSS-8094443
156388,HSS-1025177
40831,HSS-1967614
246026,HSS-8089562
246036,HSS-8089585
185379,HSS-8061912
122530,HSS-8071540
107981,HSS-8058759
244768,HSS-8089504
235124,HSS-1046238
11291,HSS-8074224
229725,HSS-8082623
6318,HSS-8027165
73532,HSS-8058288
80531,HSS-8081636
170393,HSS-8067106
53017,HSS-8073691
129270,HSS-8078869
97431,HSS-8078881
64332,HSS-8077199
24805,HSS-8078874
57647,HSS-8078879
23891,HSS-8078908
138604,HSS-8070622
91591,HSS-8065683
132622,HSS-8074914
182746,HSS-1044157
9148,HSS-8065689
119651,HSS-8070617
123351,HSS-1036336
274007,HSS-8095799
156302,HSS-1034676
250966,HSS-8092495
257461,HSS-1110347
38589,HSS-1044717
257742,HSS-1111347
171958,HSS-8078454
29958,HSS-8065673
147942,HSS-1041239
273422,HSS-8095443
148953,HSS-8074927
50993,HSS-8074925
263555,HSS-8094674
95680,HSS-1036022
159371,HSS-1036335
19371,HSS-8065648
155370,HSS-8070658
235766,HSS-8086826
27600,HSS-8078897
237433,HSS-8086827
240629,HSS-8086825
236892,HSS-8086828
103110,HSS-1036334
170022,HSS-1035923
68078,HSS-8065645
128846,HSS-8065669
98752,HSS-8080370
79880,HSS-1036382
10555,HSS-1036021
204568,HSS-8023579
202305,HSS-8078901
82160,HSS-8077198
200304,HSS-8078902
238912,HSS-1047597
157089,HSS-1037837
244832,HSS-8090554
249682,HSS-1049766
159825,C21614M039
105228,HSS-8070346
173039,HSS-8066048
236666,HSS-8087697
235209,HSS-8086977
228936,HSS-8083673
230133,HSS-8083655
228131,HSS-8083695
228856,HSS-8083654
229708,HSS-8083694
240338,HSS-8086609
235207,HSS-8086976
234151,HSS-8086974
235208,HSS-8086975
195185,HSS-8061420
100845,HSS-8060975
71540,HSS-8071477
9098,HSS-8078144
136826,HSS-8061006
57166,HSS-8069162
235097,HSS-8086978
87446,HSS-1040394
159524,HSS-8069153
103385,HSS-1021265
237395,HSS-1047459
229381,HSS-8082638
232039,HSS-8083688
225682,HSS-8082618
56609,HSS-8078416
189989,C018807
240320,HSS-8086578
134004,HSS-1039353
61078,HSS-8061930
253925,HSS-1049039
187574,HSS-8061896
35165,HSS-1038110
256366,HSS-1110947
225685,HSS-8082624
177177,HSS-8061882
100826,HSS-8060640
140575,HSS-8027169
147403,HSS-8077179
108697,HSS-8078891
118674,HSS-8078890
64434,HSS-8077184
38490,HSS-8080327
240598,HSS-8086801
240591,HSS-8086800
81566,HSS-8080321
240590,HSS-8086797
250472,HSS-1049341
250482,HSS-1049387
65860,HSS-8027396
244756,HSS-8089535
166322,HSS-8070630
40033,HSS-8078893
178081,HSS-8077181
161910,HSS-8065470
12168,HSS-8027392
118255,HSS-8026025
170041,HSS-8026028
234526,HSS-8086794
240603,HSS-8086805
30787,HSS-8027390
198009,HSS-8080324
230893,HSS-8083139
240622,HSS-8086802
149123,HSS-8070603
89904,HSS-8065476
240606,HSS-8086796
46119,HSS-1041738
10114,HSS-1042784
84378,HSS-8080300
61880,HSS-8070640
161840,HSS-1030267
30856,HSS-1030492
27268,HSS-8065491
132133,HSS-8065466
126720,HSS-1985535
256393,HSS-8093653
178290,HSS-8070649
117087,HSS-8078887
203053,HSS-8070648
65361,HSS-1985536
123001,HSS-1985498
273484,HSS-8095366
261766,HSS-8095373
87122,HSS-1042255
182793,HSS-8074246
70254,HSS-8022250
118502,HSS-8058387
53478,HSS-8074245
147406,HSS-8074236
132513,HSS-8058388
28015,HSS-8074251
229584,HSS-1045026
108476,HSS-8058384
261786,HSS-8095375
250729,HSS-8090978
197477,HSS-8058391
84239,HSS-8074239
32080,HSS-8074247
196733,HSS-8026158
231172,HSS-8083116
60066,HSS-1029440
241006,HSS-1046506
257856,HSS-1111137
234074,HSS-8085568
54624,HSS-8059158
193126,HSS-8059156
81054,HSS-8059160
201780,HSS-8059159
134429,HSS-8068902
143593,HSS-8025742
69728,HSS-8025745
56282,HSS-8059157
125053,HSS-8059161
256733,HSS-8094249
230645,HSS-8082864
261785,HSS-8092648
115131,HSS-8076182
240270,HSS-1046467
82898,HSS-8076185
170567,HSS-8076218
167312,HSS-8076213
192407,HSS-8064840
256734,HSS-1111521
240617,HSS-8087945
172120,HSS-8074208
235580,HSS-8087947
151283,HSS-8058297
206541,HSS-8074207
165499,HSS-8074218
235544,HSS-8087951
65547,HSS-8074212
235863,HSS-8088692
233922,HSS-8086558
38227,HSS-8057925
231050,HSS-8086994
234140,HSS-8086972
63614,HSS-8027367
58331,HSS-8067110
37538,HSS-8081871
261763,HSS-8093161
188605,HSS-8075887
261834,HSS-8093159
261852,HSS-8093169
119657,HSS-8061434
73883,HSS-8061441
57244,HSS-8061433
245304,HSS-8089032
93900,HSS-8081090
249822,HSS-8091626
28977,HSS-8076108
205083,HSS-8060258
131123,HSS-8081081
49647,HSS-8061950
206662,HSS-8062370
250568,HSS-8090639
237178,HSS-8090621
228953,HSS-8084020
235310,HSS-8093284
114144,HSS-8073537
157886,HSS-1040778
4090,HSS-8078662
250800,HSS-8092449
106053,HSS-8061429
42855,HSS-1041687
233131,HSS-8094884
236363,HSS-8088240
194061,HSS-8066069
585,HSS-1974228
176376,HSS-1042991
93189,HSS-8070352
120480,HSS-8070353
120572,HSS-8070329
17927,HSS-1973712
8327,HSS-8070356
235784,HSS-1046741
192932,HSS-1973571
175438,HSS-8066044
137389,HSS-8066045
97054,HSS-1034746
96792,HSS-1974211
195692,HSS-8070328
59222,HSS-8066074
129062,HSS-8073880
132769,HSS-1973718
150995,HSS-8066072
8871,HSS-8078311
96900,HSS-1988143
182301,HSS-8025011
230688,HSS-8085933
261847,HSS-8092646
7746,HSS-8071211
189997,HSS-1033523
202892,HSS-8067335
32715,HSS-8073549
201767,HSS-8073548
53082,HSS-8027705
20939,HSS-8073903
149329,HSS-8073908
259492,HSS-8091958
244806,HSS-8091319
91839,HSS-1044558
257444,HSS-8093778
237646,HSS-8087443
98671,HSS-8027553
229715,HSS-8084595
228708,HSS-8084615
240292,HSS-8087022
230840,HSS-8086577
230936,HSS-8084101
83452,HSS-8074213
237105,HSS-8087946
181569,HSS-8083405
71072,HSS-8083406
235252,HSS-8085936
187160,HSS-8058143
58076,HSS-8083407
245529,HSS-1047633
52543,HSS-8067342
44377,HSS-8067339
247070,HSS-8089418
269141,HSS-8096271
64709,HSS-8081421
247080,HSS-8089653
247782,HSS-8090096
247036,HSS-8089642
256917,HSS-8093212
230667,HSS-8086339
106164,HSS-8069569
6913,HSS-8061227
66319,HSS-8080815
69274,HSS-8071795
111604,HSS-8071801
31363,HSS-1036006
40171,HSS-8071803
158672,HSS-8079560
234087,HSS-8085284
116775,HSS-1031573
181082,HSS-1031574
112008,HSS-8076875
118379,HSS-1031576
46964,HSS-8061646
43430,HSS-1044301
233222,HSS-8094383
97321,HSS-8079598
111762,HSS-8059048
237185,HSS-1047184
249849,HSS-8091146
230987,HSS-8084011
229571,HSS-8083361
194004,HSS-8081111
156106,C22B15M020
82843,HSS-8069507
183767,HSS-1992532
36444,HSS-8070936
106332,HSS-8059060
93021,HSS-8081108
163215,HSS-8058016
102898,HSS-8081175
173486,C002366
174354,HSS-8058492
7110,HSS-8067565
35187,HSS-8067564
130861,HSS-8067579
123394,HSS-8060254
137288,HSS-8058162
47183,C22B15M014
15761,C22B15M012
238297,HSS-8085937
60473,HSS-8083315
327,HSS-8058020
237631,HSS-8087231
237225,HSS-8087202
57528,HSS-8081116
201020,HSS-8083313
69645,HSS-8073892
71200,HSS-8077577
225268,HSS-8083360
236461,HSS-8087243
79157,HSS-1988123
136423,HSS-8058015
238397,HSS-1998289
105771,HSS-8074458
113342,HSS-8081119
162015,HSS-1041112
91161,HSS-1043021
140257,HSS-8061969
110581,HSS-1973612
234724,HSS-8086614
227722,HSS-8084095
165999,HSS-8075758
229940,HSS-8084096
227668,HSS-8084099
262309,HSS-1094927
262456,HSS-1094160
49041,HSS-8061955
238451,HSS-1998318
238426,HSS-1998352
46517,HSS-8077635
230377,HSS-8082856
173217,HSS-8027141
126704,VIHA-2001933
239096,HSS-1046353
87854,HSS-8069361
57184,HSS-1030718
232783,HSS-8091953
238464,HSS-1998337
260302,HSS-8092026
235351,HSS-8093483
230644,HSS-8082862
112995,HSS-8067617
260292,HSS-8092041
166417,C008248
194338,HSS-8060324
245932,HSS-1111197
27392,HSS-1038081
235347,HSS-8093482
100118,HSS-1041686
20304,HSS-1974955
32716,HSS-8060178
123384,HSS-8061492
35306,HSS-8079896
250503,HSS-1048600
51984,HSS-8062163
51125,HSS-8062162
151825,HSS-8061909
256774,HSS-8093994
235235,HSS-8085881
43222,HSS-8074360
244831,HSS-8091299
97722,HSS-8074380
74984,HSS-8074383
244816,HSS-8091297
54082,HSS-8070383
84814,HSS-8074382
237091,HSS-8088494
244871,HSS-8091298
120956,HSS-8074374
16604,HSS-8074369
91853,HSS-8081695
245512,HSS-1047649
259493,HSS-8091955
175358,VIHA-2001898
156151,HSS-8074364
146162,HSS-8021562
111424,HSS-8074379
229054,HSS-8093992
58800,HSS-1962007
29820,HSS-8027146
228287,HSS-8093993
128300,HSS-1962008
60296,HSS-1992565
201664,HSS-8074368
39113,HSS-1992566
239766,HSS-1046399
23822,HSS-8074377
245536,HSS-8089140
92250,HSS-8026376
232797,HSS-8086783
232782,HSS-8086789
232811,HSS-8086786
249434,HSS-8090668
41927,HSS-8081391
204950,HSS-8074194
144446,HSS-8078310
206480,HSS-8070093
83666,HSS-8058194
123919,HSS-8058191
46087,HSS-8076121
89841,HSS-8083341
70912,HSS-8070091
73757,HSS-8081093
204317,HSS-8072764
73264,HSS-8070094
233353,HSS-8084320
105408,HSS-8081099
68148,HSS-8081092
72301,HSS-8025802
70412,HSS-1040964
138792,HSS-8071186
5834,HSS-8065887
75055,HSS-8078642
70613,HSS-8071152
192410,HSS-1044657
200840,HSS-8065857
125920,HSS-8065846
197664,HSS-8071156
241724,HSS-8088507
104374,HSS-8065844
148969,HSS-8071718
107319,HSS-8025037
257441,HSS-8094349
179534,HSS-1964313
127937,HSS-8078663
162822,HSS-8078651
73370,HSS-1040580
228237,HSS-1994417
228587,HSS-1994412
123659,HSS-8074548
235291,HSS-8093290
233269,HSS-8094387
50949,HSS-8059053
203865,HSS-8069330
97995,HSS-1018865
110105,HSS-8059047
43497,HSS-8079565
130132,HSS-8059050
233241,HSS-8094402
247523,HSS-8090643
247556,HSS-8090642
199907,HSS-1044324
95414,HSS-8015314
174839,HSS-8062160
234709,HSS-8086622
244220,HSS-8089005
89520,HSS-8061491
168258,HSS-8075737
202691,HSS-8061493
53746,HSS-8062143
170940,HSS-8060168
155895,HSS-8060947
253907,HSS-1049765
94135,HSS-1030903
200918,HSS-8078509
4762,C003173
80169,HSS-8023049
248084,HSS-8090185
247315,HSS-8090176
248227,HSS-8090196
250544,HSS-8092151
257787,HSS-8092777
78393,C003140
128208,HSS-8023939
86784,HSS-8074766
153129,HSS-8023931
150926,C005221
247054,HSS-8089634
247105,HSS-8089640
237360,HSS-8088841
236322,HSS-8087177
247786,HSS-8090094
102896,HSS-8081415
184948,HSS-8081378
247098,HSS-8089632
249453,HSS-8090858
247802,HSS-8090087
253922,HSS-8092090
256410,HSS-8092087
237315,HSS-8087175
138720,HSS-8083312
36859,HSS-8083349
59769,HSS-8060189
254092,HSS-1049561
104655,HSS-8060948
177111,HSS-8016522
192608,HSS-8015825
24226,HSS-1012669
54281,HSS-8060949
65790,HSS-8057912
250639,HSS-1048442
249871,HSS-1048445
113740,HSS-8057916
249548,HSS-1048446
11567,HSS-8060953
228470,HSS-8083621
54613,HSS-8027361
78751,HSS-8057914
61886,HSS-8060973
123478,HSS-8062321
39952,HSS-8027359
71055,HSS-8060941
254224,HSS-1049874
257818,HSS-1111245
257728,HSS-1111246
257762,HSS-1111255
254093,HSS-1049565
173522,HSS-8078505
38562,HSS-8060984
81866,HSS-8071467
129421,HSS-8060981
7830,HSS-8075714
29065,HSS-8071485
45122,HSS-8078155
248130,HSS-1048874
62449,HSS-8067938
57679,HSS-8060504
58008,HSS-8067047
33873,HSS-1985059
109194,HSS-8060501
237371,HSS-8088696
107787,HSS-8060497
236523,HSS-8087245
225204,HSS-1045436
68379,HSS-8070362
106526,HSS-8077600
269039,HSS-8096257
269239,HSS-8096256
269272,HSS-8096254
269196,HSS-8096248
269050,HSS-8096251
269264,HSS-8096249
269127,HSS-8096255
268972,HSS-8096258
234726,HSS-8086602
261743,HSS-8092539
100990,HSS-8078513
237558,HSS-8087962
228105,HSS-8093495
256735,HSS-8094036
257466,HSS-8094294
243476,HSS-8093496
228167,HSS-8094035
205671,HSS-8081654
141761,HSS-8074638
187130,HSS-8074403
247345,HSS-1902546
229360,HSS-8084838
246091,HSS-8089305
40824,HSS-8026178
27288,HSS-1041073
117424,HSS-8066620
236489,HSS-8087484
44819,HSS-1964322
118636,HSS-1039658
249826,HSS-8091374
144583,HSS-1039636
256420,HSS-8093007
267082,HSS-1111033
184968,HSS-8060499
118966,HSS-8060502
86243,HSS-8060503
247344,HSS-8090000
236584,HSS-8088694
50083,HSS-8060500
59308,HSS-8060496
162039,HSS-8060498
237413,HSS-1047327
159963,HSS-8067046
25288,HSS-8060495
237165,HSS-1046684
231005,HSS-8093322
123164,HSS-8078156
267099,HSS-1111032
57807,HSS-1044449
140453,HSS-1038397
230161,HSS-8094038
260306,HSS-8092039
228605,HSS-8094034
91649,HSS-8081647
229723,HSS-8093497
233242,HSS-8094039
230292,HSS-8094037
183685,HSS-8058395
249879,HSS-8091471
172259,HSS-8065879
204392,HSS-8067333
51748,HSS-8067337
140443,HSS-8078649
68149,HSS-8081983
170230,HSS-1040963
184522,HSS-8027689
198719,HSS-8027710
55282,HSS-8073557
146518,HSS-8012371
98514,HSS-1040997
83987,HSS-8025033
118356,HSS-8081985
44449,HSS-8065888
104186,HSS-8078634
152803,HSS-8078657
52126,HSS-8071181
83159,HSS-8023765
32809,HSS-1044509
112843,HSS-1030381
130800,HSS-8027715
133844,HSS-8067328
96070,HSS-8067344
250615,HSS-1048208
247153,HSS-1047812
197008,HSS-8061453
49485,HSS-8061468
228813,HSS-1045829
225129,HSS-8084041
62526,HSS-8060934
226486,HSS-1045032
226499,HSS-1045033
66215,HSS-8073526
48928,HSS-8073508
161837,HSS-8074400
160447,HSS-8074572
145381,HSS-8072319
232627,HSS-8086345
244758,HSS-8090956
234580,HSS-1997591
244802,HSS-8090955
244812,HSS-8090958
244855,HSS-8090951
244862,HSS-8090953
118878,HSS-8074569
132023,HSS-8025840
150735,HSS-1961992
89878,HSS-8074570
143446,HSS-8078307
192342,HSS-8074571
261831,HSS-8092543
225184,HSS-1045404
225657,HSS-8082286
72002,HSS-8072333
11207,HSS-8073418
118098,HSS-8074568
34334,HSS-8067662
238038,HSS-8087753
246072,HSS-1047731
256797,HSS-1110672
152434,HSS-8067663
261788,HSS-8092544
225633,HSS-8082287
257557,HSS-1110640
70550,HSS-8072327
148380,HSS-8023249
230809,HSS-8086347
235217,HSS-8086348
81134,HSS-8072325
80034,HSS-8072330
80139,HSS-1044167
95998,HSS-8061719
165599,HSS-8082281
6357,HSS-8070910
231999,HSS-8086346
200968,HSS-1961991
244854,HSS-8091320
479,HSS-1044603
273583,HSS-8095608
14120,HSS-8026527
74562,HSS-1973964
135320,HSS-1973566
193900,HSS-1973979
23260,HSS-1973978
9322,HSS-8026528
238823,HSS-1046982
273330,HSS-8095199
178369,HSS-1973593
238979,HSS-1046997
61877,HSS-8026531
82331,HSS-8081697
229264,HSS-8082828
67747,HSS-1973577
141894,HSS-1973606
156029,HSS-1973570
156780,HSS-8026525
96552,HSS-8026523
119580,HSS-8024809
56788,HSS-8026818
94195,HSS-8080155
273960,HSS-8095213
6666,HSS-8027184
75070,HSS-8077646
164197,HSS-8074351
246577,HSS-1047698
43264,HSS-8074407
34258,HSS-8074394
157736,HSS-8074401
105733,HSS-8074404
183095,HSS-8074397
104327,HSS-8078362
201370,HSS-8075391
229042,HSS-8083304
2309,HSS-8072344
65753,HSS-8075399
102849,HSS-8081408
181672,HSS-8073883
245527,HSS-8089137
35448,HSS-8070347
8931,HSS-8072346
49210,HSS-8081413
94092,HSS-8070330
254277,HSS-1904945
254287,HSS-1904944
254302,HSS-1904943
249811,HSS-1904947
249599,HSS-1904942
249556,HSS-1904948
249881,HSS-1904941
249662,HSS-1049083
254289,HSS-1904925
254311,HSS-1904940
249596,HSS-1904923
249860,HSS-1904924
254283,HSS-1904931
254270,HSS-1904927
260911,HSS-1904978
260916,HSS-1904979
250462,HSS-1904981
254297,HSS-1904926
248234,HSS-1904929
249661,HSS-1904930
254276,HSS-1904928
254295,HSS-1904946
137359,HSS-8071722
59673,HSS-8065848
824,HSS-8025896
110123,HSS-8025948
191850,HSS-8061203
237318,HSS-8087218
58700,HSS-8081868
177533,HSS-8081870
169104,HSS-8061201
90636,HSS-8061192
178616,HSS-8069348
236318,HSS-8087216
145467,HSS-8066363
161079,HSS-8081875
155557,HSS-8061204
40504,HSS-8069578
257640,HSS-8093719
82597,HSS-1031463
246025,HSS-8089571
234039,HSS-8086184
76836,HSS-8058601
233936,HSS-8086199
236896,HSS-1046532
235572,HSS-1046100
236966,HSS-1046522
246010,HSS-8089581
204165,HSS-8078507
195645,HSS-8075700
90179,HSS-8024385
140691,HSS-8060986
234570,HSS-1997587
267212,HSS-8096051
273365,HSS-8096048
272703,HSS-8095709
272976,HSS-8096054
234563,HSS-1997628
247335,HSS-1902542
122598,HSS-8081869
25801,HSS-8081873
136435,HSS-8059931
83553,HSS-8069581
180784,HSS-8061206
148771,HSS-8061207
35516,HSS-8069590
245513,HSS-8089156
171115,HSS-8083325
65536,HSS-8061194
189804,HSS-8061199
154318,HSS-8077580
2278,HSS-8061197
257214,HSS-8094293
245544,HSS-8089155ÿÿ
171204,HSS-8061200
145909,HSS-8083317
203472,HSS-8083320
96878,HSS-8061202
8540,HSS-1992533
79062,HSS-1992559
148531,HSS-8073893
119478,HSS-8081877
59531,HSS-1992531
140962,HSS-1992526
192977,HSS-8081876
82012,HSS-8025954
256387,HSS-1111542
247140,HSS-1047793
150299,HSS-8073652
155913,HSS-8073656
139278,HSS-8073505
260285,HSS-8091981
49285,HSS-8079859
64445,HSS-8067330
107938,HSS-8079657
47543,105048
16935,HSS-8071180
16893,HSS-8071179
151830,HSS-8073566
40216,HSS-8067343
10364,HSS-8027685
68618,HSS-8027716
190913,HSS-8065878
131819,HSS-8065889
130872,HSS-1044634
200351,105028
119788,HSS-8073564
132930,HSS-8067327
134061,105053
164482,HSS-8073559
196191,HSS-8071184
973,HSS-8065897
184248,HSS-8065892
201234,HSS-8073545
20030,105018
51455,HSS-8078635
5674,HSS-8078645
232855,HSS-1045614
152715,HSS-8065901
126765,HSS-1036614
30213,HSS-8025370
118713,HSS-8025369
122711,HSS-8073556
112734,HSS-8024900
177130,HSS-8073654
203815,HSS-8073655
234023,HSS-8086127
181679,HSS-1044718
44921,HSS-8072060
247109,HSS-8089566
229480,HSS-8093723
250963,HSS-8092497
250962,HSS-8092499
23227,HSS-8058404
171327,HSS-1043147
229436,HSS-8093721
4224,HSS-8073651
228543,HSS-8093728
22911,HSS-8073662
23259,HSS-8072058
61387,HSS-8024909
230602,HSS-8093727
228491,HSS-8093725
41032,HSS-8058401
79316,HSS-8058399
9705,HSS-8058400
59721,HSS-8058394
32021,HSS-8058408
103182,HSS-8070170
247330,HSS-1049005
104476,HSS-1033714
56125,HSS-8073661
15520,HSS-8073653
142954,HSS-8072081
169812,HSS-8073664
61574,HSS-8073659
101484,HSS-1035692
131453,HSS-8072072
257620,HSS-8092842
233916,HSS-8086126
233996,HSS-8086124
247137,HSS-8089567
234691,HSS-8090344
147581,HSS-1036545
195736,HSS-1038393
146323,HSS-8073648
257821,HSS-8094559
233260,HSS-8094399
233214,HSS-8094375
273944,HSS-8095717
57488,HSS-8058768
237289,HSS-8090756
237564,HSS-8088222
28712,HSS-8027740
5218,HSS-8077853
235388,HSS-8088275
236967,HSS-8093514
237670,HSS-8088285
69629,HSS-8058643
267025,HSS-8095466
254130,HSS-1048336
254129,HSS-1048337
254128,HSS-1048331
254127,HSS-1048329
247101,HSS-1048257
267201,HSS-8095479
267394,HSS-8095445
9724,HSS-1037392
256408,HSS-8093014
19778,HSS-8066812
60853,HSS-8066835
175030,HSS-8066831
138738,HSS-1037390
148755,HSS-8066837
191565,HSS-8066855
254084,HSS-8092279
267206,HSS-8095488
266888,HSS-8095470
266869,HSS-8095500
267187,HSS-8095504
267281,HSS-8095477
267030,HSS-8095506
37989,HSS-8066805
106181,HSS-8066821
8505,HSS-8066818
178045,HSS-8066829
84353,HSS-8059305
186786,HSS-8059301
116167,HSS-1021298
162792,HSS-8069152
163425,HSS-8026024
136138,HSS-8069143
30915,HSS-8069149
117360,HSS-8057886
178238,HSS-8069144
148896,HSS-8069142
87141,HSS-8069148
91252,HSS-8069145
39118,HSS-8069147
149763,HSS-8069155
128525,HSS-8057884
42623,HSS-1021441
24107,HSS-8057890
33762,HSS-8057885
74072,HSS-8057893
150433,HSS-8057892
7241,HSS-8027743
260668,HSS-8092080
105572,HSS-8074876
256259,HSS-8091594
228364,HSS-8082882
182283,HSS-8070931
237167,HSS-1046528
261853,HSS-8092632
50379,HSS-8024671
238377,HSS-1998273
233183,HSS-8094487
147840,HSS-8026349
88957,HSS-8058600
54369,HSS-8058593
256719,HSS-1111698
107358,HSS-8078471
76697,HSS-8078628
34368,HSS-8027711
227392,HSS-1045617
2478,HSS-8078625
150197,HSS-8065876
43284,HSS-8078627
150634,HSS-8067329
163467,HSS-8067336
122962,HSS-8073562
78580,HSS-8065886
18065,HSS-8025035
239736,HSS-1046381
124693,HSS-1041717
80811,HSS-8078641
65554,HSS-8067341
228090,HSS-1045629
230663,HSS-1045615
88085,HSS-8027714
75040,HSS-8027707
474,HSS-1031661
230624,HSS-1045616
233173,HSS-8094364
233211,HSS-8094365
233237,HSS-8094393
234566,HSS-1997590
235256,HSS-1997575
234577,HSS-1997616
234585,HSS-1997617
234548,HSS-1997589
234584,HSS-1997581
233190,HSS-8094371
233270,HSS-8094404
256788,HSS-8093057
272686,HSS-8094798
194173,HSS-8072335
199929,HSS-1044888
250656,HSS-1048199
257550,HSS-8094543
247157,HSS-8091058
2843,HSS-8076467
183364,HSS-1040363
189217,HSS-8069157
86008,HSS-8076472
225290,HSS-8082573
32207,HSS-8076466
110280,HSS-8076482
28678,HSS-8079183
37355,HSS-8076396
41497,HSS-8076397
248097,HSS-8090203
230660,HSS-8085623
240713,HSS-8087509
245539,HSS-8089272
238949,HSS-8089287
251209,HSS-8092389
50343,HSS-8078080
244011,HSS-8088996
244226,HSS-8088995
263234,HSS-8094710
36037,HSS-8065028
161927,HSS-8065024
56090,HSS-8065015
7597,HSS-8074603
114063,HSS-8078306
257533,HSS-8093381
257607,HSS-8093888
257755,HSS-8093887
257568,HSS-8093891
265767,HSS-8093890
272850,HSS-8094887
963,HSS-8058484
254278,HSS-1049694
235334,HSS-8093423
190218,HSS-1984571
178943,HSS-1973732
256778,HSS-8094101
64092,HSS-1035202
178062,HSS-1040933
110303,HSS-1043922
63685,HSS-1985540
91452,HSS-8067930
78955,HSS-8013662
15626,HSS-8076657
225709,HSS-8082571
14058,HSS-8076662
118050,HSS-8067919
225697,HSS-8082572
71136,HSS-8067923
237460,HSS-1047349
30857,HSS-8067931
197965,HSS-8067928
102598,HSS-8067927
165749,HSS-8076666
194779,HSS-8067924
236512,HSS-1047351
14798,HSS-8076667
1962,HSS-8076668
21592,HSS-8067929
65315,HSS-8067932
83345,HSS-8024428
235561,HSS-1047350
17491,HSS-8082566
21546,HSS-8024429
225678,HSS-8082567
227734,HSS-8084118
161061,HSS-8061953
236506,HSS-8088283
10052,HSS-8077854
173968,HSS-8077855
90223,HSS-8077856
164002,HSS-8077820
132331,HSS-8077886
189690,HSS-8077852
45819,HSS-8077893
5154,HSS-8077877
20405,HSS-8077878
250519,HSS-8091977
8091,HSS-8026049
204675,HSS-8077829
81142,HSS-1032715
237510,HSS-8088248
58832,HSS-8077881
133436,HSS-8074026
150335,HSS-8077898
52316,HSS-8077895
68217,HSS-8077818
20972,HSS-1036956
182882,HSS-8077819
247793,HSS-8089912
141866,HSS-8077905
200076,HSS-1035911
154709,HSS-8077868
18348,HSS-8077869
181173,HSS-8077873
247187,HSS-8089920
13758,HSS-8069126
241722,HSS-8088250
59842,HSS-8023431
69083,HSS-8077851
252776,HSS-8091978
235803,HSS-8088289
236811,HSS-8088243
161152,HSS-8077874
116880,HSS-8077899
201355,HSS-8074043
247175,HSS-8089924
11642,HSS-1039364
247756,HSS-8089927
77488,HSS-8077883
121859,HSS-8069128
237035,HSS-8088237
176641,HSS-8074030
236953,HSS-8088246
236403,HSS-8087729
72733,HSS-8058644
39228,HSS-1031480
102837,HSS-1034068
59547,HSS-8078427
43141,HSS-8062117
95213,HSS-1036383
250677,HSS-8091230
155973,HSS-1043542
108242,HSS-1044510
71400,HSS-8075746
14136,HSS-8062161
43913,HSS-8073663
140892,HSS-8061924
188091,HSS-8061966
140166,HSS-1961981
34595,HSS-8081706
36615,HSS-8074359
51700,HSS-8078339
90054,C009039
14381,HSS-1961986
165620,HSS-8073560
37764,HSS-8067338
107211,HSS-8074347
123722,HSS-8078644
76528,HSS-8074344
235867,HSS-8088519
200373,HSS-8078340
71643,HSS-1040839
225261,HSS-1045369
60295,HSS-1992528
153627,HSS-8025036
261749,HSS-8092546
92169,HSS-1961994
240883,HSS-4056827
1195,HSS-8027130
89758,HSS-8077607
118160,HSS-1985049
248286,HSS-8090447
96110,HSS-8077608
112619,HSS-8077603
204352,HSS-8070363
249542,HSS-8091288
161481,HSS-8077610
41422,HSS-8027131
175065,HSS-1992513
197532,HSS-8068519
79057,HSS-8066398
124024,HSS-8025898
33418,HSS-1041664
183779,HSS-8077612
132246,HSS-8078511
91326,HSS-8078530
244807,HSS-8090590
138507,HSS-8079899
51379,HSS-8079904
232865,HSS-8086351
244819,HSS-8090965
249561,HSS-8091360
73065,HSS-8066884
30734,HSS-1037348
62122,HSS-8066874
247129,HSS-8090630
149084,HSS-1961993
238274,HSS-1046540
225240,HSS-8083657
247059,HSS-8089397
162666,HSS-8081673
44390,HSS-1043146
230939,HSS-8085926
27497,HSS-8077598
28644,HSS-8077599
97886,HSS-8078329
231021,HSS-8085874
50526,HSS-1042098
38329,HSS-8067614
18071,HSS-8081674
140017,HSS-8060599
34066,HSS-8060587
130876,HSS-8070944
75036,HSS-1961957
116691,HSS-1037723
102003,HSS-8081710
92601,HSS-8060651
127451,HSS-8025824
146674,HSS-1035910
115816,HSS-8058461
137535,HSS-8026380
203224,HSS-8026479
81285,HSS-8026498
142320,HSS-8075147
202407,HSS-8068478
29828,HSS-8026497
35047,HSS-8061252
143047,HSS-8026496
107374,HSS-8058460
15462,HSS-8058462
171385,HSS-8026493
249655,HSS-8091524
126398,HSS-8075738
86921,HSS-8061486
170780,HSS-8061490
147930,HSS-1040936
272726,HSS-8095419
257486,HSS-8093323
141659,HSS-8075735
244795,HSS-8091317
145843,HSS-1962000
132696,HSS-8077613
51008,HSS-8027176
63864,HSS-8079634
12639,HSS-8027398
161239,HSS-8080329
227602,HSS-8083181
117443,HSS-8069172
249547,HSS-8091126
158689,HSS-8078944
240593,HSS-8086803
174452,HSS-8078956
156365,HSS-8080326
112879,HSS-8065471
96074,C018591
57868,C018589
79966,C018609
250978,HSS-1049960
109743,HSS-8027397
35886,HSS-1985101
229688,HSS-8093576
18063,HSS-8078953
190596,HSS-1044444
250809,HSS-8092490
85300,HSS-8076693
46422,HSS-8074189
6679,HSS-8074024
257230,HSS-1940247
249657,HSS-8091575
15214,HSS-1037607
247126,HSS-1047792
245548,HSS-8089111
125966,HSS-8073732
234106,HSS-8085547
234010,HSS-8085552
206613,HSS-1036979
263506,HSS-8094709
170260,HSS-1037464
257799,HSS-8093718
87499,HSS-1038403
143034,HSS-1038215
180031,HSS-1038216
152336,HSS-1038401
182522,HSS-1038405
247743,HSS-8090004
7644,HSS-1038218
247781,HSS-1047993
240595,HSS-1046731
240600,HSS-1046752
245528,HSS-8089135
168311,HSS-1967597
230643,HSS-8082863
64257,HSS-8081680
238399,HSS-1998291
92075,HSS-1041688
145664,HSS-8081686
235338,HSS-8093481
225242,HSS-8083388
260305,HSS-8092027
85522,HSS-8069362
237201,HSS-8088493
244829,HSS-8091292
244852,HSS-8091293
244763,HSS-8090290
235771,HSS-8088099
69394,HSS-1040157
258354,HSS-8091802
141157,HSS-8060322
152042,HSS-1044740
52897,HSS-8024764
240184,HSS-8085876
121124,HSS-8060617
42361,HSS-8060348
4443,HSS-8068530
24448,HSS-8026519
175832,HSS-8068531
121150,HSS-8068533
235822,HSS-8089395
177117,HSS-8026522
164187,HSS-8070846
184235,HSS-8027126
238946,HSS-1047525
250905,HSS-8092739
132973,HSS-8026517
251245,HSS-8092454
257864,HSS-8094274
110796,HSS-8078360
27269,HSS-8078342
36704,HSS-8074387
228904,HSS-8093985
117115,HSS-8074386
261761,HSS-8092631
261849,HSS-8092637
92087,HSS-8074390
138563,HSS-8082011
233162,HSS-8094473
261828,HSS-8092643
170079,HSS-8059456
230799,HSS-8085313
273856,HSS-8095210
91656,HSS-8059440
144859,HSS-1033730
117485,HSS-8067606
236777,HSS-8088092
193811,HSS-8073099
157201,HSS-8081126
150728,HSS-8073102
248283,HSS-1048376
240205,HSS-8086537
86955,HSS-8072027
6533,HSS-8078443
175239,HSS-8072031
166252,HSS-8072028
3726,HSS-1031663
256768,HSS-8094100
9626,HSS-1041636
40705,HSS-1044808
273637,HSS-8095811
237550,HSS-1047229
90821,HSS-1038404
125340,HSS-1038400
196431,HSS-1038407
88376,HSS-1038217
237182,HSS-1047233
4544,HSS-1038398
70274,HSS-1038402
237306,HSS-1046882
10239,HSS-1038396
58024,HSS-1038399
77425,HSS-1038219
256411,HSS-8093004
256443,HSS-8093005
197021,HSS-8074738
254255,HSS-8092384
191429,HSS-8068908
124437,HSS-8068906
249736,HSS-8091511
186470,HSS-8068909
76125,HSS-8026138
238434,HSS-1998300
99103,HSS-8082629
234144,HSS-1046645
113474,HSS-8073650
250965,HSS-8092496
247174,HSS-1047798
250964,HSS-8092498
8013,HSS-8078455
234068,HSS-8086125
171419,HSS-8073649
257547,HSS-8093406
112147,HSS-1037436
249752,HSS-1048692
12817,HSS-1044361
16141,HSS-8058164
134400,HSS-8058180
62494,HSS-8081098
227809,HSS-8084868
237329,HSS-8087242
239499,HSS-8085319
74494,HSS-1042581
84527,HSS-8081128
166613,HSS-8026040
124804,HSS-8060534
80993,HSS-8060945
116299,HSS-8061939
168403,HSS-8061937
143867,HSS-1033729
5864,HSS-1042100
37044,HSS-8014897
84752,HSS-8026630
8712,HSS-8061217
144891,HSS-8059958
161076,HSS-8025239
58596,HSS-8059961
63494,HSS-8068535
106769,HSS-8059957
43194,HSS-8059962
227384,HSS-8082878
107905,HSS-8059956
192070,HSS-8059963
63438,HSS-8082081
11116,HSS-8061173
129379,HSS-8061215
230873,HSS-8085331
198984,HSS-8079366
119054,HSS-8079359
79263,HSS-8079372
230932,HSS-8093567
244750,HSS-8089530
227721,HSS-8093585
228394,HSS-8093573
98684,HSS-8078951
235323,HSS-8093569
131125,HSS-8078950
89192,HSS-8021910
191009,HSS-8075091
116435,HSS-8079158
107214,HSS-8079170
129359,HSS-8025350
229107,HSS-8084346
151258,HSS-8075106
121915,HSS-8065195
36479,HSS-8065210
69973,HSS-8065183
161552,HSS-8070875
138338,HSS-8075101
98811,HSS-1040152
81491,HSS-1036264
108606,HSS-1044935
247068,HSS-8089544
157144,HSS-1031769
33263,HSS-8024932
16552,HSS-8060639
196725,HSS-8076178
60365,HSS-1962001
227553,HSS-8094029
225255,HSS-8083400
201415,HSS-8069606
230847,HSS-8093256
111667,HSS-1043742
49887,HSS-8027172
163480,HSS-8025049
44727,HSS-8060638
75220,HSS-8078350
73538,HSS-8078349
125822,HSS-8074391
244863,HSS-8091316
254502,HSS-8092037
49217,HSS-8078347
182519,HSS-8078352
252054,HSS-8091815
247794,HSS-8089809
178690,HSS-8076109
8404,HSS-8025208
92239,HSS-8078314
7755,HSS-8025823
144724,HSS-8026978
95681,HSS-8059023
18945,HSS-8024653
182895,HSS-8071752
174265,HSS-8059013
91664,HSS-8059021
26979,HSS-8059009
24030,HSS-8071759
156642,HSS-8071159
101038,C003182
107524,HSS-8069170
233600,HSS-1045887
177172,HSS-1042902
190547,HSS-8060620
93101,HSS-1990592
234712,HSS-1046910
193430,HSS-1990615
137869,HSS-1990591
136840,HSS-8059040
256912,HSS-8093174
229685,HSS-8083869
254280,HSS-8092183
19817,HSS-8059041
248328,HSS-1049132
248335,HSS-1049134
237203,HSS-8088453
76034,HSS-8024080
196134,HSS-8068187
105135,HSS-8025832
2757,HSS-8069316
249751,HSS-8091737
925,HSS-8080075
233110,HSS-8094498
256827,HSS-1110675
58985,HSS-8061931
258367,HSS-1110683
30807,HSS-8060579
120737,HSS-8076676
3551,HSS-8076675
69378,HSS-8078445
18243,HSS-8068721
26207,HSS-1984394
239768,HSS-1046394
15732,HSS-1036262
249566,HSS-8091582
79970,HSS-8081899
236650,HSS-8088483
61092,HSS-8081895
4625,HSS-8081902
230921,HSS-8085288
48055,HSS-8061693
162798,HSS-8080803
204974,HSS-8081892
202056,HSS-8025956
146968,HSS-1037241
118322,HSS-8072751
23209,HSS-8059601
235265,HSS-8093372
230841,HSS-8093278
36908,HSS-8074573
89076,HSS-8025739
247801,HSS-8090745
195545,HSS-1037462
249429,HSS-8090762
83310,C003163
49922,HSS-1037466
110670,C003164
191370,HSS-8064841
44851,HSS-1967619
161518,HSS-1973673
167676,HSS-8080588
168413,HSS-8023755
107888,HSS-1974960
88857,HSS-1024231
88477,HSS-8076896
47099,HSS-8076883
59947,HSS-8076889
119858,HSS-1990622
261848,HSS-8092562
87323,C011342
158337,HSS-1044545
261755,HSS-1940001
261862,HSS-1961937
238196,HSS-1046729
240182,HSS-8085929
123133,HSS-8071765
235823,HSS-8088448
179415,HSS-8080554
235415,HSS-8088447
36498,HSS-1031485
51892,HSS-8074426
111654,HSS-8069366
247323,HSS-1048089
234078,HSS-8086413
226492,HSS-8082892
253915,HSS-8092115
84536,HSS-8066401
192986,HSS-8067625
49197,HSS-1030031
95405,HSS-8077565
175816,HSS-8059982
204077,HSS-8059996
227663,HSS-8082887
230315,HSS-8082894
228672,HSS-8082890
160081,HSS-8066348
72945,HSS-8070382
143467,HSS-8059974
172378,HSS-1042903
185975,HSS-8067552
126400,HSS-8025023
150708,HSS-8059988
62424,HSS-8061168
71001,HSS-8070088
20059,HSS-8067550
60895,HSS-8059977
17420,HSS-8025244
61347,HSS-1030025
254131,HSS-8091188
161281,HSS-8058039
229056,HSS-8082886
225095,HSS-8084069
70538,HSS-8066016
14494,HSS-8083350
102112,HSS-1042908
152184,HSS-8026803
250740,HSS-1048372
48490,HSS-1037496
101349,HSS-8065678
177399,HSS-8077202
94231,HSS-8078873
272883,HSS-8095130
56715,HSS-8065677
150118,HSS-1037489
200598,HSS-8065680
33052,HSS-8065692
272786,HSS-8095131
146339,HSS-8065646
72315,HSS-8077206
248285,HSS-8090459
52036,HSS-8025817
127798,HSS-1042124
256363,HSS-1940261
256380,HSS-1940260
257176,HSS-1940259
263175,HSS-1940258
263765,HSS-1940257
257206,HSS-1940256
257198,HSS-1940255
257189,HSS-1940254
257215,HSS-1940253
257236,HSS-1940252
257182,HSS-1940251
257181,HSS-1940250
257197,HSS-1940249
257163,HSS-1940248
256776,HSS-1111526
177228,HSS-8025797
192979,HSS-8058490
101900,HSS-8072774
110938,HSS-8081172
73336,HSS-1961995
75397,HSS-8024061
140794,HSS-8025806
143173,HSS-8025808
81590,
88380,HSS-8072730
107897,HSS-8025810
107734,HSS-8069512
203529,HSS-8083357
11670,HSS-8025805
85221,HSS-1041248
3925,HSS-8079834
143965,HSS-8058285
170688,HSS-1043137
225307,HSS-8082613
232850,HSS-8084102
230970,HSS-8084086
240293,HSS-8088653
225300,HSS-8082610
5767,HSS-8069129
26261,HSS-8074035
237197,HSS-8088241
83463,HSS-8069124
239383,HSS-8088258
145640,HSS-8077880
236275,HSS-8088257
236585,HSS-8088252
237681,HSS-8088245
18055,HSS-8024372
247145,HSS-8089916
131410,HSS-8074058
24938,HSS-8074032
11016,HSS-8074025
235798,HSS-8088235
249820,HSS-8091135
247232,HSS-8089991
236955,HSS-8088234
247184,HSS-8089917
247217,HSS-8089992
12654,HSS-8074038
18305,HSS-8011859
128238,HSS-8074027
55192,HSS-8077862
247207,HSS-8089996
84896,HSS-8077908
247160,HSS-8089915
250807,HSS-8092494
247191,HSS-8089925
247238,HSS-8089994
58384,HSS-8069132
247181,HSS-8089921
247807,HSS-8089926
194600,HSS-8077860
122248,HSS-8069133
138796,HSS-1044901
248127,HSS-8091646
250748,HSS-8091136
71775,HSS-8020079
41420,HSS-8077835
241743,HSS-8088255
110553,HSS-8074040
38141,HSS-8023436
195776,HSS-8077859
90482,HSS-8074029
12767,HSS-8058731
69203,HSS-8077858
101680,HSS-8074031
121891,HSS-8069134
79087,HSS-8074037
250727,HSS-1048175
206865,HSS-8069137
195870,HSS-8069136
111032,HSS-8024368
233301,HSS-8089999
91270,HSS-8074059
188267,HSS-8069125
247178,HSS-8089908
148738,HSS-8077863
90434,HSS-8074056
13248,HSS-8077830
97196,HSS-8069120
134214,HSS-8069110
92069,HSS-8069138
83246,HSS-8058740
76021,HSS-8069121
130298,HSS-8074036
162296,HSS-8074041
101380,HSS-8074045
62466,HSS-8074039
47482,HSS-8077832
26674,HSS-8074048
13956,HSS-8074042
117559,HSS-8074047
237215,HSS-8088281
202163,HSS-8074049
201354,HSS-8074046
151924,HSS-8074044
32328,HSS-1034390
67116,HSS-8067655
72143,HSS-8072326
164126,HSS-8071802
236687,HSS-8088828
134748,HSS-1988129
61984,HSS-8078500
193039,HSS-8082326
197341,HSS-1044218
263452,HSS-8094790
235311,HSS-8093276
236670,HSS-8087728
107798,HSS-8069565
257150,HSS-8095589
82385,HSS-8061694
229957,HSS-8093867
134304,HSS-8061709
167003,HSS-8082634
195774,C009261
100750,HSS-8065184
86945,HSS-8065177
249866,HSS-8091628
106393,HSS-8023793
48762,HSS-8075108
177193,HSS-8075133
90160,HSS-8075135
27184,C003161
249452,HSS-8090758
249461,HSS-8090771
49148,C003162
62951,C003160
230883,HSS-8085610
112009,HSS-8027533
137575,HSS-8058739
76999,HSS-8077827
237206,HSS-8087774
160849,HSS-8077828
237570,HSS-8088288
6078,HSS-8020069
228736,HSS-1045321
233288,HSS-8091709
137266,HSS-8069115
196832,HSS-8077849
230206,HSS-1045119
248086,HSS-1048071
143677,HSS-8069116
177272,HSS-8077850
233136,HSS-8094912
27563,HSS-8077845
2003,HSS-8077846
133644,HSS-8077848
141065,HSS-8077857
183660,HSS-8077837
197250,HSS-8069114
34088,HSS-8077844
155497,HSS-8077847
126205,HSS-8069112
28335,HSS-8077826
58457,HSS-8077842
195224,HSS-8077834
182054,HSS-8077833
28336,HSS-8077836
115994,HSS-8077843
41955,HSS-8069118
32169,HSS-8069113
61722,HSS-1043140
107526,HSS-8079150
225267,HSS-1045322
151646,HSS-8070874
137579,HSS-8065161
206157,HSS-8065211
63454,HSS-8024537
47232,HSS-1044876
33995,HSS-8024207
53622,HSS-1035002
234057,HSS-1045934
31187,HSS-8065206
132956,HSS-1030491
87762,HSS-8079167
17258,HSS-8065185
177989,HSS-8078439
240199,HSS-8086132
100748,HSS-8068727
74022,HSS-1042942
134733,HSS-8025235
247750,HSS-8089797
247234,HSS-1047899
201340,HSS-8025205
256351,HSS-1049903
80191,HSS-1032449
5617,HSS-8058034
6597,HSS-8074634
20278,HSS-8074455
231077,HSS-8093465
204575,HSS-8081102
26613,HSS-1033142
175367,HSS-8072775
253906,HSS-8092011
93218,HSS-1037274
48684,HSS-8069514
63230,HSS-8058032
49421,HSS-8024067
76798,HSS-1035860
93632,HSS-8067573
257514,HSS-1111404
146374,HSS-8079164
138169,HSS-8065182
166706,HSS-8065191
157521,HSS-8065379
132220,HSS-8065172
86868,HSS-8024206
136048,HSS-8065175
193744,HSS-8065171
43734,HSS-8024205
133578,HSS-8065167
66502,HSS-8065363
99828,HSS-8075111
189497,HSS-8026370
160735,HSS-8076181
260300,HSS-8092030
238436,HSS-1998306
235343,HSS-8093485
230579,HSS-8093990
147515,HSS-1961984
239839,HSS-8085878
74830,HSS-1044605
202775,HSS-8078341
202776,HSS-8078337
151434,HSS-8074392
240302,HSS-8093490
159657,HSS-8078351
194537,HSS-8074388
238348,HSS-1998238
238360,HSS-1998234
244853,HSS-8091315
90443,HSS-8074389
40826,HSS-8074393
41673,HSS-8074385
238343,HSS-1998231
238340,HSS-1998236
258360,HSS-8091812
230881,HSS-8093491
259494,HSS-8091957
24190,HSS-1043148
33329,HSS-1992544
28454,HSS-1992547
249852,HSS-1048663
118725,HSS-1023927
240194,HSS-8087005
117886,HSS-8061417
142170,HSS-8074016
142483,HSS-8062126
207360,HSS-8060490
207292,HSS-8073715
147773,HSS-8074023
74725,HSS-8057900
240583,HSS-8086565
160210,HSS-8062123
96750,HSS-8060486
191019,HSS-8057901
175904,HSS-8060978
40128,HSS-8061407
47491,HSS-8060492
229222,HSS-8083616
232832,HSS-8084076
50958,HSS-8074020
256430,HSS-8092332
42074,HSS-8074010
129497,HSS-8074012
74555,HSS-8074018
95271,HSS-8062122
71112,HSS-1041635
998,HSS-8023560
22154,HSS-8071527
53800,HSS-8060487
123179,HSS-1036378
97971,HSS-8057897
192405,HSS-8057898
135053,HSS-1042528
154989,HSS-1041681
22827,HSS-8026909
194107,HSS-8027373
191374,HSS-8066642
160870,HSS-8074762
202366,HSS-1992438
227375,HSS-1045350
33706,HSS-8061426
72845,C018811
139563,HSS-8079906
171737,HSS-8073701
162720,HSS-8078521
244842,HSS-8090541
244837,HSS-8090540
227649,HSS-8093833
97098,HSS-8074453
128598,HSS-8083346
111708,HSS-8017017
140325,HSS-8078616
250663,HSS-1903192
19693,HSS-8074095
149496,HSS-8075661
164132,
240543,HSS-8086590
240552,HSS-8086591
234714,HSS-8086588
238066,HSS-8086589
240573,HSS-8086587
167734,HSS-8027128
66762,HSS-1020573
253903,HSS-1049038
230592,HSS-1045662
189883,HSS-8067578
253926,HSS-1049037
19790,HSS-8061952
143273,HSS-8060192
100331,HSS-8025054
18640,HSS-8081104
252046,HSS-8091944
166824,HSS-8069587
245534,HSS-8089141
260269,HSS-8092008
256260,HSS-8091591
256257,HSS-8091596
235408,HSS-8090944
29812,HSS-8082013
87346,HSS-8014543
235393,HSS-8089788
249441,HSS-8090760
8675,HSS-1027523
204726,HSS-8057896
244044,HSS-8089003
203892,HSS-1036961
162705,HSS-8061956
142585,HSS-8061959
229122,HSS-8084106
141024,HSS-8061957
2311,HSS-8081042
63710,HSS-8081050
17555,HSS-8081037
85697,HSS-8081038
142682,HSS-8081039
136289,HSS-8081035
24723,HSS-8081032
53109,HSS-8081045
143490,HSS-8081033
230978,HSS-8083696
49088,HSS-8081040
173518,HSS-8081044
36790,HSS-8081046
4698,HSS-8081047
185651,HSS-8081036
95412,HSS-8081043
63711,HSS-8081048
183185,HSS-8081049
92621,HSS-8078955
70713,HSS-1042773
240727,HSS-8088090
241732,HSS-8086791
256421,HSS-8092936
15895,HSS-8027389
155999,HSS-1042772
78319,HSS-8078939
160288,HSS-8078941
86432,HSS-1038083
230374,HSS-1046114
249865,HSS-8091127
109885,HSS-8069174
168127,HSS-8026022
228141,HSS-8093574
126978,HSS-1042131
116383,HSS-8027568
182625,HSS-8065845
203687,HSS-8065868
20916,HSS-8072533
247779,HSS-8091064
252068,HSS-8092012
77874,HSS-8067575
61542,HSS-8060272
238983,HSS-1046991
65868,HSS-8060253
101396,HSS-8069516
144567,HSS-8074635
192223,HSS-1022261
254507,HSS-8092013
25220,HSS-8083340
22556,HSS-8058029
150343,HSS-8081082
52100,HSS-1992499
94163,HSS-8081105
94692,HSS-8058165
178782,HSS-8081089
238173,HSS-1046204
116734,HSS-8069515
148076,HSS-8024784
179284,HSS-8072772
143005,HSS-8025895
140921,HSS-8027391
173325,HSS-8067568
74618,HSS-1984388
251694,HSS-1049937
40031,HSS-8083339
121285,HSS-1031768
47550,HSS-8072773
254132,HSS-8091183
257525,HSS-1110562
244243,HSS-8089009
134133,HSS-8073724
155886,HSS-8076672
67458,HSS-8076443
237412,HSS-8087004
76759,HSS-8070889
131535,HSS-8070887
257554,HSS-8094613
249746,HSS-8091679
163687,HSS-8027558
70302,HSS-8066795
256822,HSS-8093067
248079,HSS-8092489
206930,HSS-1035204
8499,HSS-8065880
75191,HSS-8070872
101728,HSS-8070873
102102,HSS-8065872
77046,HSS-1043056
173302,HSS-8060604
15518,HSS-8058397
234557,HSS-1997613
151292,HSS-1036263
230627,HSS-8093722
238959,HSS-1047015
230802,HSS-8093281
170657,HSS-8080158
50044,HSS-8074561
235306,HSS-8093287
94722,HSS-8074557
229689,HSS-8093868
228854,HSS-8093871
157929,HSS-8060260
52826,HSS-1044582
107204,HSS-8022570
59130,HSS-1041577
238409,HSS-1998255
112283,HSS-8058489
199073,HSS-1044527
45855,HSS-8083356
79036,HSS-8025236
84136,HSS-8058152
3231,HSS-8081168
79430,HSS-8066357
127114,HSS-8058031
164368,HSS-1961988
238362,HSS-1998245
42918,HSS-8058885
56553,HSS-1040069
173960,HSS-8058188
238400,HSS-1998297
185159,HSS-8076417
228568,HSS-1045834
225176,HSS-8083837
233199,HSS-8094353
233221,HSS-8094356
172843,HSS-8080328
228951,HSS-8083180
82517,HSS-8078936
256405,HSS-8092698
32477,HSS-8070604
144881,HSS-8025645
206256,HSS-8065469
90119,HSS-1035203
1597,HSS-8078894
116804,HSS-8078631
75260,HSS-8065849
160696,HSS-8071158
95693,HSS-8071723
250812,HSS-8092615
69787,HSS-8071750
237213,HSS-8087221
233343,HSS-1045757
80953,HSS-1044027
24259,HSS-8071536
188234,HSS-8067900
166120,HSS-8023552
250970,HSS-1049774
47184,HSS-8071531
230045,HSS-1045142
237451,HSS-1046567
161833,HSS-1042594
129093,HSS-8067906
204773,HSS-8067904
138464,HSS-8067905
140039,HSS-8067909
233579,HSS-1045879
96852,HSS-8067897
236207,HSS-1046686
6042,HSS-8067895
149205,HSS-8067901
132078,HSS-8067902
76795,HSS-8081959
61196,HSS-8023544
75574,HSS-8023540
107128,HSS-8067908
123084,HSS-1042479
257595,HSS-8093658
184384,HSS-8071530
197800,HSS-1031666
179220,HSS-8066625
99911,HSS-8074764
24685,HSS-8074613
234063,HSS-8085306
190664,HSS-8070366
247757,HSS-8089804
124463,HSS-1035906
195854,HSS-8079369
107695,HSS-8079364
22334,HSS-8079367
170490,HSS-8071177
152101,HSS-1992435
62467,HSS-8074467
36944,HSS-8082012
110647,HSS-8070092
237393,HSS-8087688
250700,HSS-1903165
235271,HSS-8093371
230989,HSS-8086392
248303,HSS-8091880
173565,HSS-8073415
230865,HSS-8086414
151462,HSS-8060255
89833,HSS-8060983
77492,HSS-8062350
103801,HSS-8070107
40946,HSS-8082055
152228,HSS-8068516
85016,HSS-1031467
250583,HSS-1049425
192489,HSS-1044007
180636,HSS-8061019
238391,HSS-1998287
238412,HSS-1998250
163348,HSS-8058170
89422,HSS-8058471
202070,HSS-8069545
26546,HSS-1033727
173966,HSS-8065325
8089,HSS-8065326
127247,HSS-8065322
194488,HSS-8068209
81000,HSS-8080862
86374,HSS-1036753
53754,HSS-1044159
24650,HSS-8078267
233339,HSS-1045756
248337,HSS-8091529
196556,HSS-8071537
187502,HSS-8069177
11536,HSS-1029450
230357,HSS-1045112
179827,HSS-1028528
120175,HSS-1044869
157787,HSS-1037596
250650,HSS-1048508
60094,HSS-1971408
238953,HSS-8089112
84749,HSS-8018794
191669,HSS-8059608
166015,HSS-1026450
237143,HSS-1046681
172226,HSS-1040009
1557,HSS-1034187
69372,HSS-1041187
5433,HSS-1041186
238975,HSS-1047002
237124,HSS-1047005
238807,HSS-1047020
225673,HSS-8082292
96811,HSS-1041188
228986,HSS-8082296
201477,HSS-1041170
149253,HSS-1042514
185743,HSS-8061193
134959,C003979
233218,HSS-8094488
179793,HSS-8065203
9131,HSS-8061198
153143,HSS-8081872
14733,HSS-8025952
235411,HSS-8087214
178627,HSS-8069364
45580,c011834
188964,HSS-8061205
2541,HSS-8025953
51094,C010242
70879,HSS-8061196
933,HSS-8025950
38209,HSS-1038562
62320,HSS-1038748
60579,HSS-1042522
167603,HSS-1042517
11344,HSS-1042523
42018,HSS-1042516
205206,HSS-1042513
139981,HSS-1043367
240554,HSS-1998543
189143,HSS-1042512
240626,HSS-1998542
171270,HSS-1042524
173503,HSS-1038441
170291,HSS-8080770
73548,HSS-8080775
182505,HSS-8059471
225198,HSS-8084287
261860,HSS-8092633
256390,HSS-1111333
256346,HSS-1111332
249670,HSS-8091521
191336,HSS-1041075
179937,HSS-8072934
234001,HSS-8085063
234120,HSS-8085045
59551,HSS-1042642
250437,HSS-1048084
237493,HSS-1047123
250553,HSS-1048085
250571,HSS-1048077
236997,HSS-1047124
237183,HSS-1047125
233954,HSS-8085058
124815,HSS-8081707
154017,HSS-6001448
123224,HSS-8081704
28525,HSS-8081700
119361,HSS-8081698
229227,HSS-8093989
247154,HSS-1047902
238980,HSS-8087247
240172,HSS-1046200
182318,HSS-1036732
250761,HSS-8090561
128333,HSS-8072931
250447,HSS-8092289
22168,HSS-8074398
191184,HSS-8074353
238458,HSS-1998333
238463,HSS-1998334
148093,HSS-8059660
109682,HSS-8059664
41539,HSS-8059658
66045,HSS-8059655
124918,HSS-8059650
171431,HSS-8071745
103831,HSS-8078678
233945,HSS-8086969
89707,HSS-1973611
249430,HSS-1048522
120315,HSS-1039905
249664,HSS-8091509
109755,HSS-8061697
242905,HSS-1047228
230923,HSS-8093265
78683,HSS-8059596
120188,HSS-1043522
11121,HSS-8061928
121038,HSS-8060521
232826,HSS-8091952
147466,HSS-1039291
238419,HSS-1998345
200106,HSS-8060169
186794,HSS-8076674
170742,HSS-1035856
240577,HSS-1046957
29031,HSS-1042222
46969,HSS-8074418
83049,HSS-8069354
189351,HSS-1034871
18075,HSS-8078903
164457,HSS-8078866
904,HSS-8065687
124771,HSS-8078871
246030,HSS-8089527
79091,HSS-8026067
98031,HSS-1037498
133132,HSS-8023583
195275,HSS-8078905
62545,HSS-8078872
109655,HSS-8077203
10972,HSS-8077192
43434,HSS-8081962
106668,HSS-1044162
233856,HSS-1045945
130375,HSS-8078907
146391,HSS-8065685
131590,HSS-8078865
265815,HSS-8092702
176297,HSS-8065691
193911,HSS-8078898
265777,HSS-8092701
25877,HSS-8065686
10218,HSS-8023730
229576,HSS-8065785
79261,HSS-1037500
200319,HSS-1037499
169675,HSS-1037504
152493,HSS-1037503
21029,HSS-1037502
19584,HSS-1037482
78840,HSS-8078867
149254,HSS-1037495
196888,HSS-8077204
90641,HSS-8026168
249612,HSS-8091857
185187,HSS-8026169
156706,HSS-8026165
158201,HSS-8026163
107028,HSS-8026162
13170,HSS-8026164
155010,HSS-8026161
146918,HSS-8026183
27406,HSS-8026166
85175,HSS-8026167
9136,HSS-1029442
18903,HSS-8023921
85354,HSS-1038972
159171,HSS-1038971
174117,HSS-8058319
100713,HSS-1035861
111110,HSS-1044320
70556,HSS-8058315
190743,HSS-8058318
235588,HSS-8087956
236664,HSS-8087958
156892,HSS-8023920
91829,HSS-1038970
256765,HSS-8093919
152040,HSS-8068922
201976,HSS-8068920
75551,HSS-8074945
57997,HSS-8074943
228399,HSS-8084535
227622,HSS-8084533
228496,HSS-8084534
227659,HSS-8084536
203632,HSS-8066562
192569,HSS-8079319
49451,HSS-8079320
162123,HSS-8072879
200500,HSS-8066566
88972,HSS-8066567
185329,HSS-8074867
178376,HSS-8066559
67308,HSS-8066553
45804,HSS-8066565
191667,HSS-8066561
91537,HSS-8066554
63964,HSS-8066560
31402,HSS-8079318
57167,HSS-8066557
247317,HSS-8090356
248281,HSS-8090357
88856,HSS-8072877
163491,HSS-8072880
101304,HSS-8066563
66180,HSS-8066558
188870,HSS-8079323
157773,HSS-8058316
67851,HSS-8071166
154211,HSS-8071168
132034,HSS-8071731
201605,HSS-8071736
128180,HSS-8071733
77237,HSS-8071741
56625,HSS-8071746
13129,HSS-8067346
22536,HSS-8071744
59939,HSS-8067350
191487,HSS-8071737
205713,HSS-8074069
234729,HSS-1046543
73377,HSS-8061256
144270,HSS-8073402
248936,HSS-1048228
250690,HSS-1048256
247213,HSS-8089782
250760,HSS-8090460
88251,HSS-8015057
233902,HSS-1046524
192610,HSS-8069332
70671,HSS-1043375
29147,HSS-1044362
229938,HSS-8082344
120643,C003940
179288,HSS-8026159
144738,HSS-8025545
50264,HSS-8025556
254075,HSS-1049558
249574,HSS-8091878
41753,HSS-8072926
225655,HSS-1048384
103359,HSS-8027571
237667,HSS-8087462
205845,HSS-8080555
178152,HSS-8071760
188339,HSS-8058895
149343,HSS-8080556
42497,HSS-8068169
179470,HSS-8069539
59823,HSS-1043145
230705,HSS-8086331
230125,HSS-8085268
131762,HSS-8065833
62470,HSS-8071711
149864,HSS-8065831
60989,HSS-8073540
191886,HSS-8025822
42035,HSS-8059818
63124,HSS-1042637
12976,HSS-8059826
48833,HSS-8026635
65256,HSS-8068487
28844,HSS-8059815
52847,HSS-8026634
139174,HSS-8026638
115251,HSS-8026636
187914,HSS-1043699
55942,HSS-8070935
227389,HSS-8082914
66312,HSS-8072727
157218,HSS-8059981
247784,HSS-8090098
76183,HSS-1013637
100489,HSS-8058150
190585,HSS-8081086
54966,HSS-1041240
54349,HSS-8025800
143592,HSS-8058035
111069,HSS-8017912
71655,HSS-8022573
146438,HSS-8025798
947,C005744
97923,HSS-1042270
99999,HSS-8070941
151634,HSS-1044453
124016,HSS-1043374
79849,HSS-8074348
155194,HSS-8069595
174571,HSS-8059836
150538,HSS-1017782
68165,HSS-8076706
22191,HSS-1034386
21814,HSS-8076710
187937,HSS-8027360
155884,HSS-8076709
247744,HSS-8090005
247788,HSS-8090002
256807,HSS-8093123
240544,HSS-8086594
146641,HSS-1034385
240578,HSS-8086595
240575,HSS-8086596
240567,HSS-8086597
240555,HSS-8086593
143532,HSS-1022187
99313,HSS-1034387
180040,HSS-8026043
195674,HSS-1044630
1353,HSS-8071509
29975,HSS-8076708
43290,HSS-1034383
113765,HSS-8071510
162442,HSS-8071508
240969,HSS-1046485
135826,HSS-1033299
140986,HSS-8023929
191315,HSS-8026293
245526,HSS-8089273
228280,HSS-8084571
245488,HSS-8089275
13575,HSS-8064808
228940,HSS-8084608
128379,HSS-1036639
21153,HSS-8074712
178915,HSS-8074780
227912,HSS-8084602
230912,HSS-8085545
228885,HSS-8085548
133610,C004663
137509,C004668
234734,HSS-8084597
138302,C004670
151224,C004667
63378,C004673
149585,C004679
136965,HSS-8074936
8485,C004678
9234,C004664
4577,HSS-8074937
228547,HSS-8084613
233843,HSS-8084599
135993,HSS-8027562
248298,HSS-8090365
257834,HSS-8093765
225097,HSS-8084036
235543,HSS-1047106
71820,HSS-8060526
47602,HSS-8078085
38823,HSS-8078089
241733,HSS-8088301
257886,HSS-8093734
236992,HSS-1047069
237103,HSS-8087922
127529,HSS-1040649
236159,HSS-8087924
83979,HSS-1031315
9277,HSS-1031312
240726,HSS-8087925
187655,HSS-1031314
45633,HSS-8079554
70755,HSS-8079574
35821,HSS-8066415
124224,HSS-1045365
25376,HSS-1045364
140750,HSS-8061228
233912,HSS-8085259
246064,HSS-1047789
159154,HSS-8016621
112483,HSS-8079594
191039,HSS-8061229
246888,HSS-8089783
90869,HSS-8059595
76022,HSS-8074554
233938,HSS-8085289
238794,HSS-1046987
84259,HSS-8079596
75410,HSS-8079568
246044,HSS-1047722
134517,HSS-8079569
70810,HSS-8022574
57879,HSS-8069568
43177,HSS-8058304
132567,HSS-8058144
52438,HSS-8058147
130374,HSS-8058171
112474,HSS-8058142
57599,HSS-8058172
161180,HSS-8058146
43012,HSS-8058176
187687,HSS-8058174
228251,HSS-1994403
94587,HSS-1994414
228375,HSS-1994424
229271,HSS-1994426
226536,HSS-1994416
230034,HSS-1994422
107673,HSS-8061890
232763,HSS-8092747
245476,HSS-8089270
37646,HSS-1036537
95745,HSS-1974093
185818,HSS-8014404
240678,HSS-8086386
236408,HSS-8087742
230849,HSS-8085350
32968,HSS-1040318
257242,
240551,HSS-8086416
237274,HSS-8087762
237401,HSS-8087748
161416,HSS-8069325
163936,C010241
237096,HSS-8087770
108557,HSS-1976104
235846,HSS-8087734
237637,HSS-8087192
237191,HSS-8087768
48630,HSS-1976105
240546,HSS-8086415
94200,HSS-1976106
174217,HSS-8071224
245506,HSS-8089139
111365,HSS-8022572
96113,HSS-1041579
112642,HSS-8069522
124852,HSS-8025807
67235,HSS-8061171
186421,HSS-8083344
36374,HSS-8058169
119847,HSS-8024069
134063,HSS-8069506
196137,HSS-8067569
198232,HSS-8081174
84879,HSS-8083353
45655,HSS-8058156
122056,HSS-8058177
122397,HSS-8025799
106721,HSS-1035909
76151,HSS-8072769
238420,HSS-1998351
7384,HSS-8025383
10481,HSS-8072765
24344,HSS-8058181
39795,HSS-8070933
113214,HSS-8024062
191534,HSS-8058158
18451,HSS-8060267
233344,HSS-1045761
97956,HSS-8025355
189930,HSS-8074451
113192,HSS-8082016
251203,HSS-1110039
44660,HSS-8065202
12,HSS-8065364
156999,HSS-8065376
229901,HSS-8084325
98477,HSS-8068722
192003,HSS-8068725
37615,HSS-8068724
142030,HSS-8068723
50959,HSS-8068726
108000,HSS-1019951
257471,HSS-8092849
104605,
265809,HSS-8092850
152192,HSS-1019943
250802,HSS-8092448
61320,HSS-8081418
155339,
235247,HSS-8085947
116685,HSS-8081417
237722,HSS-8087178
247745,HSS-8090099
247783,HSS-8090097
53349,HSS-8081419
107400,HSS-1042775
249840,HSS-8091474
128946,HSS-8079595
3498,HSS-8074580
119302,HSS-8079584
58565,HSS-8079605
128117,HSS-8079551
83780,HSS-8079550
22620,HSS-8061222
74558,HSS-1041617
28044,HSS-8078293
225660,HSS-8082280
187559,HSS-1033133
12970,HSS-8079601
235321,HSS-1049285
190529,HSS-8066876
240340,HSS-8085646
57675,HSS-8069342
106421,HSS-8059802
126799,HSS-1022256
78984,HSS-8070387
85994,HSS-1034883
10492,HSS-1033364
238785,HSS-8088856
249440,HSS-8090861
87392,HSS-8081387
124071,HSS-8081394
122846,HSS-8081382
1799,HSS-1033717
57856,HSS-8078266
119468,HSS-8078264
256428,HSS-8092083
257769,HSS-1111320
163267,HSS-8081390
131013,HSS-8081388
157801,HSS-1042146
231007,HSS-8085944
227856,HSS-8084294
249433,HSS-8090860
249805,HSS-8091680
181067,HSS-8075933
140400,HSS-8081399
165508,HSS-8081386
237521,HSS-8088839
237110,HSS-8087169
237276,HSS-8088840
237324,HSS-8087168
176379,HSS-1031475
227582,HSS-8084296
256414,HSS-8092086
138731,HSS-8081398
237629,HSS-8087173
238972,HSS-8087174
236376,HSS-8088443
235820,HSS-8087176
64022,HSS-8081384
27649,HSS-8081402
46573,HSS-1044223
256406,HSS-8092084
256349,HSS-8092085
183776,PC076162
47928,HSS-8059056
64792,HSS-8071793
146276,C009766
238427,HSS-1998326
141303,HSS-8071815
145107,HSS-8082345
2414,HSS-8074552
238445,HSS-1998317
175432,HSS-1042520
227412,HSS-8083145
120321,HSS-8078943
133112,HSS-8078938
76998,HSS-8070626
76564,HSS-8077182
234038,HSS-8086804
204094,HSS-1035200
99677,HSS-1038082
247762,HSS-8090106
88176,HSS-1008578
237873,HSS-8087730
153019,HSS-8071796
41039,HSS-8080804
99888,HSS-8079602
196446,HSS-8080523
75566,HSS-8061487
15294,HSS-1037386
67286,HSS-8068962
191405,C004606
230897,HSS-8085647
247557,HSS-8090648
253919,HSS-8092280
229261,HSS-1110423
155226,HSS-1032364
241703,HSS-1046631
150384,HSS-8061172
45505,HSS-1992542
168340,HSS-1992541
230710,HSS-8085940
113050,HSS-8061174
3061,C008334
154501,HSS-8060574
249459,HSS-8090658
249451,HSS-8090659
249807,HSS-8091860
160399,C004635
62194,HSS-1037378
105875,C004626
30879,C004607
135548,C004605
158492,HSS-8067349
170576,HSS-8076695
190938,HSS-8068963
13573,HSS-8066861
44078,HSS-8066856
85788,HSS-8066880
196332,HSS-8066860
196680,HSS-8066883
40536,HSS-8066887
145615,HSS-8068952
141724,HSS-8025549
25835,HSS-8066886
99671,HSS-8026154
78381,HSS-8066851
149396,HSS-8068930
162841,HSS-8066881
254261,HSS-8092398
254263,HSS-8092396
3291,HSS-8026186
248502,HSS-8091858
70616,HSS-8022917
248124,HSS-8091523
106872,HSS-8079408
250476,HSS-1049394
231066,HSS-8086384
256812,HSS-8093062
244820,HSS-8090942
229335,HSS-8093864
34868,HSS-8079635
129478,HSS-8024099
228371,HSS-8093865
168788,HSS-8080780
231123,HSS-8093262
141297,HSS-8061729
140262,C004627
153616,HSS-8068961
189505,HSS-8068925
247104,HSS-8090626
174429,HSS-8021830
90266,HSS-1043592
197567,HSS-8027572
135500,HSS-1961967
247760,HSS-8090105
235333,HSS-8093456
89674,HSS-8073392
173057,HSS-8072925
233930,HSS-8085543
143336,HSS-8027554
36383,HSS-8025215
157751,146700
159037,C010176
40540,HSS-8071810
73360,HSS-1034337
128454,HSS-1033520
247767,HSS-8089793
247796,HSS-8089794
95120,HSS-8060597
240624,HSS-1998428
230707,HSS-8085621
205301,HSS-8074892
249408,HSS-8090761
114791,C003159
249834,HSS-8091380
235973,HSS-8087505
64187,HSS-8027527
80886,HSS-8079383
33958,HSS-8060553
248255,HSS-8090466
248239,HSS-8090467
246085,HSS-1047732
159533,HSS-8072026
257482,HSS-8093883
246109,HSS-1047723
265802,HSS-8093880
235301,HSS-8093458
230993,HSS-8093374
256900,HSS-8093293
199676,C011416
256886,HSS-8093292
256887,HSS-8093294
170569,C009649
11546,HSS-8078614
115662,HSS-1044336
96937,HSS-8027680
199996,HSS-8065329
45368,HSS-8071749
143091,HSS-8066033
171459,HSS-8076163
173917,HSS-8076149
81004,HSS-1030022
68436,HSS-8070116
87559,HSS-1037291
44662,HSS-8024545
43726,HSS-8076148
60797,HSS-8022682
102095,HSS-1033522
87294,HSS-8060606
133530,HSS-8076203
184080,HSS-8026783
137072,HSS-1035918
47385,HSS-1038077
238963,HSS-1047029
250661,HSS-1048306
135011,HSS-8076155
72184,HSS-8076152
68894,HSS-8076211
26670,HSS-8026987
31124,HSS-8024674
106901,HSS-8076207
117300,HSS-8060624
52610,HSS-8072338
80863,HSS-1039136
111526,HSS-1961966
112524,HSS-8061726
240314,HSS-8086395
19530,HSS-1973743
231966,HSS-8086353
230810,HSS-8086418
45310,HSS-8072336
3905,HSS-1988130
235297,HSS-8093457
140574,HSS-8059599
230806,HSS-8086354
257443,HSS-1111236
235279,HSS-8093454
235322,HSS-8093455
204577,HSS-8058053
20193,HSS-8086344
40073,HSS-1961990
23202,HSS-8074564
254094,HSS-1049571
254220,HSS-8092221
145217,HSS-8074565
5357,HSS-8061721
230833,HSS-8086396
39557,HSS-8076215
230907,HSS-8093289
231109,HSS-8093286
73516,HSS-8074562
235309,HSS-8093288
234154,HSS-8085283
141263,HSS-8061243
90558,HSS-8082347
40127,HSS-8079578
101147,HSS-8080805
227945,HSS-8085072
79729,HSS-1042843
201001,HSS-8069599
34256,HSS-8069604
237920,HSS-8087450
248229,HSS-1048367
256879,HSS-1110816
179204,C004649
205817,C004634
133951,C004637
180745,C004631
36648,HSS-8066819
62864,HSS-8027550
147195,HSS-8066845
200891,HSS-8059300
137772,HSS-8020549
112932,HSS-8059299
249882,HSS-1048599
137108,HSS-8070635
109789,HSS-8078940
257741,HSS-1111234
74538,HSS-8065827
120685,HSS-8065836
143525,HSS-8065829
5360,HSS-8073538
71107,HSS-8072551
40988,HSS-8079405
98881,HSS-8074711
31771,HSS-8074903
154194,HSS-8074714
113577,HSS-8074902
137663,HSS-8074719
107445,HSS-8068940
16761,C004651
74981,HSS-8072552
192957,HSS-8072553
97319,HSS-8074715
202705,HSS-8066572
99991,HSS-8022883
116431,HSS-8066569
102698,HSS-8066570
229875,HSS-8085078
198035,HSS-8024387
69521,HSS-8027576
25433,HSS-8074716
38723,HSS-8074900
238026,HSS-8087522
228495,HSS-8085070
238033,HSS-8087524
82253,HSS-8081385
235110,HSS-8085946
227923,HSS-8085943
200749,HSS-1037724
90740,HSS-1038222
142471,HSS-8081396
97213,HSS-1036955
22382,HSS-8081380
197226,HSS-8081397
21460,HSS-8078331
20819,HSS-8081423
168655,HSS-8081422
249431,HSS-8090880
249468,HSS-8090879
249413,HSS-8090885
249462,HSS-8090886
244141,HSS-8088844
236528,HSS-8087180
164306,HSS-8078284
166885,HSS-8078283
27810,HSS-8078285
85621,HSS-8078282
252072,HSS-8092094
244600,HSS-8090883
244737,HSS-8090870
247108,HSS-8089655
247067,HSS-8089656
260670,HSS-8092093
247746,HSS-8090100
236466,HSS-8087181
244260,HSS-8088843
37529,HSS-8078262
97378,HSS-8069793
251233,HSS-8092366
68443,HSS-1035397
170532,HSS-8059657
238799,HSS-1047361
201769,HSS-8069800
167919,HSS-1041696
51319,HSS-8076928
74571,HSS-8069801
45747,HSS-8068264
74205,HSS-8069799
62527,HSS-8075447
87522,HSS-8069794
108098,HSS-8068258
68185,HSS-8075448
50540,HSS-8059666
36412,HSS-8075442
65115,HSS-1034969
33960,HSS-8075446
54490,HSS-8059659
834,HSS-8059833
37778,HSS-8059830
29073,HSS-8069592
133463,HSS-8081076
154215,HSS-8059838
52689,HSS-8081133
257494,HSS-8093781
246039,HSS-8089423
204772,HSS-8065852
100723,HSS-8071707
26795,HSS-8071149
117615,HSS-8071724
73862,HSS-8078619
53236,HSS-8065847
118521,HSS-1032221
171435,HSS-8079590
195079,HSS-8061261
124211,HSS-8061651
250713,HSS-1048350
161741,HSS-8079654
12108,HSS-8080838
148916,HSS-8061650
116862,HSS-1043913
247203,HSS-1047892
67381,HSS-1034886
34820,HSS-1044572
89910,HSS-8069563
45743,HSS-8082334
134879,
28275,HSS-8024570
58790,HSS-8061656
48879,HSS-8058044
137370,HSS-1033732
136582,HSS-8061644
47291,HSS-1026462
117216,HSS-8082330
63217,HSS-8067398
146722,HSS-8061642
40355,HSS-1032717
114897,HSS-8067397
121260,HSS-1031826
30468,HSS-1985104
27872,HSS-8082333
7412,HSS-1037493
19463,HSS-8069333
238887,HSS-1047413
5881,HSS-8018665
4752,HSS-8010137
240170,HSS-1046196
20463,HSS-8069571
235246,HSS-1046274
237514,HSS-8088471
1093,HSS-8069558
17111,HSS-8071252
90158,HSS-8078923
256755,HSS-8094000
151959,HSS-1991930
192658,HSS-8059457
87472,HSS-8059454
29091,HSS-8078690
20312,HSS-8070845
102973,HSS-8070836
230633,HSS-8082839
40034,HSS-8078699
9154,HSS-8078701
230162,HSS-8093879
234558,HSS-1997593
250559,HSS-8092218
234561,HSS-1997606
229136,HSS-8093866
234540,HSS-1997577
236233,HSS-8088479
244564,HSS-8090940
237828,HSS-8087692
163145,HSS-8075377
244794,HSS-8091453
244826,HSS-8090553
244777,HSS-8091456
42008,HSS-8059829
238836,HSS-1046881
149340,HSS-8059828
238044,HSS-8088094
148120,HSS-8074354
234575,HSS-1997626
244587,HSS-8090928
227730,HSS-8093876
234571,HSS-1997588
162249,C003924
250956,HSS-1110032
256385,HSS-1111261
234064,HSS-8085281
124498,HSS-8059980
180771,HSS-1034873
205040,HSS-8081034
36094,HSS-1979441
149793,HSS-1979446
134784,HSS-1979437
43923,HSS-8065850
263105,HSS-1111211
257571,HSS-1111132
148928,HSS-8073541
64041,HSS-1037412
17869,HSS-8074906
111572,HSS-8066843
57981,HSS-1044511
246093,HSS-1047744
205324,HSS-8025038
84024,HSS-8065861
257873,HSS-1111133
111941,HSS-8071721
17560,HSS-8071161
44740,HSS-1043424
253901,HSS-8091873
238043,HSS-8087445
249660,HSS-8091877
229599,HSS-8085084
229754,HSS-8085075
245459,HSS-8089308
257536,HSS-8093769
249749,HSS-8091876
250561,HSS-8091077
188085,HSS-8070885
229537,HSS-8084277
245517,HSS-8089130
111463,HSS-8078305
81346,HSS-8080826
146367,HSS-8024250
113303,HSS-8061725
240325,HSS-8086394
237910,HSS-8087773
46924,HSS-8058054
12449,HSS-8072331
97503,HSS-8072292
36160,HSS-8080831
167777,HSS-8070831
89393,HSS-8070835
114441,HSS-8026341
135060,HSS-8069855
67438,HSS-8026327
151061,HSS-8026347
11685,HSS-1042700
67441,HSS-8026346
139132,HSS-8066825
95814,HSS-8021961
203370,HSS-8059019
238955,HSS-8089163
5538,HSS-8078298
3428,HSS-8024660
148369,HSS-8074545
180261,HSS-8058063
175291,HSS-8080860
77110,HSS-8069566
234114,HSS-8085351
159577,HSS-8073412
75839,HSS-1961999
82550,HSS-1961998
84905,HSS-1961970
206485,HSS-8071804
234058,HSS-8086330
247339,HSS-8090103
31695,HSS-8025882
183532,HSS-5038302
239048,HSS-1046305
102842,HSS-8069328
126700,HSS-1042040
257781,HSS-8093754
245509,HSS-8089257
257816,HSS-8092773
236922,HSS-8089258
96166,HSS-1041535
73314,HSS-1985106
244859,HSS-8090923
33973,HSS-8074590
238354,HSS-1998327
123450,HSS-1985107
44278,HSS-8071229
141734,HSS-1992830
193165,HSS-8074559
238042,HSS-8087746
237822,HSS-8087771
247773,HSS-8089784
245511,HSS-8089128
170943,HSS-8061652
204124,HSS-1992829
190212,HSS-1985534
237357,HSS-8088487
240707,HSS-8087733
200927,HSS-1992831
235585,HSS-8087747
237690,HSS-8087736
129253,HSS-8072022
189083,HSS-8078446
235218,HSS-8086122
102883,HSS-8079347
228654,HSS-8084625
41735,HSS-8066556
256959,HSS-8093001
230459,HSS-8084628
12701,HSS-1042366
197070,HSS-1036531
162849,HSS-8072881
147665,HSS-1038112
18981,HSS-1034067
64113,HSS-1041958
169125,HSS-1038573
188379,HSS-1038572
256972,HSS-8093003
195463,HSS-1035691
256935,HSS-8093000
256934,HSS-8093002
40046,HSS-8070144
256945,HSS-8092999
257729,HSS-8093753
94264,HSS-8081625
230409,HSS-8082867
93481,HSS-8081626
228562,HSS-8082866
248289,HSS-8090355
18364,HSS-1041672
244808,HSS-8090964
257791,HSS-1111310
78605,C006963
256350,HSS-1111335
199681,C010143
117295,HSS-1990621
78696,HSS-8061708
184277,HSS-1033128
235158,HSS-8085921
152054,HSS-1033125
196601,HSS-8025971
176066,HSS-1033126
50277,HSS-8024792
139554,HSS-1038741
3626,HSS-8061706
235204,HSS-8085923
123690,HSS-8079642
25482,HSS-1038756
139975,HSS-1041575
240604,HSS-8087193
242906,HSS-1047222
39660,HSS-8061703
104529,HSS-8058481
231129,HSS-8093432
231017,HSS-8093441
235278,HSS-8093435
235355,HSS-8093445
65777,HSS-8066657
148376,HSS-8072886
52298,HSS-8072887
191308,HSS-8072888
38270,HSS-8077303
152396,HSS-8077302
4696,HSS-8077305
248213,HSS-8090337
14349,HSS-8072884
142663,HSS-8072883
118101,HSS-8066646
4182,HSS-8066645
118890,HSS-8072882
256757,HSS-8093918
248297,HSS-8090342
53108,HSS-8077301
90866,HSS-8066649
203391,HSS-8059296
189116,HSS-8068895
74712,HSS-8066656
110584,HSS-8059297
34996,HSS-8068890
194136,HSS-8068894
137838,HSS-8066650
17633,HSS-8072885
54741,HSS-8066655
50244,HSS-8066654
115410,HSS-8077299
125257,HSS-8068892
105353,HSS-8066651
165705,HSS-8066647
39883,HSS-8077361
137237,HSS-8066652
45057,HSS-8066648
169648,HSS-8068891
66464,HSS-8066653
180726,HSS-8077360
201799,HSS-8077362
154388,HSS-8025525
49079,HSS-1036543
96565,HSS-8018769
28486,HSS-8068889
127782,HSS-1988738
166337,HSS-1988737
199050,HSS-1041749
244590,HSS-8091768
123299,HSS-1988744
75892,HSS-1031096
136207,HSS-8079631
245540,HSS-8089126
124530,HSS-8080845
235327,HSS-8093267
235330,HSS-8093263
248278,HSS-8090465
244834,HSS-8090939
232000,HSS-8086385
28292,HSS-1042896
1990,HSS-8059927
44747,HSS-8079625
72530,HSS-8068237
231044,HSS-8093447
228122,HSS-8093878
124484,HSS-8079638
109846,HSS-8067651
21651,HSS-8079639
20639,HSS-8074588
201129,C004003
231078,HSS-8093266
230835,HSS-8093261
228627,HSS-8093877
9822,HSS-1044219
236934,HSS-8087766
205770,HSS-8073421
256787,HSS-8093054
235332,HSS-8093259
235318,HSS-8093439
118743,HSS-8067653
249681,HSS-1048873
110886,HSS-1022408
244591,HSS-8090869
244740,HSS-8090867
247112,HSS-8089639
234069,HSS-8089654
244770,HSS-8090864
90267,HSS-8076161
111864,HSS-8076206
88381,HSS-8026982
137533,HSS-8076159
11316,HSS-8026787
11521,HSS-8026981
26031,HSS-8026782
32912,HSS-8067597
73562,HSS-8082021
250520,HSS-8091979
101070,HSS-8073417
103911,HSS-8068466
12732,HSS-1043553
161580,HSS-8072291
234049,HSS-8085353
153928,HSS-1988131
240310,HSS-8086397
2213,HSS-1039657
95470,HSS-8078909
90094,HSS-1044015
163670,HSS-1041211
194234,HSS-1044300
179312,HSS-1044900
164036,HSS-8077197
236534,HSS-1046693
236098,HSS-1046663
257380,HSS-8092707
125260,HSS-1031764
265822,HSS-8092700
44850,HSS-8023727
108084,HSS-8083134
31459,HSS-8078884
14056,HSS-8078883
26190,HSS-8077194
44184,HSS-8078911
39401,HSS-1031760
30834,HSS-8025639
6795,HSS-8067589
125023,HSS-8059911
52275,HSS-8073097
170457,HSS-8069607
136628,HSS-8061223
82897,HSS-8078295
105476,HSS-8073395
239802,HSS-8085922
235329,HSS-8093274
157647,HSS-8023786
152495,HSS-8081379
57857,HSS-8078263
228292,HSS-8084291
204012,HSS-8079166
250975,HSS-1049772
168408,HSS-8070877
67029,HSS-8071819
142048,HSS-8080814
235222,HSS-1046393
235845,HSS-8088481
68929,HSS-8061241
60030,HSS-8081051
3838,HSS-8061253
158667,HSS-8079588
24645,HSS-8078297
123513,HSS-8061702
154427,HSS-8061254
199564,HSS-8071251
7375,HSS-8071243
20629,C015095
73776,HSS-8067605
100312,HSS-1039576
91072,HSS-8080125
122499,HSS-8068513
174734,HSS-1044482
36112,HSS-8060625
101626,HSS-8068493
26622,HSS-8076219
68902,HSS-8077605
21839,HSS-8026916
4697,HSS-1043755
229713,HSS-1045832
77950,HSS-8079936
76941,HSS-8067032
32707,HSS-1042750
201779,HSS-8021233
257857,HSS-1111311
247765,HSS-8090012
115144,HSS-8076635
101715,HSS-8067031
152804,HSS-8067030
74938,HSS-8074362
60519,HSS-8078441
115520,HSS-8072029
20872,HSS-8067594
130597,HSS-1031664
257332,HSS-8093118
97163,HSS-1033521
1537,HSS-8065509
234107,HSS-8085544
235206,HSS-8086793
77989,HSS-1037340
38747,HSS-1037419
249685,HSS-8091358
134823,C004609
82836,HSS-8068932
247332,HSS-8090350
138266,HSS-1044837
189071,HSS-1044852
117036,HSS-8077389
247288,HSS-8090349
247308,HSS-8090348
167718,HSS-8077386
124260,HSS-1042269
188860,HSS-1042268
236093,HSS-1046813
59129,HSS-1038943
65121,HSS-1040513
53570,HSS-1042282
234012,HSS-8085015
136772,HSS-1035001
229859,HSS-8085008
204666,HSS-8075444
546,HSS-8059651
106145,HSS-8070914
195914,HSS-8075441
79031,HSS-8070913
149433,HSS-8070916
50031,HSS-8070917
125542,HSS-8076927
133124,HSS-8070918
126432,HSS-8070919
165712,HSS-8059649
161555,HSS-8075443
79548,HSS-8070915
52595,HSS-8059663
137665,HSS-8059668
254234,HSS-8092311
79605,HSS-8066066
105664,HSS-8059662
107133,HSS-8059667
91197,HSS-8059665
46126,HSS-8059656
32522,HSS-8059654
18926,HSS-8059661
31717,HSS-8068260
234097,HSS-8085011
57234,HSS-1044376
233995,HSS-8085007
183728,HSS-8077388
233897,HSS-8085009
234121,HSS-1045957
233958,HSS-8085016
233917,HSS-8085012
230264,HSS-1045239
188346,HSS-1044892
228625,HSS-1045220
167938,HSS-1044828
185387,HSS-8077387
234147,HSS-8085013
134137,HSS-1040939
198304,HSS-1034795
185928,HSS-1040874
196086,HSS-1044330
127534,HSS-1045245
176022,HSS-1044357
131631,HSS-1044242
468,HSS-1044243
161005,HSS-1044245
90783,HSS-1044244
73006,HSS-1044241
183838,HSS-1044240
103990,HSS-1044239
128196,HSS-1044247
227785,HSS-8085010
234125,HSS-8085014
247300,HSS-8090347
250757,HSS-1048439
48210,HSS-8070876
48715,HSS-8065186
78299,HSS-8079163
13406,HSS-8065169
67523,HSS-8065174
5103,HSS-8065187
240274,HSS-1046209
237075,HSS-1046214
175646,HSS-8075113
205284,HSS-8079171
76163,HSS-1044128
250699,HSS-8090884
239729,HSS-8089651
110728,HSS-1044125
175043,HSS-8079169
55403,HSS-8059327
93199,HSS-1044126
49011,HSS-8065830
378,HSS-8065837
183622,HSS-8071713
36282,HSS-8065834
72556,HSS-8065828
132599,HSS-8071141
1685,HSS-8071142
87685,HSS-8071712
43773,HSS-1043233
146614,HSS-1044502
54588,HSS-1036451
38605,HSS-8071143
26191,HSS-1044359
257540,HSS-1111322
261746,HSS-8092530
98622,HSS-1044160
138705,HSS-8074550
173962,HSS-8073397
60281,HSS-1035749
249511,HSS-8090564
256824,HSS-8093051
119698,HSS-8061230
207450,HSS-8071798
246083,HSS-1047725
191967,HSS-1040982
17982,HSS-1041104
236550,HSS-1048082
231006,HSS-8084070
156822,HSS-8059308
225219,HSS-8084284
238948,HSS-1047596
257238,HSS-1111346
106533,HSS-8024400
91044,HSS-8067125
179434,HSS-8067124
138365,HSS-1035213
168187,HSS-8076677
263440,HSS-1111309
159969,HSS-8066018
70940,HSS-8070322
244848,HSS-8090535
181862,HSS-8066020
244788,HSS-8091450
244847,HSS-8090536
228385,HSS-8085861
66552,HSS-8066019
244789,HSS-8091451
73095,HSS-1041107
176502,C010256
207200,HSS-8075375
9276,HSS-8066021
248355,HSS-8091671
42926,HSS-8061232
199790,HSS-8076169
46944,HSS-8078617
88092,HSS-8065860
128938,HSS-1992536
123486,HSS-8081865
9756,HSS-1992535
61103,HSS-1992529
187742,HSS-1992539
238961,HSS-8087244
235326,HSS-8093264
130088,HSS-8079628
233942,HSS-8085340
20437,HSS-1044824
256895,HSS-8093222
55785,HSS-1038938
90112,HSS-1043843
19211,HSS-1975589
228499,HSS-8083155
45080,HSS-8080313
250758,HSS-8090628
44505,HSS-1041767
250563,HSS-8090651
5288,HSS-1040554
265774,HSS-8092790
61801,HSS-1037364
57476,HSS-8059171
1851,HSS-1042148
248332,HSS-1049127
5040,HSS-1043816
5442,HSS-8080516
38750,HSS-8080536
26703,HSS-1043826
175170,HSS-8082062
257626,HSS-1111210
151619,HSS-8079097
83647,HSS-1032286
238986,HSS-8087172
244769,HSS-8090866
247787,HSS-1903198
256425,HSS-8092082
178435,HSS-8071194
48245,HSS-8071195
15021,HSS-1039609
196996,HSS-8067402
233994,HSS-8085047
108714,HSS-8012626
2701,HSS-8016910
183029,HSS-1014718
178105,HSS-8012244
192093,HSS-8072936
225146,HSS-1045551
10811,HSS-8016915
32599,HSS-1036640
81550,HSS-1015290
27301,HSS-1041249
234013,HSS-8085056
228685,HSS-8085048
250624,HSS-1048281
103766,HSS-1037217
42850,HSS-1037242
76815,HSS-6001502
257468,HSS-1110637
251216,HSS-8092593
108321,HSS-8075701
241727,HSS-8086987
256929,HSS-8092890
184614,HSS-8059951
25226,HSS-1992414
227727,HSS-8082876
187836,HSS-8059960
230795,HSS-8085332
152331,HSS-1992571
153230,HSS-1039375
244843,HSS-8090557
238786,HSS-1047359
26649,HSS-8026150
136016,HSS-1964254
250717,HSS-8091236
235799,HSS-8088267
159166,HSS-1964249
236788,HSS-8088270
237417,HSS-8088269
10321,HSS-1034521
55343,HSS-8073514
160789,HSS-1037990
192398,HSS-1033721
61337,HSS-8026796
84702,HSS-8012536
147187,HSS-8026983
131259,HSS-1042782
250579,HSS-1048606
6063,HSS-1032507
36491,HSS-1042767
229601,HSS-8082884
186341,HSS-1033519
74377,HSS-1973764
238783,HSS-8088855
12323,HSS-8076205
104478,HSS-1037989
117954,HSS-1033722
57498,HSS-8066077
97753,HSS-8064988
34563,HSS-1042935
57538,HSS-8064982
6197,HSS-8064986
228108,HSS-8084556
226508,HSS-1045024
238047,HSS-8087751
67852,HSS-8072304
17275,HSS-1031975
229965,HSS-1045225
133550,HSS-1031973
167628,HSS-1032940
49162,HSS-1036612
87188,
250980,HSS-1049968
250731,HSS-1048188
252063,HSS-8091816
162353,HSS-8076444
188830,HSS-8079894
247064,HSS-8089525
200335,HSS-8080315
240623,HSS-8086833
102941,C009377
138683,HSS-8080563
73632,HSS-8024776
184425,HSS-8075162
245516,HSS-8089153
150401,HSS-8076908
99052,HSS-8025546
227382,HSS-8083115
49047,HSS-8058293
203811,HSS-8026173
227737,HSS-8084607
162855,HSS-8024913
197990,C008538
66018,C017778
157413,HSS-1044079
144246,HSS-8059154
254286,HSS-1904976
254312,HSS-1904967
254293,HSS-1904966
254272,HSS-1904962
175629,HSS-8061220
107340,HSS-1037459
202859,HSS-1044097
225187,HSS-8083648
142666,HSS-1032453
135840,HSS-1034416
59453,HSS-8071717
225247,HSS-1045589
183792,HSS-1032100
230801,HSS-8084078
199702,HSS-8079827
184629,HSS-8025613
41223,HSS-8060921
12130,HSS-8071461
15147,HSS-1034382
22194,HSS-1034482
145489,HSS-1030139
60821,HSS-8061235
61107,HSS-1042847
20875,HSS-8059055
196991,HSS-8061653
150900,HSS-8080809
37221,C003510
257851,HSS-1111134
89911,HSS-1033716
163838,HSS-1038388
129779,HSS-8077351
106676,HSS-8077343
233292,HSS-8089297
20457,HSS-8077321
148832,HSS-8077337
256927,HSS-8093011
240970,HSS-1046487
256913,HSS-8093220
195014,HSS-1038937
158426,HSS-8077356
55333,HSS-8077316
234130,HSS-8086982
8432,HSS-1031976
196487,HSS-8064854
205431,HSS-1038923
136899,HSS-1033715
89631,HSS-8077352
97508,HSS-8077370
29372,HSS-8077326
33862,HSS-8077344
176977,HSS-8077345
127365,HSS-8077315
17180,HSS-1040263
37607,HSS-8077340
49683,HSS-8077323
95226,HSS-8077368
44790,HSS-8077349
178157,HSS-8077350
78981,HSS-8077318
183488,HSS-8077338
70814,HSS-8077314
158504,HSS-8077342
101533,HSS-8077357
52824,HSS-8077324
119262,HSS-8077322
146525,HSS-8077329
48206,HSS-1042597
41564,HSS-8077328
100730,HSS-8077336
247325,HSS-1048050
100772,HSS-8077334
12842,HSS-8025526
107944,HSS-8077364
42389,HSS-8077319
246027,HSS-8089295
108772,HSS-8077355
156882,HSS-8077366
68981,HSS-1031486
145740,HSS-8077317
103132,HSS-8077353
150227,HSS-8077339
133044,HSS-8077347
19701,HSS-8077369
250487,HSS-8092069
45411,HSS-1037341
92715,HSS-8077367
144062,HSS-8077363
114781,HSS-8080840
230719,HSS-8085336
235840,HSS-8088480
227939,HSS-8085271
71146,HSS-8071148
57557,HSS-8071719
53548,HSS-8078621
166385,HSS-8078623
153144,HSS-8022411
83739,HSS-8024392
16556,HSS-1031667
61867,HSS-8074103
15529,HSS-1031673
241734,HSS-8087051
251214,HSS-8092594
237044,HSS-8088224
250702,HSS-1048327
235386,HSS-8088693
73392,HSS-1988141
74057,HSS-8066371
228700,HSS-8084867
26351,HSS-1030929
4318,HSS-8075955
186261,HSS-1039772
198363,HSS-8075872
157255,HSS-1037649
90438,HSS-8074192
237711,HSS-8087714
237177,HSS-8087713
237199,HSS-8087706
237725,HSS-8087705
229231,HSS-8084800
235848,HSS-8087716
228134,HSS-8084798
70120,HSS-1038687
228455,HSS-8084803
256909,HSS-8093178
251220,HSS-8092620
250777,HSS-8092617
82215,HSS-1040555
118321,HSS-1040840
114381,HSS-8078675
191605,HSS-1044274
256931,HSS-8093006
250473,HSS-1049339
73600,HSS-8066639
55634,HSS-8066628
83027,HSS-8074763
250505,HSS-1049422
150826,HSS-1039604
18971,HSS-8072539
119489,HSS-8066644
195882,HSS-8066640
162744,HSS-8066626
249814,HSS-8091066
200339,HSS-8072915
110946,HSS-8074777
249833,HSS-8091065
201797,HSS-8072538
144636,HSS-8072536
237642,HSS-8087516
113270,HSS-8072916
236863,HSS-8087515
235781,HSS-8087517
257434,HSS-1049355
115578,HSS-8066637
124395,HSS-8066641
250468,HSS-1049338
125809,HSS-1039647
22229,HSS-8072917
139020,HSS-8066638
237925,HSS-8087514
136456,HSS-8072532
70173,HSS-8066643
120412,HSS-8066627
234080,HSS-8085277
26490,HSS-1973589
227643,HSS-8083672
62040,HSS-8060998
45869,HSS-8081154
237387,HSS-8087934
237406,HSS-8087935
236392,HSS-8087936
65332,HSS-8071800
192170,HSS-8074555
238438,HSS-1998324
99187,HSS-1042256
176638,HSS-8026811
7953,HSS-8058323
74765,HSS-8058321
261829,HSS-8092443
195396,HSS-8075428
12580,HSS-8068243
238929,HSS-8089116
232825,HSS-8092427
238937,HSS-8089117
116786,HSS-8075427
241730,HSS-8086983
177179,HSS-1031992
22117,HSS-8073536
119623,HSS-8014607
234119,HSS-8086540
246017,HSS-8089496
234710,HSS-8086544
256828,HSS-8092883
238999,HSS-1046929
150320,HSS-1042396
108497,HSS-8024434
130113,HSS-8068965
234142,HSS-8086159
235560,HSS-1047270
17574,HSS-1038438
170341,HSS-8062324
179244,HSS-8022393
207408,HSS-8061412
250632,HSS-1048386
176771,HSS-1044425
65597,HSS-8059967
112224,HSS-8082826
250781,HSS-8092622
113705,HSS-8080538
205834,HSS-1024167
40277,HSS-1041618
159660,HSS-8065022
238885,HSS-1047551
257484,HSS-1110946
229108,HSS-1045297
250803,HSS-8092456
240977,HSS-1047109
241737,HSS-8087977
241735,HSS-8088512
233567,HSS-8086968
73995,HSS-8011158
103769,HSS-1985062
236710,HSS-1046740
231138,HSS-8083179
117440,HSS-1040958
234051,HSS-8084855
101127,HSS-8070926
193077,HSS-8073528
176785,HSS-8073527
181586,HSS-8026382
116235,HSS-1034480
201881,HSS-8069543
249677,HSS-1048797
142962,HSS-1040940
247770,HSS-1901224
180807,HSS-8026155
249558,HSS-8091238
12986,HSS-8069119
126483,HSS-8080791
237389,HSS-1047811
247312,HSS-1048045
65015,HSS-8062316
225686,HSS-8082561
47403,HSS-8060536
188351,HSS-8072115
103044,HSS-8082551
236500,HSS-1047067
143726,HC1Y2Q3
157585,HSS-1044597
180122,HSS-8059835
40738,HSS-8059916
248320,HSS-8091714
195952,HSS-8076630
14807,HSS-8076624
238894,HSS-8088992
19587,HSS-8076643
72996,HSS-8076626
147130,HSS-8076638
183608,HSS-8076631
249567,HSS-8091715
137447,HSS-8076636
90172,HSS-8076641
36441,HSS-8076645
119156,HSS-8076625
29908,HSS-8076634
139079,HSS-8076629
199054,HSS-8076633
120742,HSS-8076640
176371,HSS-8076627
240187,HSS-8086523
1909,HSS-8076628
238272,HSS-8086519
97130,HSS-8073272
240550,HSS-8086518
225719,HSS-8082663
246097,HSS-1047782
236924,HSS-8087938
226516,HSS-8082547
53614,HSS-8077831
140019,HSS-1039899
179751,HSS-8069179
154861,HSS-8069178
235853,HSS-8086854
197309,HSS-8069168
152546,HSS-1033146
125140,HSS-8072932
47672,HSS-8072929
257608,HSS-1110908
102127,HSS-8069171
83262,HSS-8067413
56129,HSS-8022688
244858,HSS-8090938
231965,HSS-8086389
87351,HSS-8058058
27876,HSS-8067658
250602,HSS-1049435
128549,HSS-8058064
230877,HSS-8086388
7281,HSS-8074563
142321,HSS-8058062
227697,HSS-8086387
151669,HSS-8067657
100234,HSS-8080859
19651,HSS-8070172
83270,HSS-1961968
167011,HSS-8080852
73375,HSS-1961969
21893,HSS-8080847
246053,HSS-8089565
167599,HSS-1040030
230177,HSS-1045446
84837,HSS-8058639
234073,HSS-8086121
97442,HSS-8072032
46635,HSS-1031470
82052,HSS-1034798
58282,HSS-8073658
2150,HSS-1035304
234508,HSS-8086123
40880,HSS-1035862
105278,HSS-1044008
37145,HSS-1030894
237219,HSS-8087203
115982,HSS-8060523
71376,HSS-8060525
31886,HSS-1040178
198264,HSS-8071450
144571,HSS-8060513
246013,HSS-8089498
193216,HSS-1040167
73733,HSS-1040175
246021,HSS-8089497
240574,HSS-8086543
101833,HSS-8060527
91440,HSS-8060514
192224,HSS-1040183
100593,HSS-8060524
193908,HSS-1040195
130718,HSS-8060512
78994,HSS-8059465
40188,HSS-8067097
2276,HSS-1040168
107006,HSS-1040204
53217,HSS-1040194
110775,HSS-1040174
8237,HSS-1040182
135943,HSS-1040177
122779,HSS-1040184
206666,HSS-8060566
237114,HSS-8087931
235566,HSS-8086850
6964,HSS-1971398
65222,HSS-1043043
84762,HSS-8058381
113981,C004621
196350,C004633
114792,C004648
61292,C004653
79244,C004618
193878,HSS-1043533
7664,HSS-1042699
11350,HSS-1037208
175758,HSS-8061880
55951,HSS-1031317
20999,HSS-1042533
67329,HSS-8075355
1269,HSS-8059614
60817,HSS-8075356
200353,HSS-8059629
144735,HSS-8075353
121542,HSS-8075362
162355,HSS-8075357
234007,HSS-8085253
201241,HSS-8069782
225631,HSS-8082304
117612,HSS-8075368
250910,HSS-8092316
78015,HSS-8027735
228034,HSS-8084273
5209,HSS-8025821
47709,HSS-1031587
101951,HSS-1031585
193999,HSS-1031584
227674,HSS-8084309
195653,HSS-8079889
248330,HSS-1049131
251202,HSS-1110038
161252,HSS-8061003
61821,HSS-1040496
201111,HSS-8067947
71863,HSS-8080756
55314,HSS-1030511
85849,HSS-8059966
225106,HSS-1995851
184777,HSS-8079610
236082,HSS-1047190
225256,HSS-1995854
225119,HSS-1995863
237171,HSS-1047185
225132,HSS-1995849
248080,HSS-8091505
225137,HSS-1995837
237107,HSS-1047210
228005,HSS-8084537
8563,HSS-8077372
64662,HSS-1038226
143851,HSS-1043697
225123,HSS-1995859
35257,HSS-1037984
60980,HSS-8077379
83022,HSS-8077385
39144,HSS-1964190
228590,HSS-8084541
144439,HSS-8072543
112396,HSS-8072542
233591,HSS-1045882
85412,HSS-8077313
2805,HSS-8077311
188632,HSS-8077307
65838,HSS-8077382
26195,HSS-8077304
21259,HSS-8077312
47957,HSS-8077384
8948,HSS-8068959
151772,HSS-1960795
51604,HSS-6001258
116221,HSS-1964235
124988,HSS-1964225
3094,HSS-1960758
140117,HSS-1964218
229887,HSS-8084544
66421,HSS-8022237
229150,HSS-8084539
238805,HSS-8089265
236183,HSS-8087937
68235,HSS-8077310
65906,HSS-8077309
71486,HSS-8077381
180128,HSS-8068957
166724,HSS-8077308
53704,HSS-8077380
229359,HSS-8084538
81104,HSS-8072545
146917,HSS-8072540
138866,HSS-8072547
225693,HSS-1045018
180490,HSS-1044851
235789,HSS-8089263
196847,HSS-8068958
186983,HSS-8068960
227768,HSS-8084543
37718,HSS-8072541
197322,HSS-8072546
230216,HSS-8084540
185239,HSS-8068956
157238,HSS-8072544
13806,HSS-8059827
119022,HSS-8059837
76861,HSS-8059834
61681,HSS-8081127
907,HSS-8067549
237505,HSS-8088287
236752,HSS-8088262
23807,HSS-8074057
59501,HSS-8074054
111203,HSS-8074064
89668,HSS-8074052
26240,HSS-8074060
236280,HSS-8088265
158368,HSS-1964252
7711,HSS-1964257
236189,HSS-8088268
249653,HSS-8091760
3242,HSS-8074053
116001,HSS-8074063
116879,HSS-1964253
49631,HSS-1964260
124030,HSS-1964258
240978,HSS-1047074
109435,HSS-8025543
108600,HSS-8078670
157175,HSS-8069301
88714,HSS-8025646
228350,HSS-8082336
176988,HSS-8082331
122958,HSS-8061933
240582,HSS-8086612
227376,HSS-8084097
169590,HSS-8077864
182468,HSS-8058055
130144,HSS-1044292
77152,HSS-8075733
156099,HSS-8071469
62496,HSS-8075718
44832,HSS-8071475
70443,HSS-1037399
143822,HSS-1040245
205698,HSS-8074790
177198,HSS-8066807
249867,HSS-8091069
249876,HSS-8091071
249827,HSS-8091076
100143,HSS-1042041
171855,HSS-1042043
91317,HSS-8080073
203379,HSS-1040541
250617,HSS-1048187
93681,HSS-1043780
64489,HSS-1041648
74934,HSS-1044870
120862,HSS-8077208
59447,HSS-8077193
38095,HSS-8078910
129628,HSS-8065643
235777,HSS-1046542
113581,HSS-8078900
244792,HSS-8090606
55123,HSS-8071154
115195,HSS-8071720
63739,HSS-8065870
237525,HSS-8088506
244813,HSS-8090596
230878,HSS-8083641
240297,HSS-8086554
240313,HSS-8086552
229347,HSS-8083370
153481,HSS-8081132
229543,HSS-8083368
227408,HSS-8082895
194474,HSS-1034639
227411,HSS-8082897
249478,HSS-1048266
42633,HSS-1035238
159998,HSS-8077838
42398,HSS-1038386
198383,HSS-1038385
236832,HSS-1047134
24123,HSS-8067370
248534,HSS-1092881
137432,HSS-8078615
248357,HSS-1049008
233918,HSS-8085269
58195,HSS-8071743
239728,HSS-8099412
130056,HSS-8067378
122636,HSS-8071165
62921,HSS-8067610
63552,HSS-8073871
153874,HSS-8059952
106706,HSS-1034392
163413,HSS-8059984
150365,HSS-8076193
95653,HSS-8062336
8017,HSS-8062333
237083,HSS-8088229
112351,HSS-8062334
75701,HSS-8062335
124783,HSS-8077885
247171,HSS-8089913
238853,HSS-1046946
58758,HSS-1038439
104843,HSS-1038567
35874,HSS-1038565
225696,HSS-1045014
5419,HSS-8068215
169913,HSS-1038903
72805,HSS-1038718
47982,HSS-1038561
18245,HSS-8023792
96394,HSS-8058155
122315,HSS-1043340
92540,
247337,HSS-8090104
250460,HSS-1049596
111904,HSS-8078299
20007,HSS-8080858
189290,HSS-8074591
244861,HSS-8090927
244822,HSS-8090947
230851,HSS-8086391
250513,HSS-8091990
230854,HSS-8086390
86828,C010180
165777,HSS-8072294
26593,HSS-8061001
168679,HSS-8019872
199212,HSS-8076162
231988,HSS-8083642
2061,HSS-8074877
90471,HSS-8064812
57640,HSS-1037137
174485,HSS-8025610
202375,HSS-8072264
202318,HSS-8072282
171810,HSS-8061716
156675,HSS-8072278
134569,HSS-8061692
74460,HSS-8072284
3712,HSS-8072303
12971,HSS-8061684
12764,
43256,HSS-8061695
126927,HSS-8061685
185877,HSS-8072271
151388,HSS-8067647
108019,HSS-8061713
76753,HSS-8072266
142747,HSS-8073411
126706,HSS-8061717
26167,
39442,HSS-8061686
55011,HSS-8061690
131673,HSS-8061683
46853,HSS-8061687
50202,HSS-8072309
37963,HSS-8080312
80946,HSS-1990598
81664,HSS-8060923
57840,HSS-1038220
74271,HSS-8067090
175598,HSS-1031655
151410,HSS-8057932
32336,HSS-8022383
152308,HSS-8027379
151574,HSS-8067969
19844,HSS-8027382
115518,HSS-8071489
198966,HSS-8073311
4428,HSS-8076689
135448,HSS-8027380
147499,HSS-8067973
95500,HSS-8024421
125461,HSS-8073309
178436,HSS-8024416
184507,HSS-8027386
123937,HSS-8073310
230979,HSS-8084022
113395,HSS-8073308
177598,HSS-8067971
131265,HSS-1032322
14295,HSS-1979438
51805,HSS-8024417
186087,HSS-8027381
88454,HSS-1042526
232043,HSS-1045632
89281,HSS-1979442
88107,HSS-8067972
254247,HSS-1110306
239052,HSS-1046304
233553,HSS-1045812
115961,HSS-8075369
247255,HSS-8090443
11425,HSS-8072749
103791,HSS-8025979
130659,HSS-8081905
90407,HSS-8066424
166133,HSS-8066425
146682,HSS-8081889
106508,HSS-8081894
82825,HSS-8025960
128320,HSS-1988138
240614,HSS-8086835
235241,HSS-1046450
69875,HSS-1975586
141084,HSS-1041720
67114,HSS-6001441
236296,HSS-1046742
189042,HSS-1975583
162091,HSS-8080314
167520,HSS-1034991
108446,HSS-1975584
13894,HSS-1975585
41875,HSS-1975590
86591,HSS-1034990
115887,HSS-1030888
240607,HSS-8086834
150848,HSS-1975587
72648,HSS-8021424
177858,HSS-8011566
256434,HSS-8092536
247107,HSS-1047713
161030,HSS-8019921
140118,HSS-1964220
40434,HSS-1960923
31520,HSS-1964250
247096,HSS-1047714
236368,HSS-8088482
87687,HSS-8025974
197046,HSS-8061698
48864,HSS-8023962
51351,HSS-8059800
248486,HSS-8091742
235770,HSS-1047328
37576,HSS-8071526
94309,C002587
95116,HSS-8074713
257632,HSS-1110346
182285,HSS-1031316
235837,HSS-8086954
237452,HSS-8086957
41786,HSS-8064805
61135,HSS-8025880
102585,HSS-1037171
135853,HSS-8079185
124925,HSS-1032929
139274,HSS-8026032
179271,HSS-1040379
27615,HSS-8077825
14094,HSS-8075150
261795,HSS-8092635
8581,HSS-8066361
94217,HSS-8024800
244744,HSS-8090872
257879,HSS-1110344
60641,HSS-8072114
252780,HSS-8091240
248480,HSS-8091653
225103,HSS-8084033
230517,HSS-8084047
225092,HSS-8084038
57095,HSS-8060939
72636,HSS-8078121
114173,HSS-8073297
43121,HSS-8067894
166163,HSS-8070110
87771,HSS-1043198
20808,HSS-8081053
141950,HSS-1044631
3358,HSS-8016208
76213,HSS-8016477
32917,HSS-8058386
15030,HSS-1039294
47909,HSS-8069303
154569,HSS-8068174
240992,HSS-8085858
49709,HSS-8027748
185161,HSS-1044246
35128,HSS-8059970
136136,HSS-8067056
250798,HSS-1049980
27516,HSS-8078668
137927,HSS-8073073
58343,HSS-8072743
233602,HSS-1046513
69595,HSS-8072741
64495,HSS-1043723
173712,HSS-8027374
248333,HSS-1049136
247742,HSS-8089789
148041,HSS-1992546
236853,HSS-8088822
105166,HSS-8083148
237280,HSS-8087957
11550,HSS-8076190
192509,HSS-8081629
20391,HSS-8081627
184192,HSS-1044652
11162,HSS-1029063
57092,HSS-8070664
133354,HSS-8065661
107246,HSS-8062166
230704,HSS-8085913
237498,HSS-8088473
238981,HSS-8087188
236194,HSS-8088827
20175,HSS-1988149
130149,HSS-8071786
43591,HSS-1988151
95451,HSS-1988153
67483,HSS-8061657
107636,HSS-1988150
37809,HSS-1988155
115794,HSS-1988148
14794,HSS-8024785
92478,HSS-8079614
11087,HSS-8081886
5465,HSS-8081880
78270,HSS-8081881
178412,HSS-1033127
175114,HSS-8081885
82715,HSS-1034754
181523,HSS-8082603
180025,HSS-8067066
40463,HSS-8067068
191372,HSS-8067069
41778,HSS-8082602
198019,HSS-8072103
40015,HSS-8067063
225717,HSS-8082601
100282,HSS-8067060
142659,HSS-8067062
250797,HSS-1049979
250795,HSS-1049978
70455,HSS-8067351
67075,HSS-8065635
156920,HSS-8072596
175517,HSS-1039575
102716,HSS-8072597
133890,HSS-8072588
4083,HSS-8072595
57790,HSS-8074873
247292,HSS-8090360
236471,HSS-8087530
43609,HSS-8074952
138222,HSS-8074871
130962,HSS-8072586
32951,HSS-8072593
92802,HSS-8074951
10769,HSS-8025522
127718,HSS-8072594
67304,HSS-8074875
91005,HSS-8074872
53340,HSS-8072591
29596,HSS-8072589
109151,105033
127104,HSS-1030034
233933,HSS-8085040
70691,HSS-1040813
240548,HSS-8086605
234701,HSS-1046908
111050,HSS-8076696
238815,HSS-1046891
238856,HSS-1046893
239000,HSS-1046872
238844,HSS-1046896
117752,HSS-8076698
84454,HSS-1039509
225713,HSS-8082562
206580,HSS-8076701
235764,HSS-1047004
88189,HSS-8060546
159861,HSS-1973686
121053,HSS-8074226
238816,HSS-1046865
229203,HSS-8084015
238966,HSS-1046928
65939,HSS-8062312
81753,C004650
235847,HSS-8087749
234050,HSS-8085341
237398,HSS-8087750
149388,HSS-8024249
236580,HSS-8088830
236485,HSS-8089531
26044,HSS-1044579
112395,HSS-1041279
249428,HSS-1048222
237919,HSS-8087476
107480,HSS-8079914
76425,HSS-8071482
240209,HSS-8087028
77124,HSS-8023253
111772,HSS-8080080
87950,HSS-8071505
120984,HSS-8067874
26578,HSS-8061934
237529,HSS-8088632
225716,HSS-8082597
49615,HSS-8082596
248490,HSS-1049193
196506,HSS-8071478
156197,HSS-8070854
110309,HSS-8065144
188716,HSS-8065154
58512,HSS-8070858
23566,HSS-8075088
233563,HSS-1045801
131187,HSS-8065142
247798,HSS-8090743
250974,HSS-1049964
182340,HSS-8068179
117114,HSS-8068167
237080,HSS-8087757
238932,HSS-8089120
50617,HSS-8025234
195193,HSS-8075878
27580,HSS-8075879
248308,HSS-1048658
60529,HSS-8074088
26634,HSS-8071541
184014,HSS-8074076
32022,HSS-8074077
200103,HSS-8074083
100277,HSS-8074072
26443,HSS-8074074
63605,HSS-8074087
177996,HSS-8074082
128543,HSS-8074073
91486,HSS-8074084
193187,HSS-8074071
49215,HSS-8074075
48726,HSS-1042985
33709,HSS-1039475
40651,HSS-8026674
107367,HSS-8082604
56042,HSS-8067050
122690,HSS-8067049
150713,HSS-8067059
7127,HSS-1038876
103488,HSS-1042071
10965,HSS-8072093
150747,HSS-8082605
138798,HSS-8072086
80080,HSS-8072090
92917,HSS-8066236
41467,HSS-8067051
44950,HSS-8067052
72687,HSS-1043648
73472,HSS-8072088
141434,HSS-8067048
17398,HSS-1041100
102914,HSS-8072100
46590,HSS-1028658
169115,HSS-1043369
28341,HSS-8076429
96018,HSS-1035857
124492,HSS-8072097
56888,HSS-8076438
107098,HSS-8076437
15278,HSS-8067055
116876,HSS-8076432
139083,HSS-8076433
237227,HSS-8087215
237097,HSS-8087219
130232,HSS-8076459
21233,HSS-8058774
135023,HSS-8082579
122267,HSS-8076454
25840,HSS-8076484
979,HSS-8076456
224514,HSS-1044991
225481,HSS-8078083
61530,HSS-8076470
151002,HSS-8076471
39485,HSS-8076463
72889,HSS-8076457
147165,HSS-8076480
82818,HSS-8076455
206033,HSS-8076405
50199,HSS-8076394
57658,HSS-8076478
160583,HSS-8076461
72399,HSS-8078082
32428,HSS-1042280
167477,HSS-8076469
136805,HSS-8076402
225676,HSS-8082583
159341,HSS-8076462
82757,HSS-1033306
62105,HSS-8010844
173163,HSS-8076485
188937,HSS-8079184
116798,HSS-8082589
206179,HSS-8076488
99657,HSS-8069166
93653,HSS-8082575
135243,HSS-8058773
249804,HSS-8091676
6536,HSS-8073870
228420,HSS-8086770
8695,HSS-8073869
250446,HSS-8092211
35900,HSS-8073872
227676,HSS-8084831
248206,HSS-8090456
159920,HSS-8072087
95064,HSS-8076434
70180,HSS-8072095
10509,HSS-8072099
225691,HSS-8082592
23399,HSS-8072083
52559,HSS-8072089
226518,HSS-8082595
97497,HSS-8076435
225702,HSS-8082593
148582,HSS-8072084
166160,HSS-1043955
20358,HSS-8076436
84274,HSS-1043958
19408,HSS-1041936
125650,HSS-1035185
76050,HSS-8067054
207071,HSS-1043956
180937,HSS-1041280
240965,HSS-1046466
114806,HSS-8077346
66214,HSS-8021198
181243,HSS-8077333
132988,HSS-8077348
167488,HSS-8077320
84655,HSS-8077335
174051,HSS-8077332
54014,HSS-1033135
147255,HSS-1042770
32475,HSS-8075170
163244,HSS-1039114
206326,HSS-1024387
84035,HSS-8082652
237710,HSS-8087209
24393,HSS-8068517
244751,HSS-8090882
189983,C010118
250907,HSS-8092309
50051,HSS-1985084
94500,HSS-8074230
228193,HSS-8083856
64525,HSS-8058915
18984,HSS-1044011
73167,HSS-8076441
106855,HSS-8071221
230720,HSS-8085867
39711,HSS-8075874
1951,HSS-8065702
141880,HSS-8024044
193516,HSS-8074781
140041,HSS-1973692
238962,HSS-1046985
250722,HSS-1048460
189677,HSS-8067970
118508,HSS-8067883
38122,HSS-8024424
50728,HSS-8023588
132236,HSS-8068202
154088,HSS-8024084
133665,HSS-8076951
106150,HSS-8080519
153055,HSS-8059010
121107,HSS-8059034
175828,HSS-8059025
194572,HSS-8059016
188869,HSS-8073382
145292,HSS-8080524
144232,HSS-8073383
238925,HSS-8089162
41006,HSS-8080525
229229,HSS-8082813
150213,HSS-8026624
156886,HSS-8070386
96472,HSS-8026627
44680,HSS-8068486
93988,HSS-1040381
193349,HSS-1043310
149708,HSS-8059803
93325,HSS-8073717
114001,HSS-8081425
250588,HSS-1049418
250598,HSS-1049417
250594,HSS-1049430
250600,HSS-1049434
29201,HSS-8074065
205477,HSS-8074068
236983,HSS-8088259
29983,HSS-8074067
238806,HSS-1047387
90298,HSS-8066413
200576,HSS-8075418
33586,HSS-8065147
248246,HSS-1048520
92550,HSS-8075350
250585,HSS-1049426
250511,HSS-1049384
119515,HSS-1038389
38242,HSS-8070389
23965,HSS-1041079
90784,HSS-1044507
10425,HSS-8073109
52694,HSS-8067560
61247,HSS-1026416
9265,HSS-8076141
14273,HSS-1012042
254076,HSS-1049379
228181,HSS-8083841
225175,HSS-8083840
250703,HSS-1048328
144843,HSS-8059978
683,HSS-8059968
68136,HSS-1043135
240308,HSS-8086553
75020,HSS-8061670
64388,HSS-8081864
250451,HSS-1049819
130075,HSS-8080778
84688,HSS-8069329
102751,HSS-8074576
240163,HSS-1046194
239855,HSS-1046195
132243,HSS-8061661
247211,HSS-8089777
179898,HSS-8070157
192168,HSS-8061671
105409,HSS-1043823
225598,HSS-1046189
225185,HSS-1045403
256013,HSS-1049096
237031,HSS-8088227
16221,HSS-1039606
137962,HSS-8016102
84104,HSS-8060190
102450,HSS-1032934
1809,HSS-1041752
174375,HSS-8061922
65289,HSS-8061906
228945,HSS-1045278
187642,HSS-8007412
235783,HSS-1047066
70489,HSS-8078081
80293,HSS-8076401
47264,HSS-8069159
132033,HSS-8076475
29972,HSS-8069610
166614,HSS-8025207
202630,HSS-1032925
168431,HSS-1034621
188387,HSS-8022552
108337,HSS-1033883
150030,HSS-1044331
103066,HSS-8068489
237870,HSS-1047364
148500,HSS-8067345
137377,HSS-8078679
100838,HSS-8067363
118454,HSS-8027682
200494,HSS-8027684
113893,HSS-8027683
9000,HSS-8027677
177400,HSS-8026508
109499,HSS-1040364
167181,HSS-1040382
144743,HSS-8026622
20219,HSS-8026626
80398,HSS-8025206
37109,HSS-1990601
51888,HSS-1038729
92855,HSS-8081893
74815,HSS-8079645
3016,HSS-1961962
233311,HSS-8089583
207030,HSS-1043894
71865,HSS-8072274
198834,HSS-1038728
40390,HSS-8079611
124285,HSS-8081897
236895,HSS-8087473
248310,HSS-1048808
94295,HSS-1044377
238045,HSS-8087472
237864,HSS-8087470
237817,HSS-8087471
108566,HSS-1960764
71122,HSS-8074062
110792,HSS-8074061
240565,HSS-1046630
68204,HSS-8075904
110321,HSS-8073389
125896,HSS-8071762
112138,HSS-8058861
7285,HSS-8069533
229455,HSS-8083851
186426,HSS-8058860
130432,HSS-8058864
113634,HSS-8058862
101756,HSS-8068172
101758,HSS-8073390
55726,HSS-1045277
41541,HSS-8058859
121305,HSS-8069312
62307,HSS-8080553
34388,HSS-8058858
16784,HSS-1044497
18216,HSS-8058865
18802,HSS-8071764
185527,HSS-8068173
45810,HSS-8080514
104010,HSS-8058868
194619,HSS-8058863
235109,HSS-8086368
230740,HSS-8086369
186476,HSS-8080513
168396,HSS-8071761
238809,HSS-8088863
229116,HSS-8083866
247110,HSS-8089643
247071,HSS-8089641
254490,HSS-8092092
247297,HSS-1902540
180343,HSS-1040487
58608,HSS-8058894
180300,HSS-8069549
201119,HSS-8069542
117017,HSS-8068170
116107,HSS-1039292
742,HSS-1043609
249825,HSS-8091286
233919,HSS-8086403
73155,HSS-8027737
97984,HSS-8027736
229148,HSS-8082814
244772,HSS-8090270
89874,HSS-8079355
229152,HSS-8084567
142477,HSS-8064989
112235,HSS-8064968
228395,HSS-8084549
75899,HSS-8022231
134857,HSS-8082005
146948,HSS-8026628
83577,HSS-8066352
37092,HSS-8072742
194051,HSS-8074448
230887,HSS-8084279
29299,HSS-8058873
246071,HSS-1047729
238352,HSS-1998332
153116,HSS-8077544
8710,HSS-1961958
248493,HSS-1049281
95638,HSS-8073911
230397,HSS-8082880
206034,HSS-8073912
134910,HSS-8015910
244739,HSS-8090875
247341,HSS-1902543
83591,HSS-1030937
9402,HSS-8065865
20310,HSS-8071160
132464,HSS-8065841
27573,HSS-8071150
65071,HSS-1967577
52318,HSS-1022235
103616,HSS-8067326
53647,HSS-8065853
24523,HSS-8065864
20573,HSS-8065851
162557,HSS-1032258
172530,HSS-8062305
62887,HSS-8060539
51148,HSS-8060575
97134,HSS-8078097
248500,HSS-1049282
237139,HSS-1046734
125468,HSS-8026653
190167,HSS-1040875
160538,HSS-8066356
143060,HSS-8026675
18276,HSS-8070390
131204,HSS-1034884
79267,HSS-8068523
80087,HSS-1043698
170610,HSS-8058769
74078,HSS-1032727
201960,HSS-8058762
228097,HSS-8084115
169916,HSS-8061964
248496,HSS-1049331
111352,HSS-1032726
247298,HSS-1902541
70867,HSS-1042266
119242,HSS-1036436
165917,HSS-8077809
30922,HSS-8077812
103062,HSS-8077816
26035,HSS-8077811
76986,HSS-8022547
145083,HSS-8074639
228546,HSS-8084311
11846,HSS-1026482
167916,HSS-8067554
89735,C011647
229119,HSS-8085085
228633,HSS-8085073
247193,HSS-1047903
247192,HSS-1047904
237671,HSS-8087763
237296,HSS-8087743
236515,HSS-8087735
237934,HSS-8087772
237612,HSS-8087764
235977,HSS-8087744
238050,HSS-8087732
82567,HSS-8082072
52053,HSS-8082082
238888,HSS-1047584
233342,HSS-1045758
238833,HSS-8087262
175269,HSS-8061214
88062,HSS-1036450
188674,HSS-8070932
18644,HSS-1044099
135257,HSS-1032362
33238,HSS-1042855
35345,HSS-8008688
21058,HSS-8010087
160769,HSS-8025026
103872,HSS-1043122
227718,HSS-8082820
225104,HSS-1995872
229854,HSS-8082818
229805,HSS-8082817
227401,HSS-8082815
110641,HSS-8069341
238446,HSS-1998247
134017,HSS-8072728
252067,HSS-8091942
236373,HSS-8088298
129568,HSS-8078109
241736,HSS-8086958
195260,HSS-8082554
93333,HSS-8078086
71502,HSS-8082559
18509,HSS-8078116
39608,HSS-8071445
8940,HSS-8078099
163710,HSS-8060570
178485,HSS-8078106
260268,HSS-8092005
45036,HSS-8081381
139492,HSS-8073410
248082,HSS-8091514
254089,HSS-1049365
246089,HSS-1047724
235251,HSS-8086338
247338,HSS-1048073
237257,HSS-8088474
247294,HSS-1048083
230668,HSS-8085910
237641,HSS-8087189
109121,PC076166
250621,HSS-1903175
250622,HSS-1903174
250618,HSS-1903173
250620,HSS-1903172
250623,HSS-1903171
250625,HSS-1903170
250734,HSS-1903168
250730,HSS-1903167
250732,HSS-1903166
250664,HSS-1903163
249477,HSS-8090887
176109,HSS-8081420
49206,HSS-8073391
157497,HSS-8069540
234707,HSS-8086624
66476,HSS-8068488
105577,HSS-8026660
143294,HSS-8058884
145323,HSS-8058476
53412,HSS-8067556
155368,HSS-8062178
229600,HSS-8084027
122388,HSS-8060580
8196,HSS-8026137
236857,HSS-8087490
231030,HSS-8085611
249414,HSS-8090759
230852,HSS-8085608
235980,HSS-8087493
56714,HSS-8026136
249832,HSS-8090770
249810,HSS-8090785
58743,HSS-8027528
230958,HSS-8085620
152829,HSS-8075380
121250,HSS-8071222
230662,HSS-8085866
26492,HSS-8080755
252060,HSS-8091855
252043,HSS-8091854
232778,HSS-8086790
258355,HSS-8091853
232803,HSS-8086782
232796,HSS-8086787
232819,HSS-8086785
232816,HSS-8086784
232786,HSS-8086781
13178,HSS-8069559
241658,HSS-8085911
18106,HSS-8025220
87930,HSS-8024799
33728,HSS-8080841
87214,HSS-8061669
254079,HSS-1049284
249854,HSS-1049140
248475,HSS-1048794
61047,HSS-8068225
32406,HSS-8068226
141641,HSS-8068251
50002,HSS-8065855
94559,HSS-1039418
24981,HSS-8065842
16081,HSS-8065869
136040,HSS-8065863
185110,HSS-8071716
129549,HSS-8071726
189864,HSS-8065867
205710,HSS-8071727
26365,HSS-8065866
59575,HSS-8078622
103229,HSS-8071714
109626,HSS-8065862
98163,HSS-8025039
48800,HSS-1039447
201451,HSS-8079921
132122,HSS-1034640
107568,HSS-8059816
84449,HSS-8026621
151387,HSS-8013531
119797,HSS-8026625
172806,HSS-8066353
67647,HSS-1025139
100903,HSS-8066211
95668,HSS-8027733
236928,HSS-8087765
237470,HSS-8087725
65136,C004903
38085,C004897
67402,C004893
77155,C004891
111584,HSS-8067601
229581,HSS-1045631
52233,HSS-8025058
249740,HSS-8091576
258362,HSS-8091811
90981,HSS-8062120
74757,HSS-8057913
240290,HSS-8086332
249571,HSS-1048958
236931,HSS-1047187
66159,HSS-8069344
22079,HSS-1042217
137174,HSS-8024053
119484,HSS-1033800
90145,HSS-8026664
61678,HSS-8021969
15467,HSS-8022549
11377,HSS-8080505
94586,HSS-8069311
189511,HSS-8067355
58068,HSS-8072729
36595,HSS-1041691
34381,HSS-8078677
173745,HSS-8067369
180121,HSS-8071739
233895,HSS-8085308
163768,HSS-1036007
227566,HSS-1045830
172456,HSS-8026657
112077,HSS-8076187
125847,HSS-8059811
65539,HSS-1024009
228041,HSS-1045385
3192,HSS-8067557
249423,HSS-8090859
11559,HSS-8075931
27221,HSS-1034389
200166,HSS-8078265
234099,HSS-8086412
46216,HSS-8081691
31215,HSS-8025017
131090,HSS-8026520
143071,HSS-8024767
73900,HSS-8081692
187647,HSS-1042885
12059,HSS-1036156
232852,HSS-8084104
14600,HSS-8078638
107872,HSS-8026670
120875,HSS-8026633
91871,HSS-8026631
60306,HSS-8075725
169571,HSS-8057922
82571,HSS-8060187
110824,HSS-8071476
44657,HSS-8060186
181072,HSS-8058767
46376,HSS-1031670
235243,HSS-1046310
250438,HSS-8090627
235242,HSS-1046311
228191,HSS-8084087
26987,HSS-8074101
234719,HSS-8086563
236700,HSS-8087933
181598,HSS-1041646
14113,HSS-8026340
3442,HSS-1991922
44951,HSS-1991918
117844,HSS-1032285
108618,HSS-8026330
107955,HSS-8068447
206969,HSS-1991927
99311,HSS-8058465
61072,HSS-8025380
162145,HSS-8026343
205999,HSS-1039603
190484,HSS-8060003
41275,HSS-1039574
56653,HSS-1991920
188894,HSS-1991919
125581,HSS-8068451
112050,HSS-8025232
111693,HSS-1991921
68401,HSS-8021705
189571,HSS-8027413
229518,HSS-8082648
14915,HSS-8080340
123142,HSS-8072724
117160,HSS-8078332
51419,HSS-1035186
190819,HSS-8026673
97486,HSS-8026645
144863,HSS-8026669
22390,HSS-1035180
234713,HSS-8086583
86282,HSS-8075753
59871,HSS-8074376
130197,HSS-1034070
97899,HSS-1034072
115889,HSS-1036754
147589,HSS-1035183
194341,HSS-8071516
200726,HSS-1035687
32877,HSS-1035087
234728,HSS-8086584
180820,HSS-1035178
101125,HSS-1034071
236908,HSS-8088682
238842,HSS-8087049
140835,HSS-8075650
167570,HSS-8075750
200779,HSS-8079919
248346,HSS-1048896
60118,HSS-1040024
197853,HSS-8070392
113803,HSS-1033951
246096,HSS-1047787
203509,C003139
104069,HSS-1044847
239811,HSS-8086131
231018,HSS-8086380
240291,HSS-8086376
230875,HSS-8086379
249656,HSS-1049020
249606,HSS-1049021
249780,HSS-1049030
236511,HSS-8088501
234081,HSS-8085280
239772,HSS-8085912
234059,HSS-8086337
236329,HSS-8087760
230168,HSS-8082310
68316,HSS-1044807
196796,HSS-8025815
240188,HSS-8085869
16632,HSS-8059188
249602,HSS-8091710
11635,HSS-8074724
45510,HSS-8076418
237258,HSS-8088502
235825,HSS-8088503
101643,HSS-1039113
236383,HSS-8088504
199567,HSS-1041639
39972,HSS-8072890
195483,HSS-8072889
18537,HSS-8059176
31772,HSS-8064839
32957,HSS-8072891
130172,HSS-8026140
202661,HSS-1044724
228107,HSS-8084590
230554,HSS-8084589
229828,HSS-8084591
147343,HSS-8064987
88124,HSS-1040475
168392,HSS-8064974
229295,HSS-8084563
157613,HSS-8064975
230238,HSS-8084569
44871,HSS-8064995
66735,HSS-8064976
4802,HSS-8064965
235548,HSS-1047207
236475,HSS-1047108
161134,HSS-8064966
228645,HSS-8084564
14406,HSS-8064993
112773,HSS-8079357
124247,HSS-8064970
150607,HSS-8064990
166035,HSS-8064967
248133,HSS-1048876
104741,HSS-1043924
110791,HSS-8058405
41246,HSS-8058398
81751,C002425
111497,HSS-8065355
232788,HSS-8086780
232760,HSS-8086775
232805,HSS-8086776
232800,HSS-8086779
232806,HSS-8086777
237218,HSS-8088251
198423,HSS-1992424
60275,HSS-1992423
63566,HSS-1992422
143376,HSS-1992421
126601,HSS-8079092
13614,HSS-8079103
90609,HSS-8065340
6773,C009768
7362,HSS-8065341
21365,HSS-1992420
48202,HSS-1044424
93703,HSS-8065337
55584,HSS-8079096
176312,HSS-8065343
201837,HSS-8079094
46146,HSS-8079095
3973,HSS-8079093
177332,HSS-8065336
110246,HSS-8065348
199347,HSS-1992419
188990,HSS-8065339
94688,HSS-8079098
53841,HSS-1043722
48422,HSS-1039608
235416,HSS-8088832
189386,HSS-1028353
112838,HSS-1028506
176470,HSS-1026810
235389,HSS-8088833
113382,HSS-8013933
157609,HSS-1028505
246015,HSS-8089644
66793,HSS-1044880
247290,HSS-8090255
241740,HSS-8088451
248128,HSS-8091650
153860,146648
51425,HSS-8073277
77147,HSS-1046190
43688,HSS-1032377
188730,HSS-1968172
50966,HSS-8073287
207406,HSS-8073288
118904,HSS-8067332
232779,HSS-8086773
232812,HSS-8086778
170169,HSS-1042436
197036,HSS-8078323
248312,HSS-1048691
65104,HSS-8066213
104544,HSS-1042457
145124,HSS-8070864
96541,HSS-8024535
225164,HSS-8083884
62414,C003906
77749,HSS-8027703
89900,HSS-8078624
229037,HSS-8084808
249552,HSS-1048586
249557,HSS-1048587
249562,HSS-1048632
11066,HSS-1042427
21063,HSS-8058496
155318,HSS-8065332
175804,HSS-8068212
229177,HSS-8084809
83264,HSS-8073393
227404,HSS-8084810
230165,HSS-1994421
228258,HSS-1994405
229826,HSS-8082921
250570,HSS-8090477
186180,HSS-8025820
227420,HSS-8082916
115424,HSS-1041138
136218,HSS-1961965
49812,HSS-8064992
250501,HSS-1048603
55896,HSS-8059479
141494,HSS-8075098
193873,HSS-8022400
101805,HSS-1042433
183513,HSS-8061892
116597,HSS-8078127
138307,HSS-8082556
116890,HSS-1042281
138196,HSS-8071503
76322,HSS-8071506
134116,HSS-8067362
58334,HSS-1037295
8510,HSS-8076452
230356,HSS-8082923
197528,HSS-1043857
112020,HSS-1043935
230022,HSS-8083363
16601,HSS-8025345
238993,HSS-8087512
75894,HSS-1032936
109077,HSS-1044121
121474,HSS-1036152
91415,HSS-1032938
251225,HSS-1048629
251224,HSS-1048628
2627,HSS-8058028
237290,HSS-8087689
182343,HSS-8061701
860,HSS-8080761
99765,HSS-8024787
159623,HSS-8072358
171311,HSS-1985075
227646,HSS-8083286
51651,HSS-8080750
7451,HSS-8069324
83720,HSS-8069320
116702,HSS-8072359
122896,HSS-8080752
141996,HSS-8080754
174047,HSS-8061734
228704,HSS-8083288
230053,HSS-8083289
228969,HSS-8083287
245535,HSS-8089134
237697,HSS-8087686
237109,HSS-8087687
62298,HSS-8080753
245508,HSS-8089133
119216,HSS-8070839
128886,HSS-8025032
245545,HSS-8089127ÿ
46780,HSS-1038732
125594,HSS-8076490
142944,HSS-1032927
133470,HSS-1985071
55824,HSS-8025216
250659,HSS-1048221
190665,HSS-8060561
46659,HSS-8060567
125069,HSS-8060519
166687,HSS-8082565
89676,HSS-8075702
38578,HSS-8074250
250725,HSS-1048451
29340,HSS-1042518
169609,HSS-1042525
15062,HSS-8080502
157488,HSS-8068165
240197,HSS-1046537
162248,C003914
23093,HSS-8062190
121468,HSS-8078691
225166,HSS-8084559
244179,HSS-8089006
246578,HSS-1047720
161084,HSS-8069785
250752,HSS-1048456
237403,HSS-8087053
247287,HSS-1902548
21993,HSS-8060573
249872,HSS-1048382
190780,HSS-8021956
49223,HSS-8025836
63368,HSS-8025834
142536,HSS-8076934
28827,HSS-8025835
15299,HSS-8059822
18295,HSS-1988140
238970,HSS-1046995
250735,HSS-1048272
196068,HSS-8079576
189753,C004610
228616,HSS-8083367
110713,104986
53171,C003181
180694,C002428
207065,C002594
27930,HSS-8068904
181526,HSS-8059168
225235,HSS-1995853
238405,HSS-1998257
156221,HSS-8070152
7571,HSS-8021688
573,HSS-8080113
53379,HSS-8060964
158654,HSS-8074233
6376,HSS-8082622
237169,HSS-8088498
167076,HSS-1043655
43192,HSS-8061012
115476,HSS-1031719
238848,HSS-8087002
203907,HSS-1017889
230025,HSS-1045366
240960,HSS-1046452
38470,C003805
97743,HSS-1036615
91852,HSS-1043368
113388,HSS-8064856
125811,HSS-1042265
225651,HSS-1045248
144574,HSS-1033141
53273,HSS-8060966
201618,HSS-1988755
182475,HSS-1988736
22601,HSS-1988754
128339,HSS-8070147
137553,HSS-1044593
153023,HSS-8061648
152801,HSS-8074617
205992,HSS-8024567
250762,HSS-8090462
88569,C003863
36455,C003943
3962,HSS-8080830
133598,C003945
35364,HSS-8066367
36548,HSS-8071233
122577,HSS-8061668
113632,HSS-1043895
47732,HSS-8024254
238333,HSS-1046197
47995,HSS-8018669
238385,HSS-1998283
110726,HSS-8061658
178344,HSS-8061663
115535,HSS-8061660
118327,HSS-1042556
63659,HSS-8074574
63358,HSS-8071782
240190,HSS-8085915
131792,HSS-8025046
191229,HSS-1028514
22214,HSS-8061662
238349,HSS-1998228
18505,HSS-8071783
107059,HSS-8070156
148115,
133084,C004080
91679,C004081
188069,HSS-8068534
87994,HSS-8075393
229926,HSS-8083285
181872,HSS-8066078
248090,HSS-1903200
74067,HSS-8024791
62093,HSS-1028540
26768,HSS-8067870
247204,HSS-1047957
237938,HSS-8087767
10957,HSS-8068150
3304,HSS-8079648
44065,HSS-8081884
236970,HSS-8087974
179934,HSS-8080817
247143,HSS-8089574
235221,HSS-8086167
1066,HSS-1035927
33256,HSS-8068749
113176,HSS-8078477
102027,C001117
44710,HSS-1034520
234521,HSS-8086130
246074,HSS-1047734
108524,HSS-8074615
20214,C003944
197236,HSS-8024426
132525,HSS-8067963
231093,HSS-8085287
99935,HSS-8079573
70340,HSS-8079583
105479,HSS-8073396
120863,HSS-8082340
18210,HSS-1988145
38876,HSS-1042904
130100,HSS-8071787
160480,HSS-8071242
609,HSS-8071790
162993,HSS-1988154
203116,HSS-8079575
66323,HSS-8069337
198919,HSS-1988152
16225,HSS-8067400
15293,HSS-8071247
146534,HSS-1039120
233965,HSS-1046516
36403,HSS-1044524
56353,C011723
18528,
233565,HSS-1045803
90302,HSS-8024786
176325,HSS-1042458
105229,HSS-1988126
238453,HSS-1998320
158000,HSS-1033724
237396,HSS-8088071
46596,HSS-8057921
170613,HSS-1976103
146663,HSS-8066065
198120,HSS-8070333
230827,HSS-8085318
230120,HSS-8084013
53243,HSS-8080751
152092,HSS-8082067
234031,HSS-8085338
126250,C003757
123019,C003750
183970,HSS-8071785
230769,HSS-8085916
18240,HSS-8080497
202261,HSS-8080494
13794,HSS-8080491
179813,HSS-8080495
133169,HSS-8080499
230328,HSS-8084805
33790,HSS-8080498
93176,HSS-8080492
79287,HSS-8080496
105212,HSS-8080493
185446,HSS-8071151
59916,HSS-1964293
91678,HSS-8024201
225647,HSS-8084804
236115,HSS-8088816
236559,HSS-8088818
227803,HSS-8084806
203862,HSS-8071197
186081,HSS-8068157
174164,HSS-8018033
171235,HSS-8071209
124695,HSS-8068156
29515,HSS-1043548
19458,HSS-8068162
192793,HSS-8015476
57319,HSS-8071203
69605,HSS-1040285
85207,HSS-1016269
197825,HSS-8071206
198356,HSS-8071198
169996,HSS-8025875
137506,HSS-8068159
62206,HSS-8071199
15,HSS-8025878
95966,HSS-8068155
34963,HSS-8068158
31537,HSS-8071202
97405,HSS-8068164
36997,HSS-8071205
119203,HSS-8068152
150002,HSS-8071204
193764,HSS-8025402
60708,HSS-8068153
74731,HSS-8068161
45575,HSS-1043552
96054,HSS-8068160
92706,C002263
228597,HSS-8085032
119097,HSS-8079332
227992,HSS-8085030
229827,HSS-8085039
229799,HSS-8085038
228480,HSS-8085037
174705,HSS-8079334
229550,HSS-8085036
237810,HSS-8087478
228514,HSS-8085031
229931,HSS-8085035
171123,HSS-8080819
246086,HSS-1047727
246067,HSS-1047730
32839,HSS-1024253
137889,HSS-1033130
103030,HSS-8075376
118578,HSS-1024184
32960,HSS-8066034
140413,HSS-8070326
126815,HSS-1033131
188491,HSS-8066025
153447,HSS-8066031
237372,HSS-8087694
186205,HSS-8070354
237476,HSS-8087695
227891,HSS-8083303
73531,HSS-8066030
41665,HSS-1042406
70036,HSS-1044441
125296,HSS-8069365
111228,HSS-8081693
237736,HSS-8086979
240327,HSS-8086985
237729,HSS-8087058
8380,HSS-1032704
239804,HSS-8087057
10768,HSS-1032357
121811,HSS-8067040
207006,HSS-1030310
143661,HSS-8061884
98826,HSS-8012842
79951,HSS-8027371
58688,HSS-1032097
139427,HSS-8065145
48717,HSS-8065139
115150,HSS-8075709
197175,HSS-8066584
40524,HSS-8066592
235759,HSS-8088261
239082,HSS-1046349
138737,HSS-1044364
227798,HSS-8084055
73835,HSS-1034417
162583,HSS-8058477
234091,HSS-1046720
156668,HSS-8066830
192582,HSS-8066846
96422,HSS-8020319
10049,HSS-8066810
138284,HSS-8066827
84876,C018095
18698,HSS-1018839
226684,HSS-8084841
52081,HSS-1044604
161284,HSS-8064983
8745,HSS-8025748
56934,HSS-8064969
50450,HSS-8064991
54836,HSS-8066630
129141,HSS-8064996
178789,HSS-8064981
164459,HSS-8066629
178275,HSS-8064973
236258,HSS-1047231
237370,HSS-1047230
229690,HSS-8084565
228607,HSS-8084568
230205,HSS-8084588
229218,HSS-8084553
230163,HSS-8084555
229496,HSS-8084548
30882,HSS-1044867
229213,HSS-8084550
228774,HSS-8084570
6810,HSS-1042912
225155,HSS-8084562
228699,HSS-8084547
144550,HSS-8084558
228321,HSS-8084551
225172,HSS-8084561
33609,HSS-8025733
27453,HSS-8080291
59397,HSS-1029950
97670,HSS-1041613
45887,HSS-1030866
12677,HSS-8059153
167608,HSS-8065016
157697,HSS-8079346
3834,HSS-8079350
151216,HSS-8079351
153417,HSS-8072904
190494,HSS-8079343
189905,HSS-8072906
142779,HSS-1036538
59588,HSS-8064984
12591,HSS-8064998
62840,HSS-8064964
174712,HSS-8064979
116440,HSS-8064985
182972,HSS-8064971
125263,HSS-1032932
20795,HSS-1031457
58474,HSS-1043950
134159,HSS-1041982
145530,HSS-8064977
115256,HSS-8064980
3811,HSS-8064997
25661,HSS-8079356
83831,HSS-8064972
90361,HSS-8064994
70453,HSS-1044016
63255,HSS-1040488
22123,HSS-8084554
16307,HSS-8079353
235575,HSS-1047234
165596,HSS-8066631
191302,HSS-1044890
86217,HSS-1044891
167267,HSS-8066632
99673,HSS-8079354
126845,HSS-1035111
80973,HSS-1033363
155532,HSS-8064999
48637,HSS-1032708
47540,HSS-8079387
190072,HSS-1032707
152569,HSS-8079344
136241,HSS-1035110
19079,HSS-1039318
71006,HSS-8079386
56192,HSS-8065017
39745,HSS-1032597
100343,HSS-8065021
114010,HSS-1035112
70991,HSS-8065006
159831,HSS-8079385
180886,HSS-8079384
45754,HSS-8065004
140654,HSS-8079388
48025,HSS-8079393
108172,HSS-8079390
122566,HSS-8065014
123584,HSS-8065010
136274,HSS-8065025
198497,HSS-8014311
173408,HSS-8065013
94540,HSS-8065001
67843,HSS-8065018
96446,HSS-8065008
134561,HSS-8027546
119397,HSS-8065012
120160,HSS-8065027
149877,HSS-8065007
37503,HSS-8065026
192887,HSS-8065005
205285,HSS-1032710
168053,HSS-1030906
96158,HSS-8065019
151904,HSS-8079352
33868,HSS-8079348
155390,HSS-8065003
124550,HSS-8072908
94949,HSS-8079345
1903,HSS-8016919
119434,HSS-8065020
193981,HSS-8072909
117534,HSS-8079349
13619,HSS-8065011
69348,HSS-8072905
75862,HSS-8072907
32463,HSS-8065002
187268,HSS-8065023
156045,HSS-8065328
156125,HSS-1034524
96816,HSS-8068213
38921,HSS-8071174
11871,HSS-8065335
124688,HSS-8071751
185638,HSS-8071175
24076,HSS-8019234
120894,HSS-8068211
151832,HSS-8073385
40174,HSS-8025376
112847,HSS-8065333
99055,HSS-8071172
85147,HSS-8073387
25303,HSS-8065331
109943,HSS-1990597
173507,HSS-8027732
173899,HSS-8075877
28381,HSS-1990599
101879,HSS-1990587
171485,HSS-8075870
138190,HSS-8071219
178439,HSS-1990590
184399,HSS-8075875
76809,HSS-1990588
134435,HSS-8075881
197563,HSS-8059487
226487,HSS-8084286
112692,HSS-8059484
8433,HSS-8059485
38817,HSS-8059468
225216,HSS-8084285
38071,HSS-8070891
71852,HSS-8080771
88076,HSS-8080774
59243,HSS-8059480
136376,HSS-8080773
76851,HSS-8080776
125421,HSS-1040205
206352,HSS-1038566
152816,HSS-1042853
114373,HSS-8068214
118944,HSS-1038570
230158,HSS-1045059
144324,HSS-8073271
98876,HSS-8081689
75828,HSS-8060343
66390,HSS-8071456
37944,HSS-1043844
194267,HSS-8082550
69048,HSS-1040216
236989,HSS-1047179
237005,HSS-1047178
236111,HSS-1047177
237100,HSS-1047256
27247,HSS-8021076
238795,HSS-1047058
120217,HSS-1036604
97537,HSS-1034133
167722,HSS-8062137
240321,HSS-8087023
185257,HSS-8024534
71711,HSS-8026295
234054,HSS-8085249
233947,HSS-8085252
170706,HSS-8076920
87701,HSS-8079612
133542,HSS-8075370
118823,HSS-1042364
153285,HSS-1031098
87847,HSS-1992543
61448,HSS-8079926
198965,HSS-8072102
51741,HSS-8078148
195481,HSS-1992521
9203,HSS-8072348
67671,HSS-8069356
123150,HSS-1961414
148861,HSS-5041532
225196,HSS-1045395
11208,HSS-1990618
133492,HSS-1040498
162386,HSS-8076664
101259,HSS-8076655
236218,HSS-1046664
64385,HSS-8026495
121374,HSS-1033302
193341,HSS-8066345
75697,HSS-1968176
45892,HSS-1990613
155898,HSS-8075710
229334,HSS-8082868
233601,HSS-1045890
225238,HSS-1995856
10484,HSS-8074456
79688,HSS-8018983
235412,HSS-8087206
8427,HSS-1039100
146629,HSS-8083321
84977,HSS-8026146
238410,HSS-1998261
132596,HSS-1988127
77551,HSS-8060261
188633,HSS-1039091
205963,HSS-8059648
128243,HSS-8067102
121054,HSS-8062352
88773,HSS-8081699
234152,HSS-8086398
233920,HSS-8086366
30464,HSS-1041689
85363,HSS-1018993
98123,HSS-8067099
8824,HSS-8067926
168476,HSS-8082569
183284,HSS-8067922
84830,HSS-8082568
233346,HSS-1045760
236100,HSS-1046678
200956,HSS-8078475
170987,HSS-1043954
2819,C008924
231072,HSS-8084088
230949,HSS-8084073
12638,HSS-8064807
176071,HSS-1990633
150336,HSS-1990620
79045,HSS-1990617
6395,HSS-1990607
107959,C011882
23427,C011489
14637,HSS-8059831
229692,HSS-8084243
157479,HSS-8080531
146509,HSS-8018643
77606,HSS-8059824
85492,HSS-8059906
200960,HSS-1044367
136758,HSS-8067896
194646,HSS-8073316
242276,47237
229337,HSS-8082920
141116,HSS-8060622
148552,HSS-8081705
238506,HSS-1046105
57767,HSS-8074425
29769,HSS-8073914
227395,HSS-8082918
229402,HSS-8084345
94666,HSS-8022246
238845,HSS-1046892
226692,HSS-8084840
226698,HSS-8084843
116751,HSS-1043842
203131,HSS-8060341
169458,HSS-8060335
132482,HSS-8080152
230012,HSS-8084304
33291,HSS-1042778
192323,HSS-1041209
137913,HSS-1041212
52353,HSS-1041210
188096,HSS-8059472
97457,HSS-8024266
189705,HSS-1042140
102628,HSS-8073078
119913,HSS-1042149
79685,HSS-1032217
183470,HSS-8010237
1714,HSS-1033305
231019,HSS-1045607
231024,HSS-1045606
60198,HSS-1038563
3634,HSS-8059909
30836,HSS-8067615
193453,HSS-8073530
41738,HSS-8077596
239504,HSS-8085335
24763,HSS-8083386
240562,HSS-1046656
112254,HSS-1022542
79953,HSS-1024314
199921,C006773
189287,C004176
173165,C004672
87026,HSS-8074751
71496,C002589
234134,HSS-8086364
237133,HSS-1046738
125025,HSS-8074241
184467,HSS-1043120
226498,HSS-8082578
61842,HSS-8082588
196570,HSS-8082590
198113,HSS-8080085
30785,HSS-8069580
172324,HSS-8068505
168220,HSS-8026918
150408,HSS-8060613
239790,HSS-8085895
11020,HSS-8070930
76449,HSS-8076192
65286,HSS-1032154
11487,HSS-8026620
16891,HSS-1044220
70528,HSS-8026958
230460,HSS-8084246
226694,HSS-8084252
226680,HSS-8084251
231090,HSS-8084249
226690,HSS-8084250
42997,HSS-8024804
141103,HSS-8080528
64519,HSS-8068204
228530,HSS-8083865
225473,HSS-8080544
196197,HSS-8068200
133946,HSS-8068203
43191,HSS-8023783
56267,HSS-8068197
61274,HSS-8080527
139256,HSS-8080548
142490,HSS-8062177
1484,HSS-1045009
162379,HSS-8075168
65683,HSS-8065647
70703,HSS-8070655
9825,HSS-8013508
135924,HSS-8065885
13939,HSS-8081978
196030,HSS-8025368
65106,HSS-8076486
204712,HSS-8012977
206257,HSS-8077153
168055,HSS-8071769
56491,HSS-8078692
90970,HSS-8070841
76698,HSS-8078696
73000,HSS-8070840
228124,HSS-8084276
66987,HSS-8059432
21633,HSS-8078695
54512,HSS-8068453
196782,HSS-8070842
155068,HSS-8070843
153329,HSS-8059451
145555,HSS-1991924
155875,HSS-8078693
114368,HSS-1991928
139017,HSS-8078694
134286,HSS-8078697
159402,HSS-8059441
192678,HSS-8078700
185668,HSS-8059435
59275,HSS-1968253
11401,HSS-1985073
235236,HSS-8085919
238249,HSS-8085920
85782,HSS-8078335
20561,HSS-8059964
75065,HSS-8065205
100283,HSS-8065193
83890,HSS-8065895
163378,HSS-8027547
137123,HSS-1044028
90060,HSS-8079380
131698,HSS-8066602
163152,HSS-8066591
81375,HSS-8066595
81044,HSS-8071434
129435,HSS-8066593
99443,HSS-8066589
83364,HSS-8066587
162825,HSS-8066601
94667,HSS-8066590
15360,HSS-8066583
129325,HSS-8066580
171961,HSS-8066599
29463,HSS-8066594
40611,C005204
229268,HSS-1045317
125573,HSS-1034643
150682,HSS-8022875
122032,HSS-8066586
175412,HSS-8066578
36065,HSS-8066600
155756,HSS-8079378
207364,HSS-8066597
28900,HSS-8079381
55449,HSS-8059169
126059,HSS-8066598
47442,HSS-8066596
57980,HSS-8066582
58167,HSS-8066585
93890,HSS-8066588
193445,HSS-8079377
53996,HSS-8066579
32123,HSS-8066581
1846,HSS-8079379
160976,HSS-8003302
32929,HSS-8072924
20096,HSS-8072919
199167,HSS-8069999
58193,HSS-8025534
195686,
144535,
15342,
131671,
182537,
188300,
3306,
9853,C002648
156027,HSS-1012963
44201,HSS-1973638
165907,C002591
142708,HSS-8021206
187525,HSS-8072921
229493,HSS-8083197
145984,HSS-8079402
124352,HSS-1041677
12659,HSS-8069613
32298,HSS-1031586
187565,HSS-1031583
168857,HSS-8060965
55662,HSS-8060963
38305,HSS-8060969
46754,HSS-8060967
54898,HSS-8080779
89437,HSS-1964264
157002,HSS-8068144
190493,HSS-8025351
47617,HSS-8071227
14836,HSS-1043203
16193,HSS-8058137
229490,HSS-1045241
153826,HSS-8074864
196347,HSS-1040264
138502,HSS-8068881
190094,HSS-8074865
66761,HSS-8068883
205572,HSS-8068880
74733,HSS-8068888
161795,HSS-8068886
36050,HSS-1043630
184788,HSS-1035903
109706,HSS-8068885
83298,HSS-1043611
117883,HSS-8068882
119594,HSS-1040266
65037,HSS-8074866
145567,HSS-8025524
132771,HSS-8074862
136819,HSS-8077325
38239,HSS-1044878
52222,HSS-8068887
168175,HSS-8074863
86907,HSS-8076197
84220,HSS-8067038
165858,C20130M212
61692,HSS-8076393
47163,HSS-8013574
155641,HSS-8070825
228228,HSS-8085026
118485,HSS-8026124
227834,HSS-8085029
228173,HSS-8085027
42187,HSS-8026125
225244,HSS-1045371
108677,HSS-8026123
225276,HSS-1045370
225224,HSS-1045373
228236,HSS-1045367
6941,HSS-1036337
174755,HSS-8074874
25126,HSS-8059283
8326,HSS-8025554
20861,HSS-8072592
22595,HSS-1044665
60951,C018447
92146,HSS-1044995
160043,HSS-1958714
83324,HSS-8079165
236023,HSS-1046215
227562,HSS-1044961
227590,HSS-1044964
230376,HSS-8084240
73573,HSS-8069308
227818,HSS-8084245
74617,HSS-8069309
6418,HSS-8071193
71527,HSS-1043071
228351,HSS-8084326
231189,HSS-1045540
106106,HSS-8025045
138988,HSS-8072731
112881,HSS-8060256
93363,HSS-8060273
198611,HSS-8025053
189667,HSS-8058491
114757,HSS-8025051
43431,HSS-1036534
12718,HSS-8060257
28535,HSS-1042219
22710,HSS-1030875
22206,HSS-1042628
197759,HSS-1042060
26291,HSS-1042062
1365,HSS-1042066
17962,HSS-8075405
83626,HSS-1042221
50302,HSS-8066063
8386,HSS-8075396
22681,HSS-8075383
1047,HSS-8075394
156360,HSS-8081411
19158,HSS-8081445
234122,HSS-8085033
82802,HSS-8079333
84839,HSS-8059163
228202,HSS-8085034
239495,HSS-1046102
138551,HSS-8073727
62393,HSS-1036379
153235,HSS-8070868
147211,HSS-8018124
124790,HSS-1014530
105549,HSS-8077331
26147,HSS-8077365
80693,HSS-8083196
176541,HSS-8077371
79247,HSS-8069305
76681,HSS-8073069
72215,HSS-8078667
64160,HSS-8078671
58178,HSS-8071191
20410,HSS-1042777
195600,HSS-8073076
147132,HSS-8078676
197067,HSS-1045244
174720,HSS-1044378
229525,HSS-1045243
230023,HSS-1045224
186107,HSS-1033701
180078,C018417
87065,HSS-1031456
46482,HSS-8068247
160255,HSS-8079925
228244,HSS-8082309
233944,HSS-8085267
23720,HSS-8068254
159452,HSS-1031310
37906,HSS-8075927
27720,HSS-8067581
9176,HSS-8069583
151859,HSS-8024662
17836,HSS-8060270
75243,HSS-1040294
50570,HSS-8079395
197753,HSS-1044882
45765,HSS-8079403
169282,HSS-1045001
19430,HSS-1043797
176390,HSS-8068484
24646,HSS-8068186
115554,HSS-8076938
174888,HSS-8025222
156010,HSS-8079556
102214,75988
90135,HSS-8000175
83982,
38965,HSS-1042986
121594,HSS-1044562
14980,HSS-1044621
234586,HSS-1046050
170528,HSS-8067587
15665,HSS-8059908
233352,HSS-8084332
127638,HSS-8061210
190749,HSS-8081721
153106,HSS-8075648
142182,HSS-8068893
104625,HSS-8025034
117678,HSS-1031313
2176,HSS-8070878
32407,HSS-8065192
225250,HSS-1045325
154426,HSS-1040938
67429,HSS-8024539
37560,HSS-8065197
136970,HSS-8061723
105609,HSS-8078108
136668,HSS-8016648
233861,HSS-1045944
31822,HSS-1039173
104676,HSS-1044838
228268,HSS-8082825
228335,HSS-8082827
126745,HSS-8074432
121478,HSS-8058888
168955,HSS-8061208
131141,HSS-8066408
121020,HSS-8024770
77011,HSS-1041013
121987,HSS-8024078
196256,HSS-8078272
18147,HSS-1043664
16801,HSS-8025889
230013,HSS-8084056
200923,C161292201sssddda
48680,HSS-8015778
206949,HSS-1031567
44123,HSS-8011769
12297,HSS-8079321
29899,HSS-8078680
146219,HSS-8067377
91729,HSS-1043762
107165,HSS-8067357
97187,HSS-1043830
200305,HSS-8067368
159986,HSS-8071169
28499,HSS-8067374
14864,HSS-1042856
138512,HSS-8019140
230277,HSS-8084632
229384,HSS-1045117
59118,HSS-8065380
68683,HSS-8059289
135413,HSS-8059292
96300,HSS-8059285
176256,HSS-1035336
37748,HSS-8059284
196789,HSS-1044248
133595,HSS-8025523
228596,HSS-8084621
206973,HSS-8059288
4384,HSS-8059286
65833,HSS-8059291
229069,HSS-8084622
203624,HSS-8072508
228513,HSS-8084626
227807,HSS-8084623
152629,HSS-8072510
43722,HSS-8059293
228430,HSS-8084620
177784,HSS-8072507
159695,HSS-8072511
52528,HSS-8072509
227733,HSS-8084617
178508,HSS-8059287
229071,HSS-8084631
147766,HSS-1038571
123864,HSS-1042264
51722,HSS-1044716
101390,HSS-8079376
82638,HSS-8079373
143472,HSS-1036532
7288,HSS-8066634
112477,HSS-8064858
191240,HSS-8018025
81221,HSS-8064862
40182,HSS-1039741
92459,HSS-8079374
856,HSS-8057909
179077,HSS-8064860
66238,HSS-8064857
106587,HSS-8079375
202503,HSS-8064859
50590,HSS-8064861
232970,HSS-1045723
72400,HSS-8059995
195713,HSS-8059972
186760,HSS-8061179
177901,HSS-1042537
113961,HSS-1960769
124971,HSS-8076944
8970,HSS-8080510
135262,HSS-8077383
174947,HSS-8017336
229298,HSS-8084024
177948,HSS-1031319
36682,HSS-8074782
23354,HSS-8072094
160016,HSS-8027555
148948,HSS-8027552
128413,HSS-8059605
228239,HSS-1045096
52787,HSS-1043366
225139,HSS-8083868
48731,HSS-8080539
25327,HSS-8062349
79560,HSS-8075454
158561,HSS-4031658
71911,HSS-8025378
171203,HSS-8024077
82781,HSS-8026663
179889,HSS-8060541
16137,HSS-8060572
129283,HSS-8065523
202142,HSS-8026066
36712,HSS-8023586
1855,HSS-8069327
175151,HSS-8021548
117840,HSS-8061666
28747,HSS-8025354
93222,HSS-1031468
22915,HSS-1018863
188744,HSS-1018861
62785,HSS-1043405
43021,HSS-1032926
228609,HSS-1994423
68599,HSS-1990595
64630,HSS-1990596
101064,HSS-1041190
226515,HSS-8082901
227390,HSS-8082883
230141,HSS-8082913
225225,HSS-1045492
91008,HSS-8060334
226510,HSS-1045137
53741,HSS-1036606
116947,HSS-1041325
226493,HSS-8082905
34288,HSS-8066377
140565,HSS-8067545
168415,HSS-1990600
159944,HSS-8024793
109577,HSS-8024797
193019,HSS-1032939
124431,HSS-1041328
41284,HSS-8074188
205669,HSS-8074187
175661,HSS-8079933
71158,HSS-1043957
146738,HSS-8069140
225217,HSS-1045489
4560,HSS-1018353
226488,HSS-8082907
96467,HSS-8074424
14783,HSS-8074423
182313,HSS-8059953
86084,HSS-8068538
36150,HSS-1034073
188381,HSS-8074904
176247,HSS-8074899
92883,HSS-1042288
131397,HSS-8059014
109185,HSS-8071766
41579,HSS-8059919
104858,HSS-8059907
99727,HSS-1043946
7512,HSS-1960815
45699,AO00002
229830,HSS-1045407
189587,HSS-1037481
20357,HSS-7020859
64010,C009316
171790,HSS-8071525
113144,HSS-8072119
81965,HSS-8071435
49732,HSS-8071436
39973,HSS-8014149
85740,HSS-8067945
132997,HSS-8066206
82141,HSS-1034992
30335,HSS-8071220
62580,HSS-8075869
136599,HSS-8027585
38894,HSS-1033710
32988,HSS-8070341
31814,HSS-8066071
30843,HSS-1035922
26586,HSS-8066058
12373,HSS-8022679
10644,HSS-8066070
1865,HSS-1034797
7312,HSS-8081414
90785,HSS-8066053
37548,HSS-1043119
225712,HSS-1045020
207181,HSS-8013657
226522,HSS-1045348
53576,HSS-1041009
137212,HSS-1040960
51843,HSS-8066061
131644,HSS-1988729
7300,HSS-1037494
105126,HSS-8070334
15206,HSS-8070336
181652,HSS-8066073
130715,HSS-1038529
194076,HSS-8070358
55524,HSS-1038531
206517,HSS-8078659
202690,HSS-1041523
143069,HSS-1025143
93930,HSS-1038719
197018,HSS-1038568
183533,HSS-8079389
130698,HSS-8073499
109750,HSS-8065000
174956,HSS-8022927
225278,HSS-1045329
140709,HSS-1043487
203154,HSS-8065140
169939,HSS-8075094
170695,HSS-8075093
65100,HSS-8065143
3525,HSS-8068163
1349,HSS-1042284
140570,HSS-8027719
101094,HSS-8027722
163621,HSS-8070339
150095,HSS-8070344
90321,HSS-1043042
154565,HSS-1043044
227588,HSS-1044963
49477,HSS-8070361
195911,HSS-1032040
94954,HSS-1042220
160909,HSS-1043475
128715,HSS-1044025
64431,HSS-1035307
19578,HSS-8075410
139828,HSS-8075387
175364,HSS-8018698
225708,HSS-8082625
188062,HSS-1040814
89820,HSS-8072110
71479,HSS-8071776
169185,HSS-8058877
108625,HSS-1039355
163101,HSS-1039342
69769,HSS-8013704
51650,HSS-8067975
10332,HSS-8067966
91018,HSS-8076690
190014,HSS-8073312
83925,HSS-1042372
82569,HSS-8079142
20711,HSS-8079135
107376,HSS-8079122
92189,HSS-8079134
91491,HSS-8065368
21994,HSS-1041721
12199,HSS-1041242
71101,HSS-1041238
49528,HSS-1042924
22111,HSS-1043456
143724,HSS-1041241
104453,HSS-8026639
94983,HSS-8075400
156831,HSS-8014873
34204,HSS-8026529
193316,HSS-8070320
183614,HSS-8075076
182936,HSS-8075097
14285,HSS-8079159
8469,HSS-8075083
187627,HSS-8065155
196741,HSS-8075078
47836,HSS-8075086
197237,HSS-1964305
44344,HSS-8073386
27021,HSS-8069544
44096,HSS-8062351
171116,HSS-8079153
5990,HSS-8065208
95444,HSS-1038440
169991,HSS-1038569
106204,HSS-1043144
200318,HSS-1045027
40271,HSS-8073306
63929,HSS-8073307
158587,HSS-8073304
156510,HSS-8073303
42371,HSS-8058896
36088,HSS-8069340
96115,HSS-8059938
2063,HSS-8060600
53604,HSS-8058880
189242,HSS-1035580
106997,HSS-8075077
14780,HSS-8024679
4715,HSS-8027723
14484,HSS-8027721
138381,HSS-8060552
194379,HSS-8060550
227589,HSS-1044965
225684,HSS-1045021
225683,HSS-1045015
225667,HSS-1045022
225720,HSS-1045016
225704,HSS-1045012
225718,HSS-1045017
92292,HSS-8081464
108348,HSS-8081416
38538,HSS-8081465
118970,HSS-1044328
125962,HSS-1044117
84062,HSS-1044114
39191,HSS-1044119
203384,HSS-8078273
170179,HSS-8078271
195211,HSS-8078899
136694,HSS-1043213
93311,HSS-8076953
27574,HSS-1044564
127745,HSS-8080541
191383,HSS-8081432
207429,HSS-8079128
37458,HSS-8075373
90229,HSS-8075381
155721,HSS-1042521
59036,HSS-8073104
6424,HSS-8073513
1566,HSS-8070321
16745,HSS-8073130
172281,HSS-8069597
206620,HSS-8067600
153173,HSS-8066062
108090,HSS-8066378
136950,HSS-1036333
89327,HSS-8065212
26825,HSS-8065366
191859,HSS-1039000
54778,HSS-8059990
119717,HSS-8065353
78471,HSS-8065357
69773,HSS-8069350
29749,HSS-8066247
113952,HSS-8058900
76604,HSS-8027724
99459,HSS-8007740
96603,HSS-8009017
96602,HSS-8009169
95367,HSS-1032931
94668,HSS-8024089
85306,HSS-8026923
84757,HSS-8018612
81551,HSS-8019536
80601,HSS-1035686
79402,HSS-8026651
70543,HSS-8007151
22031,HSS-8022681
21409,HSS-8026990
21034,HSS-8026903
48088,HSS-8015819
29708,HSS-1018860
194664,HSS-8017331
189884,HSS-8010684
189395,HSS-8058036
175688,HSS-8026922
154129,HSS-1015921
146735,HSS-8022534
146194,HSS-8026819
78031,HSS-1042841
168828,HSS-1973728
128682,HSS-1973679
205566,HSS-1042656
126229,HSS-1973676
87846,HSS-1973646
68122,HSS-1973958
72749,HSS-1044939
103908,HSS-8075349
78204,HSS-1044864
27587,HSS-1044812
122164,HSS-8061190
174472,HSS-1044684
65948,HSS-8065153
143087,HSS-8065209
68609,HSS-8070871
107864,HSS-8075105
47816,HSS-8075102
74382,HSS-1044687
88625,HSS-8061489
200670,HSS-1036809
184898,HSS-1975588
88281,HSS-8077560
183597,HSS-8027681
193018,HSS-1044501
126921,HSS-1035312
24837,HSS-1044471
71808,HSS-1044460
105723,C22328M124
132008,HSS-8023549
97078,HSS-8078151
11491,C009771
168769,HSS-8059427
47637,HSS-1974430
141955,HSS-8078158
151375,HSS-8026804
13159,HSS-8076151
79883,HSS-8059325
85867,HSS-8078088
165980,HSS-8060602
194064,HSS-8017973
31721,HSS-1035201
191551,HSS-8070666
182436,HSS-8070665
172965,HSS-8026640
171540,HSS-8068477
194190,HSS-8076925
37945,HSS-8024775
103726,HSS-8059612
75148,HSS-8059602
88088,HSS-8025194
62036,HSS-8061457
129838,HSS-8061451
174894,HSS-1067382
144044,HSS-8058501
173608,HSS-8068514
49340,HSS-8067611
75470,HSS-8065198
65829,HSS-8027686
161652,HSS-1039900
143181,HSS-8059976
68073,C009821
186662,HSS-8073105
177211,HSS-8075174
195411,HSS-1041214
180314,HSS-1037142
177924,HSS-1037141
85665,HSS-1039327
104241,HSS-1017763
70932,HSS-8011939
130321,HSS-8060614
159290,HSS-8060510
174057,HSS-8060554
40664,HSS-8060549
99000,HSS-8075151
136917,HSS-8069367
159990,HSS-8075754
95501,HSS-1022017
99822,HSS-1043211
65366,HSS-8059814
68447,HSS-1042400
175625,HSS-8026652
179699,HSS-8070388
154897,HSS-1044633
1027,HSS-1044496
187180,HSS-1043776
172796,HSS-8058013
87106,HSS-1043425
4330,HSS-1043143
17308,HSS-1039838
98527,HSS-1035003
166980,HSS-1034967
120796,HSS-8070847
139586,HSS-1036153
205213,HSS-1033139
82117,HSS-8017796
111322,HSS-8025237
195501,HSS-8074619
59867,HSS-8011195
205008,HSS-1026985
109496,HSS-8025187
58366,HSS-8059459
189361,HSS-8059475
3828,HSS-1034966
173263,HSS-1032096
198706,HSS-1043586
181148,HSS-1039773
203551,HSS-1044500
93347,HSS-1044485
151430,HSS-8018223
163459,HSS-8080545
23242,HSS-1036535
70820,HSS-8074935
48297,HSS-8080533
168261,C004144
138763,C009082
176269,HSS-1960810
133058,HSS-1988739
89718,HSS-6001440
95499,HSS-6001415
98700,HSS-6001401
125138,HSS-1960760
122014,HSS-6001523
157017,HSS-6001366
161985,HSS-1960766
16328,HSS-1040844
70850,HSS-8059950
11564,HSS-8012656
16443,HSS-1973737
107263,HSS-8025200
168831,HSS-8074441
75621,HSS-8020185
110483,HSS-8068480
31587,HSS-8026483
101522,HSS-8069374
82714,HSS-1033300
35835,HSS-8076933
193444,HSS-8018250
166569,HSS-1043828
176824,HSS-1043827
93795,HSS-1036958
64107,HSS-8071755
144641,HSS-8073375
126552,HSS-1042065
142963,HSS-1042075
53631,HSS-1044380
151316,HSS-1043040
146656,HSS-8059011
67787,HSS-8060568
125173,HSS-8079149
181876,HSS-8059036
206023,HSS-8069315
175551,HSS-8059037
91308,HSS-8059032
54472,HSS-1026420
26448,HSS-1033147
132009,HSS-1043400
198073,HSS-8079817
50296,HSS-8067088
7560,HSS-8026494
55993,HSS-8070574
84440,HSS-1042480
35100,HSS-1041673
11422,HSS-8073910
134570,HSS-8075435
131105,HSS-8071504
103433,HSS-8058891
135464,HSS-8078637
195615,HSS-8079120
204305,105085
93188,HSS-8059940
110579,HSS-1015741
166571,HSS-1034661
118305,HSS-1043794
38884,HSS-1043395
16572,
137752,HSS-8078270
86740,HSS-8065871
55005,HSS-8065881
204334,HSS-8065883
63972,HSS-8065900
55307,HSS-8066355
152609,HSS-8072740
56950,HSS-1034744
3273,HSS-8019676
105356,HSS-8015831
68059,HSS-1029070
2324,HSS-8078322
166366,HSS-8059453
96820,HSS-1032923
132685,HSS-1033949
145912,HSS-8078626
98313,HSS-1037480
169613,HSS-8074420
79043,HSS-1026485
149330,HSS-1044249
178537,HSS-6001272
13470,HSS-8076949
197180,HSS-8012686
121253,HSS-8014461
92642,HSS-1033719
77781,HSS-1960912
133626,HSS-1026752
94274,HSS-1026723
19033,HSS-1039918
21503,HSS-8059941
26145,HSS-8075704
60357,HSS-8066080
25420,HSS-1007467
177987,HSS-1018303
40814,HSS-8070142
30968,HSS-1040003
181952,HSS-1029058
172720,HSS-8026510
133829,HSS-8070145
62800,HSS-8070143
137104,HSS-8073116
183636,HSS-8061169
8482,HSS-8061170
192180,HSS-8070404
27675,HSS-8026504
179734,HSS-8026506
186203,HSS-8026502
46983,HSS-8077621
18100,HSS-8026501
83668,HSS-8076196
109881,HSS-8067636
132471,HSS-8067544
23471,HSS-8079182
51618,HSS-1040027
142367,HSS-8025048
156438,HSS-1044130
3204,HSS-8073516
101415,HSS-8066382
121482,HSS-8077545
143479,HSS-8076125
187419,HSS-8069611
96901,HSS-8058499
46893,HSS-8026954
49218,HSS-8067548
194073,HSS-8072725
92748,HSS-1030508
40465,HSS-8026938
140844,HSS-8068510
159256,HSS-8026935
188785,HSS-8073529
191904,HSS-1043433
189795,HSS-8070602
49876,HSS-1042596
99982,HSS-8019533
198972,HSS-1022994
47964,HSS-1039391
105911,HSS-1044100
12204,HSS-1044073
150349,HSS-1043923
155335,HSS-1040057
15209,HSS-1040464
9298,HSS-1034269
79910,HSS-8077547
15457,HSS-8026961
111125,HSS-8026931
186893,HSS-8026932
47809,HSS-1043185
172390,HSS-8076907
128904,HSS-8011535
54298,HSS-8070127
39220,HSS-8009795
83106,HSS-8018080
47499,HSS-8069375
137922,HSS-8059823
85339,HSS-8026917
120559,HSS-8066380
30144,HSS-1040633
116825,HSS-8016739
136008,HSS-8026913
13483,HSS-1040601
10128,HSS-1967602
128920,HSS-1967598
46431,HSS-1967560
57130,HSS-1960756
201127,HSS-8008190
7761,HSS-8018640
164227,HSS-1036608
207089,HSS-8025825
194585,HSS-8018975
197450,HSS-8014444
153995,HSS-8077538
57484,HSS-8077541
187303,HSS-8077540
133625,HSS-8026907
32632,HSS-8023752
54296,HSS-8069577
182384,HSS-8014696
44700,HSS-8026912
6161,HSS-8019530
47017,HSS-8016745
19599,HSS-8017136
26735,BCH-0100092
26225,HSS-1036941
164330,HSS-8058502
62724,HSS-8068501
152269,HSS-8066375
105221,HSS-8014258
84502,HSS-8075372
141345,HSS-8066022
65200,HSS-8067887
177839,HSS-8067595
183307,HSS-8026798
71551,HSS-8068499
124214,HSS-1040154
6917,HSS-8068496
109904,HSS-8026799
177232,HSS-8068498
14652,HSS-8067593
2864,HSS-8068497
101195,HSS-8067592
170069,HSS-1039123
62579,HSS-1025213
49192,HSS-1038075
52399,HSS-8026793
111615,HSS-8026792
2422,HSS-1038073
112579,HSS-8016211
175305,HSS-8026797
84,HSS-8026806
131950,HSS-1041245
91784,HSS-1041247
24598,HSS-8018086
59627,HSS-8026980
151804,HSS-8074435
14633,HSS-1042267
6700,HSS-1044022
53248,HSS-8025735
133699,HSS-8026291
193312,C002539
152036,HSS-8026127
178324,HSS-8026126
173212,HSS-8069345
131298,HSS-8058914
67175,HSS-1031460
132868,HSS-8076142
50669,HSS-8070879
170050,HSS-8065156
17404,HSS-8065362
17255,HSS-1043931
166661,HSS-1043932
41488,HSS-1043929
69067,HSS-1043933
16490,HSS-1043930
50384,HSS-1043934
79980,HSS-1036530
152962,HSS-8058738
46555,HSS-8073683
113860,HSS-8058757
37504,HSS-8073135
129114,HSS-1043790
201298,HSS-1043072
42531,HSS-1043759
12675,HSS-1026463
160959,HSS-8074428
193525,HSS-8025794
192782,HSS-8026911
51710,HSS-8073111
35696,C002593
55538,HSS-8026814
167847,HSS-8021700
102482,HSS-1012689
101041,HSS-8021244
193978,HSS-8077539
175526,HSS-1043667
154697,HSS-8059031
20579,HSS-8068196
59258,C018753
77298,HSS-1026459
61744,HSS-8009749
48161,HSS-1043758
100611,HSS-1042059
123173,HSS-8065168
117050,HSS-8070869
56072,HSS-8077341
15398,HSS-8067361
115278,HSS-1958697
75557,HSS-8071167
180063,HSS-8071738
174322,HSS-1043767
18060,HSS-1042838
95506,HSS-1043654
115039,HSS-8072085
27225,HSS-1043653
107843,HSS-8075358
26798,HSS-8075352
85313,HSS-1031477
118821,HSS-1032723
9890,HSS-1032720
7846,HSS-1035863
117018,HSS-8069548
111486,HSS-8068192
172694,HSS-8068199
55347,HSS-1035864
77157,HSS-1043666
196702,HSS-8026649
151321,HSS-1037597
180621,HSS-8074186
177312,HSS-8077542
41196,HSS-8058455
179452,HSS-1043216
140584,HSS-1043215
194297,HSS-1042979
11888,HSS-8023788
195172,HSS-1035168
118603,HSS-8075438
25146,HSS-8075437
31788,HSS-1039663
175346,HSS-1039611
169103,HSS-8070898
65944,HSS-8058999
49693,HSS-1036897
10029,HSS-8059426
175627,HSS-8059478
2816,HSS-8022684
26715,HSS-8066027
8314,HSS-8066039
194117,HSS-8066024
126621,HSS-8059809
70770,HSS-8060193
170929,HSS-1039159
95744,HSS-1040843
125559,HSS-8075883
169908,HSS-8026364
107702,HSS-1043591
66869,HSS-8067628
75528,HSS-8065148
61140,HSS-1028539
168715,HSS-1043651
198189,HSS-1033365
36475,HSS-8026637
10312,HSS-1023931
50660,HSS-8013152
82258,HSS-8026632
25160,HSS-8059477
182627,HSS-8018255
11317,HSS-1011596
206283,HSS-1043527
19755,HSS-1035920
207193,HSS-8076943
13369,HSS-1043474
159305,HSS-1043539
51140,HSS-1043121
46082,HSS-1043107
202605,HSS-1036638
157817,HSS-1038523
155935,HSS-8060601
199558,HSS-8069321
127704,HSS-8061189
67922,HSS-1038875
198976,HSS-1038078
157226,HSS-8061188
170102,HSS-1036445
45429,HSS-1031922
101329,HSS-8068461
201468,HSS-8068467
160862,HSS-8069370
49593,HSS-8068464
194452,HSS-8068468
6915,HSS-8068470
77172,HSS-8025837
53077,HSS-1039795
63000,HSS-1039665
133505,HSS-8069608
108212,HSS-8059918
47432,HSS-8069600
182906,HSS-8059914
97825,HSS-8066359
48823,HSS-1043398
20169,HSS-8071732
180000,HSS-1040873
54499,HSS-1040872
7487,HSS-8075903
174032,HSS-8026656
88512,HSS-8071730
46187,HSS-8018329
157684,HSS-8075414
142793,HSS-8071747
18070,HSS-1043396
201532,HSS-1043397
108735,HSS-1022253
183410,HSS-8071735
5022,HSS-8061180
26011,HSS-8061178
183890,HSS-1032173
25726,HSS-1039896
123656,HSS-1039406
35805,HSS-8061677
191293,105316
192432,HSS-8069576
174267,HSS-1036637
177843,HSS-8018254
155955,HSS-8075867
160179,HSS-8073555
123950,HSS-1043196
2230,HSS-1043209
63333,HSS-1043210
135183,HSS-1043182
124641,HSS-8021713
26966,HSS-1038113
52643,HSS-8012373
203465,HSS-8027678
1133,HSS-8076659
157370,HSS-1043114
129660,HSS-8075868
9872,HSS-1043149
191789,HSS-1042943
161887,HSS-1031095
71353,
177915,HSS-8072305
65898,HSS-8061691
57000,HSS-8067648
84551,HSS-8072288
24990,HSS-8061688
201291,HSS-8067654
68545,HSS-8072276
109618,HSS-8024788
157632,HSS-8067649
186740,HSS-8067645
147348,HSS-8072283
205410,HSS-8076186
98754,HSS-8026352
76569,HSS-1041208
22671,HSS-1042897
172769,HSS-8065882
123227,HSS-1043128
4809,HSS-8071237
195968,HSS-8025356
206409,HSS-1038703
128070,HSS-1042703
169791,HSS-8065141
168942,HSS-8070867
122491,HSS-8024777
98496,HSS-1038559
149620,HSS-1043070
110669,HSS-8057927
31897,HSS-8061411
109620,
27508,HSS-1973341
159864,HSS-1973340
25141,HSS-8026492
78746,HSS-1042980
142488,HSS-1041003
204795,HSS-8026487
202321,HSS-8026337
196077,HSS-8026486
60412,C011344
143618,HSS-1040367
60883,HSS-1040486
127742,HSS-8073126
175919,HSS-8065173
45570,HSS-8068236
4203,HSS-1037599
87498,HSS-8067553
205147,HSS-8072738
1914,HSS-8075095
148361,HSS-8069853
141923,HSS-8024047
114293,HSS-8025003
129743,HSS-8068483
59542,HSS-1020791
28856,HSS-1035908
128701,HSS-1042539
142205,HSS-1043792
48367,HSS-8059443
132801,HSS-8059463
110377,HSS-1985533
162002,HSS-1985079
197789,HSS-1035311
105665,HSS-8058908
8925,HSS-1040763
200420,HSS-1037273
62433,HSS-8069538
25408,HSS-1022202
126502,HSS-8023774
181939,HSS-1034794
176106,HSS-1033136
171942,HSS-8058910
156829,HSS-8068452
71102,HSS-1032922
97830,HSS-8025056
122163,HSS-8026654
186808,HSS-1042934
103703,HSS-1032592
191193,HSS-1021434
152411,HSS-8061643
177116,HSS-8072350
180780,HSS-8072750
70808,HSS-8075367
181568,HSS-8066344
111603,HSS-8026338
43628,HSS-8024220
26317,HSS-8058456
84387,HSS-1038872
167487,HSS-8015791
22561,HSS-1035565
150872,HSS-8025841
179995,HSS-1042852
75553,HSS-8016982
89270,HSS-1985063
57312,HSS-1985064
128546,HSS-1985065
121325,HSS-1985066
153535,HSS-1985067
103837,HSS-1985068
63505,HSS-1985069
195942,HSS-1985102
22195,HSS-1985105
71325,HSS-8025352
96896,HSS-8068143
81291,HSS-8071225
7864,HSS-8068142
185003,HSS-8071226
77221,HSS-8068146
13958,HSS-8075161
126113,HSS-8069851
140720,HSS-8075167
106973,HSS-8075157
30906,HSS-8011130
32343,HSS-8024778
29186,HSS-8015418
2037,HSS-8068450
37200,HSS-8026348
2320,HSS-8027734
118023,HSS-8068232
155275,HSS-8074096
155351,HSS-8015824
177448,HSS-8026484
175337,HSS-8067542
137504,HSS-1042743
159835,HSS-8067942
173696,HSS-1037830
11269,HSS-1040368
126192,HSS-8024555
79328,HSS-1036019
189427,HSS-1037254
77718,HSS-1040155
73772,HSS-8025202
165950,HSS-1032506
116759,HSS-8066402
80604,HSS-8068529
84701,HSS-8026802
206994,HSS-8072279
4609,HSS-8067415
18498,HSS-8061682
130879,HSS-8061681
173562,HSS-8072285
193457,HSS-1035171
39369,HSS-1985080
119557,HSS-1985081
145056,HSS-1985082
204169,HSS-1985083
178562,HSS-1985085
87433,HSS-1985086
92326,HSS-1985087
101089,HSS-1985089
192351,HSS-1985090
56560,HSS-1018064
129125,HSS-1033308
152017,HSS-8066209
144181,HSS-1039293
128457,HSS-8070934
145352,C009314
206947,HSS-1974092
87123,HSS-1024187
10599,HSS-1024203
192171,HSS-1042641
43234,HSS-8027687
137070,HSS-8027676
187045,HSS-1024234
92866,HSS-8065201
145076,HSS-8065361
134070,C003779
45626,HSS-1031662
77531,HSS-1953725
183516,C005059
23164,HSS-8005885
136026,HSS-1953672
127711,
96238,
34110,HSS-1026426
20954,HSS-8073282
141133,HSS-8067070
36739,HSS-8067067
120407,HSS-8067061
62819,HSS-8067064
95872,HSS-8067072
84920,HSS-8067065
4668,HSS-8021238
140967,HSS-8067071
133488,HSS-8072091
177050,HSS-1041753
111658,HSS-8013174
129833,HSS-8068442
50758,HSS-8015428
144257,HSS-1018844
175615,HSS-8016537
2598,HSS-8026334
32604,HSS-8013267
22239,HSS-8058464
178243,HSS-8016529
41304,HSS-8069371
13065,HSS-8073112
102324,HSS-8025001
160027,HSS-8010554
188132,HSS-8026377
2102,HSS-8012755
195893,HSS-1978766
119636,HSS-8011741
145686,HSS-8026491
17571,HSS-8022247
205618,HSS-8018417
141179,HSS-8019514
79658,HSS-8027140
150487,HSS-8009487
128312,HSS-8019500
157321,HSS-1041676
203938,HSS-8062175
36692,HSS-8009528
204134,HSS-8058454
102980,HSS-8068479
62557,HSS-1010138
143151,HSS-1010805
69798,HSS-8021720
60183,HSS-8025008
49010,HSS-8019506
28791,
33526,HSS-1040058
82003,HSS-8011935
112612,HSS-8058495
70911,HSS-8072535
114177,HSS-1042122
90078,HSS-1040243
187594,HSS-8061218
189803,HSS-8061225
172277,HSS-8014998
90072,HSS-8015828
194944,HSS-8008966
89756,HSS-1958980
75891,HSS-1041836
102825,HSS-8072301
162275,HSS-1033950
29456,HSS-1041975
95170,HSS-1019957
26125,HSS-1030515
104158,HSS-8059913
44341,HSS-1030911
151560,HSS-8065350
181573,HSS-8065352
61639,HSS-8065349
97438,HSS-8065351
54312,HSS-8026937
142079,HSS-6001313
187792,HSS-8026972
146320,HSS-1039003
174713,HSS-8067045
5643,HSS-8026805
180713,HSS-8065152
30172,HSS-8025230
144884,HSS-8068509
71640,HSS-8013217
47763,HSS-8026959
84594,HSS-8009723
150585,HSS-8067646
135606,HSS-1041862
188233,HSS-8013550
117705,HSS-8026668
140151,HSS-8071823
123988,HSS-8017324
176406,HSS-8024801
201269,HSS-8070168
111180,HSS-8026975
71379,HSS-8021557
101645,HSS-1042216
158547,HSS-1040028
126172,HSS-8067562
48842,HSS-8070830
73276,HSS-8025192
187942,HSS-8059445
3261,HSS-8070827
13117,HSS-8024245
206921,HSS-8058045
157414,HSS-8013221
97435,HSS-8021983
72041,HSS-1035993
91368,HSS-1040603
105321,HSS-1034184
179997,HSS-1035088
184166,HSS-1037824
168733,HSS-1037826
171206,HSS-1037825
154089,HSS-1037827
122117,HSS-1040532
51296,HSS-8065835
142742,HSS-8073551
154570,HSS-8013499
33352,HSS-1019835
19299,HSS-8071463
109144,HSS-8068183
131077,HSS-1030890
2960,HSS-8015792
181630,HSS-8065898
81219,HSS-8066381
84048,HSS-8015592
99891,HSS-8012378
123680,HSS-8066241
19339,HSS-8027346
137464,HSS-8068500
69870,HSS-8026908
24780,HSS-8006862
139818,HSS-8025055
98888,HSS-1039474
15064,HSS-8013213
48152,HSS-1042210
85352,HSS-8073290
164142,HSS-8011599
125555,HSS-8005749
68179,HSS-8010719
2657,HSS-1017762
71685,HSS-8062304
100422,HSS-8067074
92593,HSS-8065323
184734,HSS-8025957
164103,HSS-8066218
97847,HSS-8070826
601,HSS-8059460
2711,HSS-8059461
97459,HSS-8059476
170575,HSS-1953010
100635,HSS-1953011
53869,HSS-8027679
62082,HSS-8022672
17172,HSS-8070822
106777,HSS-1031763
68369,HSS-8024790
108961,HSS-8067599
123308,HSS-8015580
130913,HSS-8019519
15763,HSS-8011934
173423,HSS-1039387
189310,HSS-1039336
124581,HSS-8026810
205470,HSS-1011003
58942,HSS-8070407
139974,HSS-8025389
12465,C005561
186327,HSS-8015235
183199,HSS-8060619
154599,HSS-8070405
127730,HSS-1033526
131415,HSS-8070402
100116,HSS-8067612
18130,HSS-8060611
110119,HSS-8072766
159119,HSS-8070823
126835,HSS-8070824
177955,HSS-8059462
192799,HSS-8070829
92442,HSS-8059428
105141,HSS-8059430
194736,HSS-8059429
45904,HSS-8059444
181604,HSS-8059448
60507,HSS-8059431
50818,HSS-8059447
134380,HSS-8059464
146471,HSS-8025189
139548,HSS-1038874
71015,HSS-1028655
16639,HSS-8057904
138532,HSS-1034388
133633,HSS-8016624
51076,HSS-8024246
157938,HSS-8061250
150791,HSS-8010972
180734,HSS-1037604
5069,HSS-8025061
194493,HSS-8061923
145293,HSS-8025338
92894,HSS-1041754
104034,HSS-1025613
185993,HSS-8026641
180289,HSS-8025060
152967,HSS-8026662
71703,HSS-8071774
94662,HSS-8067978
178657,C009262
103622,HSS-1037275
115482,HSS-1041835
198973,HSS-8026659
143313,HSS-8024672
102297,HSS-1041099
67716,HSS-8070120
170231,HSS-8025016
73100,HSS-8060340
46081,HSS-1036526
124625,HSS-8061689
82594,HSS-8071216
76685,HSS-1020094
166563,C010027
177037,HSS-1973684
8542,HSS-1973668
33871,HSS-1973710
20441,HSS-1973644
94532,HSS-1973610
76936,HSS-1973696
105976,HSS-1973586
75467,HSS-1973755
129336,HSS-1973582
26528,99497
18212,HSS-8024805
22545,100228
24211,
4166,
73770,HSS-1038064
6052,HSS-8011063
198880,93578
59794,
85233,
91695,
94147,
57389,
33809,
99710,
127768,
32121,
85564,HSS-8026530
572,HSS-8026532
197754,HSS-8026524
74794,HSS-8023251
104861,HSS-8026526
38548,HSS-8024806
56860,HSS-8060346
115525,HSS-8060350
42309,HSS-8060344
149778,HSS-8060342
175310,HSS-8059436
94127,HSS-8070844
3570,HSS-8009730
158602,HSS-8016238
138990,HSS-8024780
134528,HSS-1017897
175493,HSS-8066222
79,HSS-8071772
3778,C008339
201194,HSS-1973633
173348,HSS-8058479
186268,HSS-8024802
33930,HSS-8066412
67464,HSS-1034479
175796,HSS-8061647
38449,HSS-8024413
73793,HSS-8068528
62891,HSS-1033887
156211,HSS-8059801
20612,HSS-8025013
13615,HSS-8067623
16875,HSS-1036901
70479,HSS-8066248
61752,HSS-8071218
207271,HSS-8066249
126146,HSS-1040770
133772,HSS-8059812
113360,HSS-8021572
75369,HSS-8067555
64907,HSS-8026666
158882,HSS-1037277
64687,HSS-8058012
160236,HSS-8059813
39209,HSS-8059810
118972,HSS-8026661
83775,HSS-8026658
126760,HSS-8025059
58094,HSS-8059825
157702,HSS-8003284
29002,HSS-8026672
122416,HSS-8026035
134617,HSS-8018717
57653,HSS-8026667
101162,HSS-1039616
1574,HSS-8061408
117446,HSS-1040293
82311,HSS-1039133
58395,HSS-8065189
64009,HSS-1042451
97889,HSS-8025831
133057,HSS-8067608
4026,HSS-8024090
47638,HSS-1040769
160839,HSS-8058911
93613,HSS-1038560
147285,HSS-1038564
154114,HSS-1037294
157147,HSS-1037293
128632,
160468,HSS-1037209
51638,HSS-1037211
23137,HSS-1039605
188411,HSS-8067390
140810,HSS-8066410
205794,HSS-1033718
17783,HSS-8067386
172695,HSS-1974413
40529,HSS-8025198
67386,HSS-1031472
103700,HSS-1040280
163030,HSS-8065893
163051,
163015,HSS-8011466
162979,HSS-8066244
163362,HSS-1035912
150755,HSS-8058906
150779,HSS-1032924
150962,75538
150963,75567
162863,HSS-1037834
163564,HSS-8070866
163566,HSS-8080096
163567,HSS-8080131
163568,HSS-8068248
163778,HSS-1041331
163804,HSS-8071212
163889,HSS-8072342
163890,HSS-8073283
163911,HSS-8017871
164001,HSS-8077807
163964,75998
163965,76017
149831,HSS-1035459
149906,HSS-8013878
149933,HSS-1034519
150045,C015207
150415,HSS-1964245
150423,HSS-1042658
150647,HSS-8066212
150889,HSS-8059611
150734,HSS-8073079
150497,HSS-1021068
150504,HSS-8077543
165613,HSS-8080070
165642,
165683,HSS-8021942
165976,C21222M287
165979,HSS-8069783
165942,
165837,C002389
165840,HSS-1040571
165745,
166165,HSS-8068218
166257,105010
166235,HSS-8014501
166209,HSS-8074640
166210,HSS-1044355
166211,HSS-8018783
178692,HSS-8074019
178643,HSS-8070345
178770,
178799,HSS-1035214
178810,HSS-8016462
179154,HSS-8021226
179158,HSS-8077548
179369,HSS-8024233
179494,HSS-8026825
179496,HSS-8075921
179509,HSS-8068227
179735,HSS-1043494
179775,HSS-1021710
179808,HSS-8059003
179899,HSS-1019376
179849,HSS-8058901
180169,HSS-8080105
180217,HSS-8073089
180496,HSS-8025635
180428,HSS-1034809
180435,C008917
180397,C004883
180328,HSS-8004277
180093,HSS-1037216
180884,HSS-8071501
181372,HSS-8067911
194514,HSS-1033884
194594,C002001
194023,HSS-8070318
194204,HSS-8079572
194272,HSS-1027310
194143,HSS-1036525
194948,C018794
194914,HSS-1029079
194861,HSS-8079619
195360,HSS-1044397
195365,HSS-8071437
181486,HSS-8078430
181810,100167
181835,HSS-1022267
181839,HSS-8080520
181842,HSS-1030907
181982,HSS-8078924
193175,C015214
193311,C002530
193526,HSS-8071502
193773,103011
193665,HSS-8081458
193656,HSS-1953572
193968,105090
193974,HSS-1031459
193849,HSS-8068229
195824,HSS-8076694
195721,HSS-1018848
195435,HSS-8075154
195401,HSS-1043428
195570,HSS-1036900
195967,HSS-1032255
196298,HSS-8080091
196229,HSS-1033720
196309,103010
196378,HSS-1036541
208878,
208922,
208971,
209096,
209127,
225120,HSS-1995835
16203,HSS-1044670
209359,
209405,
225116,HSS-8084050
225113,HSS-1995869
85567,HSS-8081623
210520,
210566,
210618,
183841,HSS-8082552
236698,HSS-1047065
239787,HSS-1046101
236521,HSS-1046744
233903,HSS-8086526
239838,HSS-1046534
244741,HSS-8090269
261870,HSS-8092551
236358,HSS-8088470
231197,HSS-1045535
231198,HSS-1045533
231192,HSS-1045536
231193,HSS-1045537
234541,HSS-1997623
234542,HSS-1997615
234545,HSS-1997585
234539,HSS-1997580
233900,HSS-8085278
233901,HSS-1046646
234549,HSS-1997619
234550,HSS-1997605
234551,HSS-1997620
234552,HSS-1997609
234553,HSS-1997592
234554,HSS-1997578
236713,HSS-8088078
236671,HSS-1047175
247083,HSS-8089518
244694,HSS-8091141
245881,HSS-1047563
245882,HSS-1047556
245883,HSS-1047559
245884,HSS-1047557
245885,HSS-1047560
234696,HSS-1046544
234697,HSS-8086567
236750,HSS-8088674
248384,HSS-1903196
247081,HSS-8089416
236689,HSS-1047188
236271,HSS-8088059
233275,HSS-8094379
233277,HSS-8094385
232996,HSS-1045721
232979,HSS-1045720
232854,HSS-8084113
235258,HSS-1997603
235259,HSS-1997602
238903,HSS-1048119
232989,HSS-1045719
234538,HSS-1997579
238904,HSS-1047464
238905,HSS-1047438
238906,HSS-1047461
238907,HSS-1047544
238908,HSS-1047457
238909,HSS-1047467
238910,HSS-8089256
238911,HSS-8089016
236324,HSS-1901115
234485,HSS-1046039
236365,HSS-8088282
234487,HSS-1046044
236177,HSS-8088057
238913,HSS-1047589
238914,HSS-8089159
238915,HSS-1047518
236190,HSS-8088635
238923,HSS-8089138
238924,HSS-8089147
236287,HSS-1046756
236291,HSS-1046728
238921,HSS-8089280
236185,HSS-8088307
236187,HSS-8088837
238916,HSS-8089158
238917,HSS-8089149
238918,HSS-8089150
238919,HSS-8089517
238920,HSS-1047592
234497,HSS-1046054
246016,HSS-1047700
246019,HSS-8089300
232773,HSS-8096489
232774,HSS-8086774
231997,HSS-8083698
257738,HSS-8093849
233148,HSS-8095581
233146,HSS-8094889
231984,HSS-8083622
236646,HSS-8088087
266915,HSS-1111490
240621,HSS-1046749
236655,HSS-1901117
233597,HSS-1045888
233598,HSS-1045886
233599,HSS-1045885
233225,HSS-8094397
233226,HSS-8094395
233219,HSS-8094506
233220,HSS-8094360
233216,HSS-8094378
233217,HSS-8094486
233123,HSS-8094885
233125,HSS-8094910
233126,HSS-8095037
233129,HSS-8094550
266923,HSS-8096398
256358,HSS-1961911
256359,HSS-1111085
248999,HSS-1048170
249605,HSS-8091745
257187,HSS-8096472
247766,HSS-1048144
278367,HSS-8096544
233118,HSS-8095049
233120,HSS-8094890
233357,HSS-8084247
233115,HSS-8094873
235760,HSS-8088226
235758,HSS-8088263
232765,HSS-8092437
232766,HSS-8092745
232767,HSS-8091937
232768,HSS-8092432
235099,HSS-8089411
235767,HSS-1047174
235768,HSS-1046718
235769,HSS-1047237
235775,HSS-8088244
235779,HSS-8087756
235780,HSS-8088072
249607,HSS-8091719
249608,HSS-8091510
244787,HSS-8091458
244781,HSS-8091464
244784,HSS-8091231
244785,HSS-8091457
232807,HSS-8092442
232808,HSS-8092528
232833,HSS-8084075
232830,HSS-8084074
232761,HSS-8092753
232762,HSS-8093510
232758,HSS-8092433
232759,HSS-8092756
232802,HSS-8091962
244779,HSS-8090855
244773,HSS-8090274
244771,HSS-8090275
247194,HSS-1047889
247195,HSS-1047890
247188,HSS-8091475
247186,HSS-8090981
246563,HSS-1047645
247165,HSS-1047810
247167,HSS-8091060
247163,HSS-1047801
256933,HSS-8092944
247182,HSS-8091059
245886,HSS-8089145
247179,HSS-1047805
247180,HSS-1047830
256702,HSS-8094193
256703,HSS-8094186
247809,HSS-8089814
247810,HSS-8089818
247241,HSS-8091267
247242,HSS-8090010
247243,HSS-1047992
247244,HSS-1047697
247805,HSS-8089935
247235,HSS-8091045
247236,HSS-8091053
247237,HSS-8090988
247233,HSS-1047955
247222,HSS-1047894
247223,HSS-1047897
247224,HSS-8091473
247225,HSS-1047956
247226,HSS-8090009
247228,HSS-1047991
247229,HSS-8089995
247230,HSS-1047893
247231,HSS-8091043
250736,HSS-1048270
250737,HSS-1048271
250738,HSS-1048263
250739,HSS-1048269
248236,HSS-8090366
250733,HSS-1903169
249056,HSS-1048164
247336,HSS-1048075
246935,HSS-1047895
250903,HSS-8091462
247342,HSS-1048047
247340,HSS-1902539
247346,HSS-1048074
247347,HSS-1902545
246579,HSS-1047721
279004,HSS-8096691
279005,HSS-8096692
279025,HSS-8096695
256947,HSS-8092896
256709,HSS-8094194
249038,HSS-1048224
250723,HSS-1048458
278444,HSS-8096568
278434,HSS-8096618
278438,HSS-8096596
278311,HSS-8096666
278426,HSS-8096542
278427,HSS-8096780
249663,HSS-1904936
247007,HSS-8089421
247326,HSS-8090986
247327,HSS-8090362
247328,HSS-1048052
247329,HSS-8090361
247334,HSS-1049124
256951,HSS-8092945
256953,HSS-1110674
256954,HSS-8092938
256955,HSS-8092880
247291,HSS-1048051
247293,HSS-8090262
247289,HSS-8091002
248536,HSS-1092831
256948,HSS-8093010
256949,HSS-1110663
256950,HSS-8092898
248481,HSS-8091654
248482,HSS-8091629
248483,HSS-8091627
248484,HSS-8091630
248485,HSS-8091631
247948,HSS-1048226
247949,HSS-1048225
256710,HSS-8094199
256713,HSS-8094198
248253,HSS-8090288
248241,HSS-8090998
250906,HSS-8092740
103853,HSS-8071708
103826,
103893,HSS-8076683
103679,HSS-8081406
90057,HSS-8065663
90049,
89886,HSS-8059630
89890,HSS-8059466
89951,
90087,HSS-8025025
90301,HSS-8067933
90507,HSS-1040002
58554,HSS-1030496
58614,HSS-1035429
59044,HSS-1040768
59241,HSS-1040026
59176,HSS-8075952
59418,HSS-8010218
59517,C004046
59468,HSS-1021684
57674,
57706,HSS-8081061
57725,
57560,91528
57519,HSS-8076912
57489,HSS-8072739
46047,C000759
45996,HSS-1002840
57438,
58199,75989
58200,75995
58201,75999
58202,76003
58211,HSS-1041747
57991,HSS-8080578
57950,HSS-8068241
57813,C015347
57814,HSS-8061654
45330,HSS-8075401
45351,
45364,HSS-8072755
45375,HSS-8071185
45384,HSS-8075409
44675,HSS-1035184
44793,HSS-8079646
44744,
44893,C002013
45088,HSS-8073281
45107,HSS-1031483
44279,HSS-8072736
44099,HSS-1044368
44092,HSS-8071767
44044,HSS-8078433
44056,HSS-8027376
44523,HSS-8075395
44597,HSS-8023280
44378,HSS-1033140
44432,HSS-8027349
43635,HSS-8080339
43638,HSS-8070160
43367,HSS-8059625
43693,HSS-8075456
43553,108825
43802,HSS-1026436
43764,HSS-8078685
43824,HSS-1971406
43845,HSS-1043431
43866,HSS-8066250
43951,HSS-8074415
43997,HSS-8070884
44008,HSS-8023587
75100,HSS-8059481
74996,
74651,HSS-8076201
74588,HSS-8065649
74727,HSS-8075359
74275,
74305,HSS-8070332
74229,HSS-8003965
74251,HSS-8080547
74468,HSS-8078117
74422,HSS-8057888
74560,C003672
74561,C003679
73591,HSS-8057895
73714,HSS-8075919
73725,HSS-1030140
74179,HSS-8078711
73946,HSS-1022996
73885,HSS-8071215
73082,C004886
73032,HSS-8024796
250478,HSS-1049393
250488,HSS-8092487
250490,HSS-8092488
250491,HSS-8092155
250493,HSS-8092185
250494,HSS-8092179
250495,HSS-8092184
250496,HSS-8092177
250497,HSS-8092178
249505,HSS-8090267
249506,HSS-8090563
249508,HSS-1048086
249509,HSS-8091055
249809,HSS-8091184
249502,HSS-8091063
249813,HSS-8091070
250486,HSS-8092268
250439,HSS-8090444
250440,HSS-8090559
250449,H7L2WH3
250450,HSS-1049820
250444,HSS-8091171
250453,HSS-1049600
250456,HSS-1049599
249427,HSS-8090549
250461,HSS-1904980
250469,HSS-1904982
249745,HSS-1049363
249743,HSS-1049362
250458,HSS-1049598
250464,HSS-1049612
250465,HSS-1049608
250466,HSS-1904983
256971,HSS-8092930
250976,HSS-1049970
250984,HSS-8092386
250985,HSS-8092357
251204,HSS-8092381
251205,HSS-8092380
251206,HSS-8092392
251207,HSS-8092391
251215,HSS-8092595
250813,HSS-8092613
250814,HSS-8092624
250815,HSS-8092639
250810,HSS-1049975
250811,HSS-8092621
250660,HSS-1048307
251512,HSS-1902723
251232,HSS-8092362
250665,HSS-1048302
251246,HSS-8092610
256964,HSS-8092950
256965,HSS-8092889
256966,HSS-8092943
256969,HSS-8092958
256970,HSS-8092887
258960,
256726,HSS-8094200
256727,HSS-8094142
250711,HSS-1048332
250712,HSS-1048351
250718,HSS-8091239
250714,HSS-8091233
250715,HSS-8091235
251234,HSS-8092361
251235,HSS-8092331
251236,HSS-8092333
251238,HSS-1940508
251239,HSS-8092460
251240,HSS-8092451
251241,HSS-8092461
251242,HSS-8092453
251243,HSS-8092452
251244,HSS-8092455
250587,HSS-1049419
250601,HSS-1049692
250610,HSS-1049823
250612,HSS-1049609
273259,HSS-8096100
273257,HSS-8095705
273253,HSS-8095807
273276,HSS-8095810
273265,HSS-8096453
273266,HSS-8096034
273267,HSS-8094907
238787,HSS-8088836
273693,HSS-8095693
238778,HSS-1047057
238780,HSS-1047059
238782,HSS-1047401
273665,HSS-8096119
273651,HSS-8095596
273652,HSS-8095214
273653,HSS-8096050
273636,HSS-8095623
273689,HSS-8095895
273690,HSS-8095888
273691,HSS-8096169
273669,HSS-8096450
238772,HSS-1047056
238773,HSS-1049187
238764,HSS-8088853
238766,HSS-8088846
238767,HSS-1047054
238768,HSS-1047391
238769,HSS-1047334
238770,HSS-1047390
238418,HSS-1998347
238988,HSS-8088063
238989,HSS-8087480
238990,HSS-8087497
238991,HSS-8087241
248095,HSS-1903205
248317,HSS-1048954
248318,HSS-1048973
248319,HSS-8091713
248331,HSS-1049126
248326,HSS-1049129
248327,HSS-1049125
248291,HSS-1903202
248292,HSS-8090936
248336,HSS-1049133
248344,HSS-1048898
248345,HSS-1048897
248339,HSS-1048690
248340,HSS-1048659
248341,HSS-1048660
248347,HSS-1048895
248351,HSS-8091675
248352,HSS-8091674
248353,HSS-1049336
256720,HSS-8094127
256722,HSS-8094182
256962,HSS-8092885
266972,HSS-1111489
266979,HSS-8096396
263243,HSS-8094682
269171,HSS-8096285
263596,HSS-1940395
273868,HSS-8095903
273869,HSS-8095621
263597,HSS-8094788
263599,HSS-8094728
263600,HSS-8094773
263604,HSS-1940360
263605,HSS-1940358
263093,HSS-8094724
263095,HSS-1940401
263096,HSS-8096456
263143,HSS-1940381
263144,HSS-8094677
263672,HSS-1940364
263676,HSS-1940396
263622,HSS-1940399
265808,HSS-1111233
265800,HSS-8092837
269288,HSS-8096217
269289,HSS-8096278
269294,HSS-8096207
269245,HSS-8096267
53000,HSS-1036453
53078,C008281
53014,HSS-8073878
53251,HSS-8067405
53256,HSS-8015604
53197,HSS-1037155
52618,C003913
52579,
52451,HSS-1979439
52371,HSS-8059636
52389,HSS-8058903
52421,
52083,HSS-8062128
52343,HSS-8079152
82440,HSS-8069343
82443,HSS-1961963
81963,C000601
81964,C000637
82046,HSS-8076146
81139,C000130
81226,HSS-8077592
81232,HSS-1030898
81357,C002766
81603,HSS-8017741
81918,HSS-8067871
80566,HSS-8077378
80726,HSS-8068191
80808,HSS-1037173
80258,HSS-8073088
80266,
80997,C004076
80991,HSS-1040283
80949,HSS-1035113
80869,HSS-8080594
79706,HSS-8062310
79890,HSS-8076947
79839,HSS-1968169
80074,HSS-1035303
79947,HSS-8081437
80230,HSS-1044415
80235,HSS-8058898
80241,HSS-8068504
94505,HSS-8025340
94482,HSS-1038579
94457,HSS-8022571
94458,HSS-8075891
83375,HSS-1037139
83414,
82654,C015216
82764,HSS-1035479
82816,HSS-8075916
83154,HSS-8068230
83268,HSS-8068941
82983,HSS-8076899
82945,HSS-8078687
94878,HSS-1032724
94808,HSS-8080074
95125,HSS-1031974
95071,HSS-1042645
95081,HSS-1026435
95052,HSS-8078686
95522,146645
95404,HSS-8076637
95419,HSS-8079863
97965,HSS-8069586
97945,HSS-8079640
109246,
97865,HSS-8060562
97592,HSS-8027548
97462,HSS-1042271
96969,HSS-8077840
96980,HSS-8067878
97324,HSS-1042139
95963,HSS-8068188
95856,HSS-8075949
95801,HSS-8062129
95789,75571
95790,75576
95791,75991
96240,HSS-8059603
96190,
96120,HSS-1040468
96025,HSS-8071797
96758,HSS-1035430
96555,HSS-8075354
110167,HSS-1032711
110078,75569
109812,HSS-8079878
38478,HSS-8079105
38529,HSS-8074051
38564,HSS-8057883
49899,C20514M211
49966,HSS-8080550
49725,HSS-8075888
50657,HSS-8074581
50755,HSS-8081973
50215,HSS-8061680
50226,
37007,103023
36962,
36917,C012459
36810,HSS-1034679
36813,HSS-1033708
36871,HSS-8025901
36249,HSS-8067877
36201,HSS-1031766
36117,105075
36038,HSS-8067916
37208,HSS-1039090
37142,
37143,
37332,HSS-1034427
37436,HSS-8070900
37857,HSS-8012822
38364,HSS-8074587
38234,HSS-8075433
20605,HSS-8078278
20248,HSS-8076128
20355,HSS-8069531
20947,C002391
21033,HSS-1041828
20836,HSS-1040059
20885,HSS-8017260
21077,HSS-8076204
21091,ECN-77808
21229,HSS-1038115
19409,HSS-6001491
19468,
19276,HSS-8027377
19083,HSS-8071187
7877,HSS-1041218
19970,105072
19989,
20236,HSS-8067145
20213,C003931
19799,
19704,HSS-8068240
19852,
22537,
22570,C003527
22571,C003668
22638,HSS-8076915
22297,HSS-8080810
22395,HSS-8073274
21505,HSS-8078504
21363,HSS-8079608
22074,
22023,HSS-1028667
21927,HSS-8075075
21882,HSS-1038352
21787,HSS-8059000
35827,HSS-8067884
35559,
35606,HSS-8075907
35618,HSS-8065347
35621,HSS-8076649
35642,HSS-8075956
35369,HSS-1036044
35004,HSS-1026458
22975,HSS-8065166
34861,HSS-8065327
34776,HSS-8070159
34812,HSS-8017663
6065,HSS-8071446
6117,HSS-8075885
5799,HSS-8076425
6337,HSS-8078653
6243,HSS-8015844
6582,HSS-8077532
6512,HSS-8003456
5602,HSS-8059619
5755,HSS-8072752
5760,
5523,
5231,HSS-8070894
52049,HSS-1992431
10224,HSS-8086367
233250,HSS-8094391
235841,HSS-8088515
235843,HSS-8087026
235844,HSS-8088495
235549,HSS-1901107
235545,HSS-8087959
235547,HSS-8088260
235835,HSS-1046886
235554,HSS-1046746
236212,HSS-1047320
236213,HSS-1047326
236305,HSS-1046747
235851,HSS-8087256
236314,HSS-8088687
236388,HSS-8088459
239770,HSS-1046026
240165,HSS-1046212
240166,HSS-8085884
240167,HSS-8085885
239097,HSS-1046355
239099,HSS-1046354
241739,HSS-8087211
239730,HSS-8090359
239733,HSS-8089298
239734,HSS-8089410
242677,HSS-1046944
242678,HSS-1046942
242679,HSS-1046943
245925,HSS-1110457
241731,HSS-8088610
247314,HSS-8090354
241723,HSS-8086959
241728,HSS-8088510
241729,HSS-8088439
244559,HSS-8090546
247309,HSS-8090260
247310,HSS-1902544
243484,HSS-8093502
241705,HSS-8086575
241706,HSS-8086530
241707,HSS-8086532
241708,HSS-8086538
241709,HSS-8086529
241710,HSS-8086533
245850,HSS-1047526
251397,HSS-1902724
241698,HSS-1998444
241700,HSS-1998436
236196,HSS-1046715
235801,HSS-8088278
236085,HSS-1901116
236087,HSS-1047189
236091,HSS-8088058
235162,HSS-8085838
236204,HSS-1046792
235150,HSS-8085871
235972,HSS-8087691
238926,HSS-1048124
238927,HSS-8089171
235792,HSS-8088689
235795,HSS-1047948
277992,HSS-8096680
235139,HSS-8087239
252079,HSS-8091753
233246,HSS-8094412
277980,HSS-8096586
277981,HSS-8096302
277982,HSS-8096682
277983,HSS-8096293
277985,HSS-8096699
277993,HSS-8096698
277994,HSS-8096300
277925,HSS-8096669
277926,HSS-8096482
277927,HSS-8096678
277928,HSS-8096299
277956,HSS-8096675
277957,HSS-8096671
277958,HSS-8096291
277959,HSS-8096703
155163,HSS-8079600
155042,HSS-8067399
155360,HSS-8080142
155658,HSS-8022265
155948,HSS-8075152
155983,HSS-8075909
188451,HSS-8068166
188399,C003801
188874,C002011
188879,HSS-1035855
188761,HSS-8059001
188587,HSS-1029446
187977,HSS-8066057
187987,HSS-8070856
188041,HSS-8073276
187899,HSS-8062313
187824,
188168,HSS-8079100
188101,
189347,HSS-8078672
189435,HSS-8024530
189272,HSS-8075378
189236,HSS-1042144
189216,HSS-8070359
188967,HSS-8073284
200673,HSS-1034968
200604,HSS-8065150
200578,HSS-1040511
200786,
200684,HSS-8062115
200696,C004898
200722,HSS-8075761
200895,HSS-8075938
200914,C002003
201034,HSS-8081441
201039,HSS-8058905
186284,HSS-8058995
186389,HSS-8070335
186864,HSS-1048156
186710,HSS-8015282
186635,HSS-8012070
187055,HSS-8066225
187195,HSS-8069306
187427,HSS-6001128
187472,HSS-1035372
187475,HSS-1954633
187582,HSS-8075363
186040,
185986,HSS-1037603
186118,HSS-8076134
174060,HSS-8071223
174251,HSS-8067881
174166,HSS-8068171
174210,HSS-8075423
173531,C003178
173571,HSS-8070861
173720,C22328M007
174030,HSS-1033881
173833,C004896
201197,HSS-8058040
201264,C000202
201118,C001167
201567,HSS-8068175
201584,C21222M293
201464,HSS-8081449
201305,C003807
201341,HSS-1030891
201443,HSS-8067903
202328,HSS-1043436
202050,HSS-8059024
201772,HSS-8073279
201610,HSS-8070904
201613,
201639,HSS-8066204
201663,HSS-8068190
203500,HSS-8073874
203558,HSS-8070588
203445,HSS-8009754
203650,HSS-1032721
203708,HSS-8025366
203770,HSS-8067391
203792,HSS-8076195
203289,HSS-8002692
203061,75994
202905,HSS-8076408
203025,HSS-8076923
203005,HSS-1042527
202359,HSS-8081997
232818,HSS-8092445
232820,HSS-8092746
228747,HSS-8082891
226494,HSS-8082885
90574,HSS-8082029
90718,HSS-8082017
125396,HSS-8083666
118682,HSS-8082075
229843,HSS-8084305
229853,HSS-8083323
228123,HSS-8084619
228113,HSS-8083849
229824,HSS-8093694
229815,HSS-1994570
229812,HSS-8093708
228837,HSS-1994408
229773,HSS-8084269
228830,HSS-8093840
229776,HSS-8085347
229780,HSS-8094352
229782,HSS-8084310
229797,HSS-1994410
228776,HSS-8085279
228738,HSS-8084327
228757,HSS-8088296
228784,HSS-8083308
228786,HSS-8084630
228787,HSS-8084061
228705,HSS-1994402
228710,HSS-8083314
228711,HSS-8084278
228716,HSS-1994406
228719,HSS-8093983
228671,HSS-8093713
228680,HSS-8083301
227624,HSS-8084807
227610,HSS-8084241
229296,HSS-8084302
229289,HSS-8093843
229330,HSS-8093705
229406,HSS-8083302
229412,HSS-8093519ÿ
229421,HSS-8084329
229481,HSS-8083860
227846,HSS-8084330
227681,HSS-8084280
30866,
228170,HSS-8084811
229498,HSS-8084314
228014,HSS-8084871
227731,HSS-8093710
227728,HSS-8094120
227717,HSS-8093987
228247,HSS-1994404
228252,HSS-1994419
228254,HSS-8083306
228038,HSS-8084624
227862,HSS-1045673
229963,HSS-1994567
229967,HSS-8093699
229994,HSS-8093707
229929,HSS-8084323
229890,HSS-1045447
229900,HSS-8093701
229872,HSS-8084846
229873,HSS-1994418
228212,HSS-8093709
229855,HSS-8084060
228610,HSS-8084629
228608,HSS-8093857
228589,HSS-1994569
228560,HSS-8084274
228503,HSS-8093711
228508,HSS-8083305
228511,HSS-8084297
228542,HSS-8093838
228058,HSS-1045547
230094,HSS-8093698
230098,HSS-8084308
227870,HSS-8083615
229950,HSS-8084575
229517,HSS-8093703
229523,HSS-8083362
230286,HSS-8082893
230257,HSS-8094122
230729,HSS-8085842
230731,HSS-8084340
230182,HSS-8083867
230140,HSS-8083630
230159,HSS-1994407
230189,HSS-8084322
230204,HSS-8084837
230781,HSS-1046061
230675,HSS-8086336
230793,HSS-8084089
230794,HSS-8085925
230671,HSS-8086334
230739,HSS-8084301
230750,HSS-8085334
230651,HSS-8085296
231054,HSS-8093291
231097,HSS-8085914
236547,HSS-8088069
236555,HSS-8088460
233345,HSS-1045746
233341,HSS-1045762
247749,HSS-8090018
231040,HSS-8093443
234020,HSS-8085330
234021,HSS-8085349
233337,HSS-1045745
236328,HSS-8087229
234015,HSS-1046498
234003,HSS-8085304
234004,HSS-8085598
234006,HSS-8085247
234040,HSS-8085024
234041,HSS-8085273
233289,HSS-8089426
233285,HSS-8089161
234027,HSS-8086409
234029,HSS-1046520
234030,HSS-8085250
234036,HSS-8085005
234034,HSS-1045956
233306,HSS-8089812
233308,HSS-8089294
254308,HSS-1049870
234158,HSS-1045932
233309,HSS-8091716
233316,HSS-8088649
233320,HSS-8089036
233323,HSS-8088651
233175,HSS-8094481
233176,HSS-8094500
233172,HSS-8094501
254273,HSS-8092186
254274,HSS-1049693
254284,HSS-1049871
254282,HSS-1904977
254294,HSS-1904939
254292,HSS-1904934
254298,HSS-8092180
254300,HSS-1904933
254301,HSS-1904932
254303,HSS-1904938
230928,HSS-8093492
236484,HSS-1047211
230941,HSS-1045623
230831,HSS-8084248
231110,HSS-8086970
236146,HSS-8087261
236343,HSS-8087518
271569,HSS-8096474
236724,HSS-1047071
236727,HSS-1047110
230819,HSS-1046146
231045,HSS-8093424
231000,HSS-8093368
231001,HSS-8085909
231049,HSS-8093500
273291,HSS-8095688
273332,HSS-8096091
272961,HSS-8096074
272957,HSS-8096083
272951,HSS-8095685
267354,HSS-8096166
272697,HSS-8095618
273388,HSS-8095633
273382,HSS-8096115
273303,HSS-8094920
273300,HSS-8096078
271752,HSS-8096481
271754,HSS-8096479
273357,HSS-8095126
273358,HSS-8095117
273350,HSS-8095448
273342,HSS-8095694
273343,HSS-8095876
270856,HSS-8096756
271179,
271180,
271284,
275254,HSS-8093942
273815,HSS-8095125
273796,HSS-8095806
273793,HSS-8095119
272977,HSS-8094937
273726,HSS-8096174
273727,HSS-8095600
273720,HSS-8094806
273765,HSS-8095455
273762,HSS-8095722
273763,HSS-8095898
273791,HSS-8095224
273716,HSS-8095887
273731,HSS-8096073
273775,HSS-8095211
273770,HSS-8095464
273768,HSS-8094799
273366,HSS-8096175
273361,HSS-8096077
273328,HSS-8094858
273322,HSS-8095238
273318,HSS-8095122
273307,HSS-8095206
273789,HSS-8096171
273787,HSS-8096005
273783,HSS-8095610
273784,HSS-8094802
273715,HSS-8096038
273721,HSS-8095380
273711,HSS-8095203
273712,HSS-8096170
273713,HSS-8094857
273696,HSS-8096105
273375,HSS-8096112
273376,HSS-8096068
270940,HSS-8096782
271935,HSS-8096380
272133,HSS-8096373
271404,HSS-8096379
271822,HSS-8096525
271829,HSS-8096385
273781,HSS-8095232
269454,HSS-8096520
279437,HSS-8096687
271285,
271297,
271304,
271099,
271172,
271149,
270736,HSS-8096788
271331,HSS-8096526
271361,HSS-8096516
270937,HSS-8096761
265788,HSS-8092854
269034,HSS-8096272
263550,HSS-8094722
261851,HSS-8092444
261857,HSS-1961936
273950,HSS-8094964
273951,HSS-8095456
265818,HSS-8092705
265819,HSS-8096086
267359,HSS-8096399
278472,HSS-8096662
279128,HSS-8096755
278754,HSS-8096555
278756,HSS-8096571
278485,HSS-8096583
278491,HSS-8096613
278497,HSS-8096781
278499,HSS-8096611
251495,HSS-1902722
251499,HSS-1902721
251492,HSS-1047625
259616,HSS-1904733
269236,HSS-8096281
272066,HSS-8096510
273959,HSS-1940509
273964,HSS-8095700
280431,
280436,
279660,HSS-8096326
279662,HSS-8096348
279667,HSS-8096327
279669,HSS-8096317
279671,HSS-8096342
279673,HSS-8096337
279641,HSS-8096309
279647,HSS-8096318
279622,HSS-8096312
271532,HSS-8096509
279645,HSS-8096546
279628,HSS-8096331
279630,HSS-8096325
279649,HSS-8096333
279654,HSS-8096316
280971,
280894,HSS-8096764
280770,HSS-8096712
279659,HSS-8096350
279290,HSS-8096693
278690,HSS-8096660
277089,HSS-8094611
277860,HSS-8095035
281043,HSS-8096766
280715,HSS-8096696
279870,HSS-8096504
280995,HSS-8096704
280991,HSS-8096765
280981,HSS-8096851
250755,HSS-1048438
250750,HSS-1048462
249675,HSS-8091579
250749,HSS-1048461
250742,HSS-1048375
248491,HSS-1049280
250909,HSS-8092312
248488,HSS-8091744
247318,HSS-8090982
273850,HSS-8095143
280845,HSS-8096769
273414,HSS-8096064
280940,HSS-8096772
279824,HSS-8095701
279857,HSS-8096506
279869,HSS-8096503
279830,HSS-1111860
279136,HSS-8096779
25894,HSS-8077595
25962,
25976,HSS-8021963
25196,HSS-1042887
25147,C000156
25148,HSS-8081405
25154,HSS-8068540
25248,ECN-82319
25328,HSS-1035690
25313,HSS-8060551
25047,
11511,HSS-1038223
11541,HSS-8076887
23497,HSS-1034646
23469,HSS-8071528
23408,C003935
23368,C001026
11322,HSS-8067976
11307,HSS-1042101
11362,HSS-8080078
11022,146657
11095,HSS-8068238
11108,HSS-8070001
11114,HSS-8074438
10976,
11120,HSS-8079855
24298,HSS-8076136
24493,HSS-1016261
24824,HSS-8012695
24757,
24760,HSS-8022417
23733,HSS-1026481
23778,HSS-8061638
23569,C003825
23585,HSS-1037207
23816,HSS-8068239
23848,HSS-1036384
24198,C002392
24239,HSS-8075917
8704,HSS-8078268
8874,HSS-8060571
8589,HSS-1017907
8778,HSS-8058876
8802,HSS-8073070
9378,HSS-8061673
9498,HSS-1033731
9223,HSS-8080107
9005,HSS-1033301
8985,
9167,HSS-1042854
10647,HSS-8076133
10669,HSS-8067876
10928,HSS-8070896
10814,C003742
10358,HSS-8073074
10309,C004041
10454,HSS-8058041
10526,HSS-1037988
9955,HSS-8076703
10208,HSS-8026051
10214,
8291,HSS-8081404
8292,HSS-8073313
8350,HSS-1043847
8393,HSS-8009808
8377,HSS-8080115
8429,HSS-1032361
8413,HSS-8078431
8155,HSS-8010344
7981,HSS-1025818
146069,HSS-8080797
146174,HSS-1044667
189288,HSS-8082001
108339,HSS-8080786
74583,HSS-8081143
89906,HSS-8080825
88640,HSS-8082028
89487,HSS-8082002
56399,HSS-8083318
56865,HSS-1044889
57159,HSS-8083338
58274,HSS-1044668
226524,HSS-1045025
19523,HSS-8081979
39825,HSS-8080784
237092,HSS-8087230
237090,HSS-1901111
237060,HSS-1046667
237072,HSS-1046668
236976,HSS-8088077
236977,HSS-8087953
236959,HSS-1046683
236960,HSS-8088274
236969,HSS-8088074
236909,HSS-1046666
236919,HSS-1046675
236930,HSS-8088669
236939,HSS-1901108
236942,HSS-8088508
236945,HSS-1046665
236946,HSS-8088096
236951,HSS-1046531
236820,HSS-1047040
236809,HSS-8087722
236842,HSS-8088458
236864,HSS-8088456
236866,HSS-8089260
236884,HSS-8088113
236875,HSS-8088292
236880,HSS-8088271
237361,HSS-8088468
237377,HSS-8087740
237378,HSS-8088517
237344,HSS-8087204
237348,HSS-8087220
237334,HSS-1046883
237323,HSS-8087236
237386,HSS-8088454
237405,HSS-1047232
237410,HSS-8088068
237402,HSS-1046739
237480,HSS-1901110
237481,HSS-1901113
237485,HSS-1047041
237487,HSS-1047130
237503,HSS-8088497
237497,HSS-8088065
237472,HSS-1046685
237475,HSS-1046624
237467,HSS-1046659
237465,HSS-1047127
237459,HSS-1901114
237455,HSS-1047299
237445,HSS-1047756
237448,HSS-8088661
237436,HSS-8088658
237441,HSS-1047042
237421,HSS-1047392
237424,HSS-1901112
237428,HSS-8088441
237170,HSS-8088516
237174,HSS-8088812
237205,HSS-8088834
237187,HSS-8087696
237188,HSS-8087701
237223,HSS-8088461
237211,HSS-1047284
237261,HSS-8088469
237263,HSS-8088465
237252,HSS-8088462
237291,HSS-8087050
237294,HSS-8088630
237266,HSS-1046113
237269,HSS-8088492
237271,HSS-8088082
237272,HSS-8088228
237273,HSS-1906084
237305,HSS-8087225
237277,HSS-8088084
237279,HSS-8088452
128661,C002806
128703,HSS-1042482
128343,HSS-8072737
128410,HSS-8024408
128483,HSS-1036899
128183,HSS-8080106
128284,HSS-8070591
98519,HSS-8078281
98249,HSS-1042981
86763,HSS-1040797
86844,HSS-1030880
86590,HSS-8078309
86561,HSS-1013095
86027,HSS-8067974
86256,HSS-1031473
86116,HSS-8065346
86460,HSS-8078698
84097,HSS-8081977
83751,HSS-8078102
83774,HSS-1034810
84380,C003798
84316,C000001
84318,C000095
84522,
84611,HSS-1031919
84812,HSS-8080622
84818,HSS-8023957
84819,HSS-1961997
71745,HSS-1020799
71377,HSS-8017864
71321,HSS-8072101
71425,HSS-8071539
71456,HSS-8015982
72093,HSS-8011143
72116,
72019,100405
83677,HSS-8075360
83514,
83543,HSS-8073285
83620,HSS-1039699
83476,HSS-1033138
70505,HSS-1030714
70715,
70980,HSS-8078706
71058,105074
70904,HSS-8066246
71222,HSS-8071163
71199,HSS-1044273
69975,HSS-8071523
69809,HSS-8078107
69790,ECN-77809
70093,HSS-8074089
70105,C004045
70458,
70422,HSS-8027370
70374,HSS-8078636
69772,HSS-1030892
69761,HSS-1028662
69664,HSS-8092110
69695,HSS-1030783
69711,
69359,HSS-8058909
69493,HSS-1035399
56785,HSS-8065321
56734,HSS-8075663
56737,
56572,C000980
56547,HSS-8027352
55991,HSS-8077815
55945,C003648
55946,C003680
55790,HSS-8024415
55845,HSS-8061679
55857,HSS-1991931
55864,HSS-1031718
57380,C002743
57277,HSS-8017372
57217,HSS-1973657
57053,
56948,HSS-8018263
69076,HSS-8066253
68988,HSS-1040572
69033,HSS-8075908
68711,HSS-8071534
68620,HSS-8024104
68624,HSS-1035689
68680,
68744,HSS-8066050
53922,HSS-8080566
53753,HSS-8080575
53930,HSS-1030939
53725,HSS-8066205
53505,HSS-8076680
53523,HSS-1031465
190276,HSS-8081435
175773,HSS-8065896
175740,HSS-8076410
175888,HSS-8074086
175578,HSS-1023331
175626,
176620,HSS-8068221
176133,HSS-8059620
175437,HSS-8066251
175458,HSS-8071144
175394,HSS-8071164
174884,
175125,HSS-1988137
175025,HSS-8066237
174825,HSS-1043480
174774,HSS-8076652
174784,C000158
174790,HSS-1044539
162230,HSS-1034806
162384,HSS-8065178
162564,HSS-1025642
176780,HSS-1961956
176781,HSS-8071189
177166,HSS-8075389
177048,HSS-8058996
177174,HSS-8070897
177517,HSS-8073278
177522,HSS-8057891
177397,HSS-1042398
177944,HSS-8075365
177676,HSS-8059617
177742,HSS-8014508
177950,HSS-8070652
178038,HSS-8075924
189492,HSS-8075415
189726,HSS-8065345
189807,C015217
189832,HSS-1022023
189835,HSS-8072107
189620,HSS-1020763
189678,HSS-8076619
189539,HSS-8079627
189510,HSS-1026480
189504,HSS-1032099
160355,HSS-8085941
160366,HSS-8014510
160803,HSS-1034885
160747,
160652,HSS-1030899
160658,HSS-1034186
160087,HSS-8058892
160160,HSS-8065157
160033,HSS-8075104
159996,C004875
159766,C000998
159767,C001001
159890,HSS-1029080
161900,C21414M044
161878,HSS-8078290
161664,C004899
161589,C002388
161553,
160855,HSS-1044596
161003,C015346
161033,HSS-8068261
161026,HSS-1031478
161395,HSS-8017019
161106,HSS-8073090
158906,HSS-8070349
158843,HSS-1043740
159030,HSS-5027652
147151,HSS-8075361
146996,HSS-8010842
159175,HSS-1044642
159453,HSS-8079824
159459,HSS-1961964
159600,HSS-8057894
159505,C002002
146452,HSS-8062306
146717,HSS-8073275
146670,
146783,HSS-1033709
146863,C015209
146222,HSS-1037606
146257,HSS-1042540
146163,HSS-1039911
146203,C000947
225140,HSS-1045570
225142,HSS-8083855
225143,HSS-1045569
207916,
225145,HSS-8083853
225147,HSS-8083844
225149,HSS-8083859
225150,HSS-8083839
225152,HSS-8083862
225156,HSS-1045432
225157,HSS-1045474
225158,HSS-8083852
225182,HSS-8083842
225136,HSS-8084053
225173,HSS-8084560
225174,HSS-1045473
225703,HSS-8084557
207670,
207693,
225180,HSS-1995867
235308,HSS-8093280
226749,HSS-1110316
238793,HSS-1047055
236226,HSS-8087519
236228,HSS-1047173
236231,HSS-8088221
108743,HSS-8081989
39847,HSS-1044879
235574,HSS-8088060
229693,HSS-1994420
229726,HSS-1045443
229263,HSS-1045140
244028,HSS-8089018
261832,HSS-8093165
229737,HSS-1045299
244599,HSS-8090877
225371,
225372,
232784,HSS-8092742
197285,HSS-8081115
71214,HSS-8081412
127578,HSS-8081410
142726,HSS-8080757
46769,HSS-8081064
220882,
220962,
221019,
221089,
24604,HSS-1992411
221294,
221323,
221363,
62892,HSS-1994413
219057,
219265,
219271,
225269,HSS-8083667
225270,HSS-8083373
218040,
218092,
226495,HSS-8083297
218200,
218280,
218305,
94296,C008293
232817,HSS-8092749
22345,HSS-8082549
114413,HSS-1992416
220573,
124346,HSS-8082053
127417,HSS-8083870
220838,
219477,
219637,
219704,
220131,
220171,
220309,
220353,
232815,HSS-8092434
225705,HSS-8083114
146880,HSS-8081463
229018,HSS-8067607
229026,HSS-8082830
229034,HSS-1045060
127539,HSS-8082054
229051,HSS-8082295
229052,HSS-8067943
257164,HSS-1112330
257165,HSS-8094290
67903,HSS-8081144
104238,HSS-8081162
238835,HSS-1046878
238837,HSS-1046947
238838,HSS-1046866
238459,HSS-1998336
238460,HSS-1998339
248129,HSS-1048871
248131,HSS-1048872
247060,HSS-8089422
247740,HSS-8089936
248125,HSS-1048809
248126,HSS-1048832
248363,HSS-1111677
248359,HSS-8091960
248360,HSS-8092737
248361,HSS-8091861
241657,HSS-1046514
261843,HSS-1961931
254606,HSS-1048303
247741,HSS-8094604
261841,HSS-8092560
261844,HSS-8092425
234126,HSS-8085300
234112,HSS-8085343
234113,HSS-8085322
234118,HSS-8085584
245552,HSS-8089169
244124,HSS-8089015
234135,HSS-8085263
234136,HSS-8085303
234131,HSS-8087020
235341,HSS-8093422
238863,HSS-1047594
240581,HSS-8086527
235345,HSS-8093464
235346,HSS-8093499
243478,HSS-1048142
243479,HSS-8093503
244140,HSS-8088997
234070,HSS-8085043
245537,HSS-8089151
235336,HSS-8093480
235337,HSS-8093477
234062,HSS-8085333
244075,HSS-8088859
243494,HSS-1110896
243497,HSS-8093505
243498,HSS-8093509
243499,HSS-8093508
243502,HSS-8093501
243503,HSS-8093507
254086,HSS-1049564
254087,HSS-1049562
254222,HSS-8092215
254235,HSS-1049872
254230,HSS-8092284
254231,HSS-1049914
254225,HSS-8092216
254226,HSS-1049916
254227,HSS-1110082
254228,HSS-1049875
253908,HSS-8091972
254218,HSS-8092285
254077,HSS-1049366
240584,HSS-1998430
240585,HSS-1998427
254244,HSS-1049873
254245,HSS-1110498
235353,HSS-8093467
235354,HSS-8093425
257531,HSS-8095447
238860,HSS-1046948
238861,HSS-1047587
235348,HSS-8093468
235349,HSS-8093690
233991,HSS-8086997
233993,HSS-8085275
230899,HSS-8093279
233989,HSS-8085248
233986,HSS-8086521
257556,HSS-8093610
256773,HSS-1111565
261759,HSS-8093162
273954,HSS-8095230
273483,HSS-8095861
273476,HSS-8096039
273468,HSS-8096047
273910,HSS-8095892
273892,HSS-8095123
273463,HSS-8095632
273436,HSS-8095702
273421,HSS-8096076
278510,HSS-8096587
267014,HSS-8096049
267017,HSS-8095587
266994,HSS-8095468
269128,HSS-8096188
269131,HSS-8096264
256902,HSS-8093326
256906,HSS-8093204
269134,HSS-8096462
266990,HSS-1111318
263258,HSS-1940397
263779,HSS-1940376
257756,HSS-1110350
256899,HSS-8093108
269166,HSS-8096284
269122,HSS-8096283
269123,HSS-8096200
278383,HSS-8096534
256789,HSS-8093117
256790,HSS-8094359
256793,HSS-8094347
256794,HSS-8093124
256795,HSS-8093116
256796,HSS-8094410
256745,HSS-1940507
256747,HSS-8094017
273106,HSS-8096006
278514,HSS-8096530
276164,HSS-8060593
278539,HSS-8096599
278541,HSS-8096776
278548,HSS-8096592
278727,HSS-8096665
263268,HSS-1940012
277367,HSS-8096531
262975,
278763,HSS-8096640
278639,HSS-8096616
278648,HSS-8096551
278769,HSS-8096533
278774,HSS-8096565
278776,HSS-8096657
278555,HSS-8096589
278736,HSS-8096567
278271,HSS-8096539
278272,HSS-8096597
279591,HSS-8096778
279584,HSS-8096688
278342,HSS-8096569
278346,HSS-8096653
278350,HSS-8096570
278359,HSS-8096604
278363,HSS-8096595
278286,HSS-8096627
275137,HSS-8093755
280918,
267370,HSS-8095494
267218,HSS-8095487
260286,HSS-8091986
273455,HSS-8095690
273916,HSS-8095866
269147,HSS-8096209
269108,HSS-8096268
273917,HSS-8095868
273896,HSS-8095129
273941,HSS-8095120
273450,HSS-8096449
273438,HSS-8095800
267139,HSS-1940053
273048,HSS-8096113
273037,HSS-8095874
230121,HSS-8067962
230122,HSS-8082308
242274,47235
232809,HSS-8092947
226512,HSS-8082628
249549,HSS-1048383
242297,47257
235557,HSS-8089938
235558,HSS-8088684
180549,HSS-8083293
225688,HSS-8083298
57274,HSS-8081163
252050,HSS-8091948
272733,HSS-8095218
272739,HSS-8095597
272768,HSS-8096058
272782,HSS-8095896
272783,HSS-8095902
272790,HSS-8096069
272785,HSS-8095191
272892,HSS-8095711
272805,HSS-8095240
272798,HSS-8096109
272763,HSS-8096172
272760,HSS-8095485
272757,HSS-8094906
272744,HSS-8095881
272754,HSS-8095689
272749,HSS-8095627
272741,HSS-8095498
272742,HSS-8095056
245450,HSS-1047558
245452,HSS-8089144
238938,HSS-1047466
238939,HSS-1047590
238940,HSS-8089118
238941,HSS-1047468
238145,HSS-8086586
238322,HSS-1046271
238169,HSS-1998429
241744,HSS-8088509
241745,HSS-8086960
241746,HSS-8088681
245933,HSS-1111199
245934,HSS-1047946
241741,HSS-8089014
241742,HSS-8088440
234731,HSS-8086541
249437,HSS-8090862
249438,HSS-1048305
238414,HSS-1998256
238415,HSS-1998259
238416,HSS-1998262
234711,HSS-1046909
234702,HSS-8086610
234704,HSS-8086542
234705,HSS-8086559
234706,HSS-8086580
243487,HSS-8093504
235220,HSS-8085841
234716,HSS-8086574
235802,HSS-1110961
234722,HSS-8086561
234723,HSS-1046547
235811,HSS-1046107
238384,HSS-1998280
238378,HSS-1998276
238365,HSS-1998242
238387,HSS-1998275
238934,HSS-8089521
238935,HSS-1047519
238132,HSS-8085872
238930,HSS-8089119
238931,HSS-1047595
238928,HSS-8091472
238372,HSS-1998265
238375,HSS-1998269
238367,HSS-1998264
238369,HSS-1998268
273245,HSS-8096448
273242,HSS-8095624
273232,HSS-8096454
273228,HSS-8095219
265793,HSS-8092851
265796,HSS-8093762
265791,HSS-1110349
272715,HSS-8095235
272673,HSS-8095626
272711,HSS-8095630
263706,HSS-1940390
263687,HSS-1940363
272040,HSS-8096374
272044,HSS-8096471
273870,HSS-8095247
273854,HSS-8095583
273434,HSS-8096096
273419,HSS-8095863
273059,HSS-8096103
273057,HSS-8095873
273040,HSS-8096036
273041,HSS-8095894
263664,HSS-1940370
263649,HSS-1940377
263655,HSS-1940389
263692,HSS-8094782
263695,HSS-1940007
263697,HSS-8094679
263658,HSS-8094712
278680,HSS-8096647
279661,HSS-8096328
279663,HSS-8096345
279668,HSS-8096339
279670,HSS-8096330
279672,HSS-8096320
279636,HSS-8096351
279642,HSS-8096408
279648,HSS-8096323
279623,HSS-8096324
271374,HSS-8096515
279627,HSS-8096552
279629,HSS-8096315
279632,HSS-8096340
279650,HSS-8096332
279655,HSS-8096349
280886,
280637,
279658,HSS-8096341
279377,HSS-8096689
278689,HSS-8096540
279329,HSS-8096690
277101,HSS-8094612
278703,HSS-8096617
281025,HSS-8096771
280682,HSS-8096707
279872,HSS-8096505
280942,HSS-8096854
280986,HSS-8096792
280352,HSS-8096751
250913,HSS-1049971
249680,HSS-8091678
250746,HSS-8091138
256718,HSS-8094131
247681,HSS-1048233
249671,HSS-1048899
249668,HSS-1049081
247303,HSS-8090353
247322,HSS-1048062
268966,HSS-8096194
280820,
273391,HSS-8095188
280362,HSS-8096494
279861,HSS-8096507
279866,HSS-8096493
279828,HSS-1111859
279833,HSS-1112158
40714,HSS-1043073
40771,HSS-1034805
40489,HSS-1035726
40282,ECN-65992
40523,HSS-8024681
40237,HSS-8078153
41352,HSS-8075432
41373,HSS-8024422
41550,HSS-1964289
41434,HSS-1968248
41441,HSS-8024379
41084,HSS-8066041
41135,HSS-8069310
40989,HSS-8014518
40878,
39234,HSS-8074078
39237,HSS-8059642
38975,HSS-1034185
38977,HSS-8079156
39304,HSS-8059618
39492,C000771
39532,HSS-8076420
39540,C004104
39984,HSS-8065204
39858,HSS-1042218
39691,HSS-8076632
39708,C003982
40196,C015208
40149,HSS-8015554
26523,HSS-1040812
26584,C000678
26384,HSS-1039477
26131,HSS-8065162
26661,HSS-8066239
38748,HSS-1044290
38791,HSS-8076660
38806,HSS-8075436
38824,HSS-1043214
25415,HSS-8027388
25370,HSS-8059615
25460,HSS-8078269
26052,HSS-1026719
25851,HSS-8025030
25828,HSS-1037210
25888,HSS-8075942
239865,HSS-8085903
239887,HSS-8085900
240296,HSS-8086989
240299,HSS-8086966
239782,HSS-8087017
239828,HSS-8085904
240324,HSS-8086585
239821,HSS-8085844
240305,HSS-8093494
240307,HSS-8093493
239503,HSS-8085324
238501,HSS-1046066
238503,HSS-1046103
239484,HSS-1046067
241642,HSS-1998434
243723,HSS-8002059
243720,HSS-8000351
244572,HSS-8090865
256761,HSS-8094001
245923,HSS-1112293
244581,HSS-8090545
244574,HSS-8090873
244575,HSS-8091770
256762,HSS-8093920
256763,HSS-8094006
240191,HSS-8085889
240192,HSS-8085901
240193,HSS-8085902
240200,HSS-8085899
240189,HSS-8085870
240195,HSS-1046538
16730,HSS-1033713
226489,HSS-8083620
226523,HSS-8083614
5350,HSS-1992415
227385,HSS-8082849
226744,HSS-8082834
240183,HSS-8085931
240180,HSS-8085942
235303,HSS-8093693
235304,HSS-8093475
230500,HSS-8082852
240185,HSS-8085938
240186,HSS-8085873
180354,HSS-1044743
230426,HSS-8082306
230496,HSS-8068502
230463,HSS-1045002
230444,HSS-8082838
225714,HSS-8082548
225710,HSS-8082563
233255,HSS-8094414
226540,HSS-8082365
228453,HSS-1045113
229918,HSS-8082317
237136,HSS-1047324
237127,HSS-8088303
237131,HSS-1048125
237132,HSS-8088119
237146,HSS-8088691
237151,HSS-8088093
237153,HSS-1048126
237155,HSS-8088838
237159,HSS-1046660
237102,HSS-1047235
237099,HSS-1047104
237115,HSS-8087260
237120,HSS-8088056
237007,HSS-1047012
237012,HSS-8088450
237014,HSS-8086811
237015,HSS-8092583
237023,HSS-8088249
236998,HSS-1047093
237045,HSS-8088449
237046,HSS-1047330
237048,HSS-8087164
237049,HSS-8088821
237051,HSS-1046523
237052,HSS-8087227
237053,HSS-8088272
237054,HSS-1046680
128203,HSS-1042234
128217,HSS-8062307
116260,HSS-8068224
116261,HSS-8073066
116269,C004037
116351,HSS-1044414
116310,HSS-8073315
116312,HSS-1044127
115537,
115758,53394
115993,HSS-8076919
116116,HSS-1035914
116105,
115505,HSS-8058874
115183,HSS-8060608
114790,HSS-8014274
114860,HSS-1043546
114867,HSS-8066040
114900,HSS-8059631
114999,
114893,HSS-1030889
115100,C008313
115103,HSS-8080824
115127,HSS-1034481
113325,HSS-8067388
113392,HSS-8074009
113472,HSS-1034755
113473,HSS-8078674
113186,HSS-8073301
113762,HSS-8075895
113477,HSS-1034804
114031,HSS-8059624
113969,HSS-8080534
114334,HSS-8075893
114396,C003698
114622,HSS-8060586
114633,HSS-8017642
114652,
101601,HSS-1035751
101524,HSS-8077808
101521,HSS-8067103
101324,C004079
101265,HSS-8080144
101420,HSS-8076681
101443,HSS-8070853
101455,HSS-8076686
112849,HSS-1979447
113026,HSS-1988124
113030,HSS-1038583
112797,HSS-8066243
101788,HSS-8078418
101790,HSS-8061672
101796,HSS-8068219
101208,HSS-8071210
101245,HSS-8027355
100881,HSS-8016077
100991,HSS-8027688
100836,
100825,
100687,HSS-8077810
100537,C006513
100458,C000157
100459,C000176
99801,C000987
99890,HSS-8012579
100038,HSS-8073882
98850,HSS-8070331
98732,146646
98675,HSS-8072732
99137,
99183,HSS-1043513
99346,HSS-1026473
99358,HSS-8078705
85613,HSS-8069792
85626,
85441,HSS-8013881
85694,HSS-1044477
85801,HSS-1035091
85804,HSS-1043652
85829,C015215
85911,HSS-1030040
85852,HSS-8066223
85998,HSS-8027387
85256,HSS-8071781
85215,C004078
85406,HSS-8076656
85192,HSS-8069314
85065,HSS-1037991
85110,HSS-8067392
53534,HSS-8075386
41571,
53367,C002012
42075,HSS-1968266
42080,C003847
42119,HSS-8065894
42150,HSS-1043793
42184,HSS-8024231
41906,HSS-1037839
42037,C000239
54465,HSS-8079928
54471,HSS-1967634
54288,HSS-8075364
54542,HSS-8066234
54792,HSS-8024085
54823,HSS-8073072
54754,HSS-8007932
54703,
55392,HSS-8074081
55542,HSS-8058857
55551,HSS-1044289
55029,HSS-8071147
55033,
55119,HSS-1042874
205840,HSS-1034893
205775,HSS-8071192
205544,HSS-8076622
205175,HSS-8072747
205224,HSS-8072345
205277,C000935
205278,C000942
205443,C003636
205448,HSS-8069536
205289,
206221,HSS-8070832
206304,HSS-8076137
206312,HSS-8075455
206200,HSS-8068231
206003,90479
206055,HSS-1042143
206085,HSS-8076921
205996,
205953,HSS-6001191
205917,146643
192803,HSS-8080832
192662,
192621,C002522
192989,HSS-1044337
192917,HSS-1031464
204830,HSS-8067888
204940,HSS-8072903
204882,HSS-8060508
205068,HSS-8012144
205136,105044
205138,HSS-8069326
205141,HSS-8059597
204559,C003834
204592,HSS-8066028
204647,HSS-8075913
191962,HSS-1044168
192039,HSS-1036160
192387,HSS-8061445
192389,HSS-8069795
192474,HSS-1968282
192304,HSS-8079118
192315,HSS-8067914
192340,HSS-1039388
192265,HSS-8080589
191892,HSS-8070852
191575,HSS-8027358
191681,HSS-8074015
191333,HSS-8070151
191465,HSS-8008170
191535,HSS-1033143
191225,HSS-8018956
190990,HSS-8075876
191078,HSS-8079825
191109,HSS-8059062
190809,HSS-8074011
190561,
190647,HSS-8067918
190954,HSS-1043134
190062,
190170,C005112
190131,HSS-1043131
190485,HSS-8074589
190460,HSS-8078684
190193,C004878
146204,C000955
146054,HSS-8059467
146086,HSS-8081967
146121,HSS-8078703
145725,HSS-8058875
145735,HSS-1968173
145648,HSS-1968254
145981,HSS-8070865
129408,HSS-8069786
129047,HSS-1035858
129260,HSS-8013874
129170,HSS-8059489
129864,HSS-8017297
129891,HSS-8068233
129648,HSS-1042709
130238,C004019
130261,HSS-8077550
131593,HSS-1037985
131539,HSS-1039319
131096,HSS-8025213
131057,HSS-1025189
131157,
130920,HSS-8080526
130926,HSS-8058899
130932,HSS-8024561
130943,HSS-6001111
130848,C015210
130888,HSS-6001300
130447,HSS-8070899
130397,C003912
130728,HSS-6001123
130773,HSS-8081454
131763,HSS-1033361
131614,HSS-1040142
143499,HSS-1040484
144289,HSS-8077593
144198,HSS-1952968
144205,HSS-1034644
143718,106385
143631,C008557
143633,HSS-1032599
143920,HSS-1033726
143820,HSS-8076220
145597,HSS-8016557
145608,HSS-8073558
145167,104981
144675,HSS-8070337
144784,C000643
144786,C000933
144593,75537
144595,75568
144596,HSS-8080068
207287,HSS-8012725
207502,C21525M012
207067,HSS-1026502
207108,HSS-1032596
206750,HSS-8061267
206931,HSS-8067640
206987,HSS-8076685
206652,HSS-1028516
206691,HSS-8069784
206603,C21625M087
206563,
206483,HSS-8061696
225218,HSS-1045479
225234,HSS-8083378
225258,HSS-8083658
225259,HSS-8083394
225260,HSS-8083385
225263,HSS-8084288
225264,HSS-1045590
225265,HSS-1045591
225266,HSS-8083371
225188,HSS-1045497
207973,
225190,HSS-1045377
225193,HSS-1045478
225194,HSS-1045405
225199,HSS-1045491
225202,HSS-1045494
225205,HSS-1045486
225206,HSS-1045379
225207,HSS-1045406
225208,HSS-1045398
225210,HSS-8083629
225211,HSS-1045383
225215,HSS-1045493
225213,HSS-1045434
138679,HSS-8081155
225668,HSS-8082006
225669,HSS-8081968
225671,HSS-8082303
225672,HSS-8082084
225666,HSS-8082073
225664,HSS-8082087
225659,HSS-8082088
225580,HSS-1084183
229272,HSS-8083618
225628,HSS-8082085
225629,HSS-8082065
225630,HSS-8082268
245522,HSS-8089142
245523,HSS-1047634
245524,HSS-8089160
225648,HSS-8082300
225649,HSS-8081969
225650,HSS-8082064
225644,HSS-8082083
225645,HSS-8082302
225637,HSS-8081966
225642,HSS-8082068
225690,HSS-1045013
226535,HSS-8082322
226537,HSS-8082323
226538,HSS-8082319
226539,HSS-8082321
240558,HSS-8086520
240559,HSS-8086545
240572,HSS-8086613
240568,HSS-8086528
240569,HSS-8086564
240570,HSS-8086604
240580,HSS-8086524
240366,HSS-1046377
238822,HSS-1046889
238886,HSS-1047543
238882,HSS-1047593
238883,HSS-1047465
238884,HSS-1047462
239054,HSS-1046331
238878,HSS-1047581
238824,HSS-1046864
238827,HSS-8087048
257172,HSS-8095718
266887,HSS-8096423
261835,HSS-1961930
263179,HSS-1940373
263180,HSS-1940402
241663,HSS-1998437
244601,HSS-8091773
245966,HSS-1048333
238843,HSS-1046879
238849,HSS-8087042
238851,HSS-8087052
238854,HSS-1046890
238855,HSS-1046992
238867,HSS-1047441
238870,HSS-8090773
238872,HSS-1047458
238873,HSS-1047455
238874,HSS-1047442
238875,HSS-8089029
238877,HSS-8089037
261837,HSS-8092436
235313,HSS-8093373
261840,HSS-1904731
235331,HSS-8093260
235790,HSS-8088685
235791,HSS-1046674
235785,HSS-8088286
235786,HSS-1046735
235787,HSS-1047298
235788,HSS-8088659
235782,HSS-8086812
235324,HSS-8093444
235319,HSS-8093446
235316,HSS-8093430
238857,HSS-8087046
238859,HSS-1046868
238456,HSS-1998321
245532,HSS-8089146
245533,HSS-8089143
238834,HSS-1046945
277961,HSS-8096303
277962,HSS-8096683
277963,HSS-8096697
277964,HSS-8096686
257193,HSS-8094956
260757,
261745,HSS-8092429
230870,HSS-8093277
230868,HSS-8086382
230855,HSS-8084258
253904,HSS-1049031
253905,HSS-8092015
257561,HSS-8093656
257570,HSS-1111237
257401,HSS-8092789
257402,HSS-8092840
257564,HSS-8092774
257565,HSS-8093937
257566,HSS-8094598
254511,HSS-8091851
263727,HSS-8094783
271447,HSS-8096522
257558,HSS-8094610
257744,HSS-8093325
257745,HSS-8094278
278412,HSS-8096584
278413,HSS-8096603
278786,HSS-8096655
278788,HSS-8096634
278792,HSS-8096573
278810,HSS-8096532
256910,HSS-8094369
256911,HSS-1110784
256914,HSS-8094350
257196,HSS-8095237
263728,HSS-8096363
257270,HSS-8092695
277838,HSS-8096553
277841,HSS-1111990
280295,
280315,
280640,
278794,HSS-8096588
256908,HSS-8093179
256777,HSS-8094012
256779,HSS-8094019
256780,HSS-8094013
258288,165296
257746,HSS-8094594
257747,HSS-8094549
257748,HSS-1111475
261756,HSS-1961935
261757,HSS-1961926
261750,HSS-1961932
261751,HSS-1940000
280606,HSS-8096713
258214,
257880,HSS-8093771
257878,HSS-8094439
256786,HSS-8093109
278817,HSS-8096623
257754,HSS-8093848
257208,HSS-1111543
257760,HSS-8094279
257577,HSS-8094442
257580,HSS-8095024
257581,HSS-8094596
257582,HSS-8094288
257584,HSS-8094286
257586,HSS-8093717
263737,HSS-8094676
263754,HSS-8094784
271576,HSS-8096371
265773,HSS-8093756
278377,HSS-8096619
257200,HSS-8094957
257749,HSS-1111254
257750,HSS-8093517
257751,HSS-8093611
257574,HSS-8093927
256782,HSS-1940506
256783,HSS-8093064
273038,HSS-8095234
273035,HSS-8095889
273033,HSS-8096107
263288,HSS-1940379
263289,HSS-1940394
269110,HSS-8096265
263296,HSS-8094794
263299,HSS-1940380
263300,HSS-8094786
263305,HSS-1940008
263307,HSS-8094774
263308,HSS-8094796
270727,HSS-8096758
272712,HSS-8094801
278664,HSS-8096535
271703,HSS-8096384
273832,HSS-8095885
273798,HSS-8095591
273820,HSS-8095140
273405,HSS-8095602
273406,HSS-8095384
273407,HSS-8096161
267786,
272704,HSS-8095239
272705,HSS-8095225
265763,HSS-8093663
265764,HSS-1110959
265765,HSS-8093511
270677,HSS-8096790
270659,HSS-8096762
272099,HSS-8096527
272100,HSS-8096528
273845,HSS-8095133
267731,HSS-8093412
273007,HSS-8096079
272668,HSS-8095243
272661,HSS-8096040
272653,HSS-8095805
272654,HSS-8095872
272701,HSS-8096067
272952,HSS-8094954
272936,HSS-8095223
272947,HSS-8095691
272924,HSS-8095216
272681,HSS-8095462
271722,HSS-8096513
272108,HSS-8096514
272699,HSS-8094800
271709,HSS-8096359
272570,HSS-1111073
270669,HSS-8096784
270824,HSS-8096480
270825,HSS-8096760
272680,HSS-8095692
272644,HSS-8094805
272639,HSS-8095231
272636,HSS-8095134
273402,HSS-8095715
273386,HSS-8095497
267338,HSS-8095472
267328,HSS-8096142
272637,HSS-8096364
271913,HSS-8096370
271965,HSS-8096375
271544,HSS-8096524
271763,HSS-8096519
271769,HSS-8096521
273024,HSS-8096033
273025,HSS-8096065
273005,HSS-8096362
273020,HSS-8096066
272999,HSS-8095228
272949,HSS-8095222
271475,HSS-8096378
272021,HSS-8096372
272996,HSS-8095721
272997,HSS-8094958
272992,HSS-8095720
272968,HSS-8095695
272986,HSS-8096037
250502,HSS-1048601
250626,HSS-1048282
250627,HSS-1903187
250556,HSS-8091062
250557,HSS-8090997
250545,HSS-1049605
250547,HSS-1049603
250548,3ND2WH3
250549,HSS-8090282
250551,HSS-8090280
250552,HSS-8090542
250523,HSS-8091976
250525,HSS-8091973
250526,HSS-1049343
250527,HSS-1049398
250534,HSS-8092025
250536,HSS-8092004
250537,HSS-8092010
250538,HSS-8092101
250539,HSS-8092100
250540,HSS-8092103
250541,HSS-8092116
250543,HSS-8092104
250614,HSS-1048207
250569,HSS-8091072
250779,HSS-8092614
250780,HSS-8092608
250817,HSS-8092638
250818,HSS-8092642
250819,HSS-8092641
250820,HSS-8092640
250580,HSS-1049388
250581,HSS-1049385
250582,HSS-1049389
250772,HSS-8092625
250775,HSS-8092616
250776,HSS-8092611
250565,HSS-8090888
250566,HSS-1048087
250567,HSS-8090283
250572,HSS-8090457
250573,HSS-8090552
250574,HSS-8090291
250575,HSS-8090442
250576,HSS-1048609
250577,HSS-1048608
250578,HSS-1048607
256738,HSS-8094008
256739,HSS-8095026
256740,HSS-1111525
256748,HSS-8094033
256749,HSS-1111520
278468,HSS-8096656
256751,HSS-1111528
256741,HSS-8093995
256742,HSS-1111539
250793,HSS-8093941
250782,HSS-1049770
250784,HSS-1049238
250785,HSS-8091480
250786,HSS-8092336
250787,HSS-8092314
250788,HSS-1049966
250789,HSS-1049967
278462,HSS-8096641
278463,HSS-8096554
250691,HSS-1048232
250692,HSS-1048267
250693,HSS-1048280
250694,HSS-8090893
250696,HSS-8090891
250698,HSS-8090889
265828,HSS-8092853
273961,HSS-8096114
269157,HSS-8096208
269158,HSS-8096201
269163,HSS-8096218
269164,HSS-8096196
269096,HSS-8096463
272058,HSS-8096511
273956,HSS-8095593
17792,HSS-1033882
17820,C002390
17717,HSS-1032718
17768,103007
17311,HSS-1043075
17397,HSS-8065832
18264,
18312,HSS-8073320
18313,HSS-8068228
17214,HSS-8081430
16508,HSS-8080148
16421,HSS-8071178
15809,HSS-8013460
15836,HSS-8058997
15899,HSS-1979444
15925,HSS-8073273
16401,HSS-8057880
16273,C003745
16214,
32154,HSS-8008542
32049,HSS-8058755
32079,HSS-8078708
31911,HSS-8079102
31925,HSS-8080509
31996,HSS-8026785
31874,HSS-8080567
31791,HSS-8071770
31746,C003922
32553,HSS-8079154
32810,HSS-8065196
32403,HSS-8075089
32474,
18518,
18491,HSS-8066238
18402,HSS-8078702
15553,HSS-8075452
15641,C005672
15591,HSS-8071780
15354,HSS-8070325
225226,HSS-1045397
225168,HSS-1995838
225169,HSS-1045522
225163,HSS-8083864
225101,HSS-8084051
195744,HSS-8081622
193996,HSS-8080844
194197,HSS-8081122
226665,HSS-8084862
226667,HSS-8084317
226668,HSS-8084861
226669,HSS-8084014
187887,HSS-8084244
140006,HSS-1044297
170122,HSS-8081907
184649,HSS-8084059
238432,HSS-1998308
238433,HSS-1998303
242394,47380
241651,HSS-1998435
241656,HSS-8085891
144023,HSS-1992427
5740,HSS-1044669
159617,HSS-1047227
9011,HSS-8082555
25013,HSS-8081117
8770,HSS-8082370
26812,HSS-8081643
41636,HSS-8083332
43871,HSS-1044811
42712,HSS-8081124
43540,HSS-8083316
100165,HSS-8082320
99725,HSS-8081123
80432,HSS-8081069
120369,HSS-8083347
117276,HSS-8083333
117377,HSS-8080790
118737,HSS-8082061
118898,HSS-8080801
172665,HSS-8082060
155051,HSS-8081121
238187,HSS-1046539
236581,HSS-8088073
238960,HSS-8087439
238398,HSS-1998293
238957,HSS-8087232
238401,HSS-1998295
238402,HSS-1998248
238403,HSS-1998251
238404,HSS-1998254
238392,HSS-1998288
238395,HSS-1998294
238952,HSS-1047524
238063,HSS-1046217
238944,HSS-8089136
238947,HSS-8089115
238950,HSS-8089148
235827,HSS-1047773
235202,HSS-8085295
235821,HSS-8088264
235824,HSS-8087228
236524,HSS-1998431
236800,HSS-8088223
238967,HSS-1901109
238968,HSS-1047016
238973,HSS-1046871
236761,HSS-8088673
236763,HSS-8088513
238350,HSS-1998331
238347,HSS-1998227
238964,HSS-8087179
238965,HSS-8088062
238339,HSS-1998230
238341,HSS-1998329
238342,HSS-1998244
238345,HSS-1998237
238444,HSS-1998315
238440,HSS-1998307
238441,HSS-1998310
238442,HSS-1998311
239001,HSS-8087440
239002,HSS-8087454
106116,HSS-8076913
106250,C004889
106192,C000094
106193,C000098
106497,105317
108237,HSS-8079104
108175,C002005
108163,HSS-8072111
108378,HSS-8057889
108494,HSS-8076688
108125,C004103
107943,
107877,HSS-8076918
107676,C003871
107642,HSS-8060563
107549,HSS-1033137
107838,HSS-1044354
107266,HSS-1026812
107278,
107297,HSS-8070149
107305,HSS-8074584
107380,HSS-1036157
107389,HSS-8080565
107399,105025
122440,C008814
122441,
122639,C004102
122053,HSS-8014792
122161,HSS-8067872
122329,C000125
122266,HSS-8077841
122231,
123317,HSS-8077373
123143,HSS-8071162
123147,HSS-8081448
123018,C003736
123585,HSS-8067920
123530,HSS-8068195
123453,HSS-8016754
123368,
123374,HSS-8079607
123887,HSS-8070340
123891,C006668
123903,HSS-8075429
123815,HSS-1973693
136115,HSS-8081434
136118,HSS-1015085
124017,HSS-1028674
135745,HSS-8069117
135761,HSS-8069307
109128,HSS-1043649
108887,HSS-1032508
108673,HSS-8068145
108620,
108612,HSS-1042984
108614,HSS-1042911
108602,HSS-8076661
120642,C003930
120446,HSS-1027992
120740,HSS-8075914
120718,HSS-8076936
120644,HSS-1044226
121343,HSS-8081452
121373,HSS-8015291
120897,HSS-1044614
121040,HSS-1030547
121490,C009008
121445,C004879
121387,C002350
121547,106381
122010,HSS-8010065
121969,HSS-1035181
121977,HSS-8025377
121921,HSS-8076171
121821,HSS-8068205
121845,HSS-8078280
63974,HSS-8066043
63944,HSS-8079107
63872,HSS-8025342
63894,HSS-1039895
63804,HSS-8079106
63828,HSS-6001127
63542,HSS-1038575
63369,HSS-8071231
63556,HSS-8075434
63699,HSS-8067965
62614,C009011
62619,
77936,HSS-1035237
78475,HSS-8016311
78485,HSS-8078149
78308,HSS-1025820
153965,HSS-8078707
153445,HSS-8022541
153457,HSS-8080141
153462,HSS-1038912
153848,HSS-1043317
152946,HSS-8076939
152783,HSS-8079593
152848,HSS-8078709
152878,C004038
153247,HSS-8059433
153321,HSS-1043658
153342,C015205
153393,HSS-8011360
154688,HSS-1043115
154833,HSS-8027357
154592,HSS-1043079
154522,HSS-1019830
154535,HSS-1979445
154324,HSS-8072347
154375,HSS-8075957
154945,HSS-8070338
167320,HSS-8076914
167402,
167471,HSS-1034808
167709,HSS-8065199
167578,HSS-8070870
167579,HSS-1032256
170203,HSS-8070150
170136,HSS-8024649
170002,HSS-8076876
170301,HSS-1035174
170410,HSS-6001208
169687,HSS-8073302
169969,HSS-8071217
169900,HSS-8076642
169644,HSS-8073314
169460,HSS-8079117
169479,HSS-8080154
169525,HSS-8067925
169345,
169390,C004105
169442,HSS-8024650
168745,HSS-8026029
168717,HSS-1034359
168672,HSS-8070901
168866,HSS-8077546
168847,
168958,
168998,HSS-8071522
169021,HSS-8060565
169137,HSS-1043074
168398,HSS-8075721
168620,HSS-8059621
168246,HSS-8080136
168248,HSS-1032359
168198,
168212,HSS-1043130
167884,HSS-1035398
139016,HSS-1039898
139092,HSS-8080551
139094,HSS-8075898
139272,HSS-1037136
139128,HSS-8079089
138697,HSS-1044221
138722,HSS-8074085
138755,HSS-8069304
138916,HSS-1038429
151117,HSS-1961422
151167,C000604
151171,C000964
151019,HSS-1038861
151615,HSS-8004453
151477,HSS-8061954
151652,HSS-8067417
151931,HSS-8074417
151939,HSS-8079582
152009,HSS-1034483
152080,HSS-8025224
152663,C000950
152666,C000967
152670,HSS-8080504
152674,HSS-1971332
152683,HSS-8023432
152448,HSS-8072902
213250,
213268,
206627,HSS-8080822
213481,
200079,HSS-8084117
213661,
213868,
213988,
214036,
214167,
214178,
214259,
29216,HSS-1992433
214397,
214459,
221657,
66009,HSS-1044883
107903,HSS-8082043
221715,
221786,
221832,
221833,
183099,HSS-8078276
183127,HSS-1020761
183146,
183149,HSS-8027712
183163,HSS-8068176
183382,HSS-8059975
183402,103427
183320,C015213
182916,HSS-8067892
183015,HSS-8068223
183540,HSS-8067389
183560,HSS-1043318
183871,HSS-1035305
170630,HSS-8076940
170529,HSS-8076423
170554,C004892
170559,HSS-1032593
170503,HSS-8071500
170677,HSS-8075384
170721,HSS-1040268
170747,HSS-8058881
182668,HSS-8059606
182704,HSS-8067977
182579,HSS-8018572
182591,HSS-1041640
182488,HSS-1043650
182452,
182282,HSS-1032260
184735,HSS-8025373
184731,HSS-8069534
184493,HSS-8070862
184633,HSS-1044116
185091,HSS-8073519
185130,
184790,HSS-1020480
184780,HSS-8068250
184773,HSS-8074433
184263,HSS-1044225
184329,HSS-1042142
184439,HSS-8076658
184356,HSS-1038860
184154,HSS-1030871
183991,132458
184049,HSS-8059637
185896,HSS-8067325
196743,75996
196793,HSS-8018433
196894,HSS-1032358
196886,HSS-8013906
196835,HSS-8058752
185539,HSS-1035396
185285,HSS-1032031
185193,HSS-8074575
185226,HSS-8014946
238435,HSS-1998309
235569,HSS-8088835
229157,HSS-1045240
228920,HSS-8082850
228929,HSS-8082318
195720,HSS-8081118
236120,HSS-1047754
62067,HSS-8082058
62123,HSS-8080766
144524,HSS-8080793
232822,HSS-8092948
232823,HSS-8092744
194060,HSS-8081059
240724,HSS-1047755
257516,HSS-1111405
257517,HSS-1940356
243858,HSS-1047276
240733,HSS-8087754
277798,HSS-8096609
277823,HSS-8096562
277949,HSS-8096575
277929,HSS-8096673
277930,HSS-8096306
277931,HSS-8096681
277933,HSS-8096297
277934,HSS-8096564
277935,HSS-8096685
277939,HSS-8096305
277940,HSS-8096574
277941,HSS-8096582
277942,HSS-8096674
277943,HSS-8096679
277944,HSS-8096301
238810,HSS-8087492
238811,HSS-8087489
238812,HSS-8087263
238813,HSS-8088858
238817,HSS-1046843
238818,HSS-1046888
238808,HSS-8084930
239080,HSS-1046363
238820,HSS-1046875
239036,HSS-1046298
239038,HSS-1046297
240967,HSS-1046490
238800,HSS-1047360
238801,HSS-1047013
238802,HSS-1047388
238804,HSS-8088066
240971,HSS-8086370
240972,HSS-1046489
240973,HSS-1046488
277947,HSS-8096308
277948,HSS-8096672
277813,HSS-8096593
240201,HSS-8085896
240202,HSS-8085890
240203,HSS-8085894
240278,HSS-1046208
240206,HSS-8087056
240207,HSS-8085898
240210,HSS-8086955
245514,HSS-8089173
240993,HSS-8085857
240994,HSS-8085856
240991,HSS-8085839
240990,HSS-8085862
240545,HSS-8086522
252071,HSS-8091574
261695,HSS-1904735
242395,47381
242070,47148
240956,HSS-1046389
240957,HSS-1046455
256878,HSS-8093270
256378,HSS-1961923
256379,HSS-1961915
257231,HSS-8093935
257234,HSS-8095712
257228,HSS-8096478
257229,HSS-8093934
257599,HSS-1111312
257591,HSS-8093375
257593,HSS-8093850
261762,HSS-8092435
257601,HSS-8093661
257627,HSS-1940355
257628,HSS-8093530
257623,HSS-1111136
257624,HSS-8094441
257621,HSS-8093757
257622,HSS-8094492
257098,HSS-8095042
257099,HSS-8095719
257614,HSS-8093407
246102,HSS-1047741
246103,HSS-1047783
246105,HSS-1047740
246106,HSS-8089406
246107,HSS-1047750
257527,HSS-8094620
257528,HSS-8094614
257522,HSS-8094275
257139,HSS-8094271
257109,HSS-8096447
257110,HSS-8096458
257111,HSS-8095713
247780,HSS-8089799
278389,HSS-8096605
245359,HSS-8089039
256915,HSS-8094411
256916,HSS-1961903
257116,HSS-8095865
257117,HSS-1112336
257118,HSS-8094936
257127,HSS-8096307
269087,HSS-8096235
263359,HSS-1940013
260279,HSS-1049354
269086,HSS-8096279
263337,HSS-8094725
263338,HSS-8094795
258286,HSS-8091776
263314,HSS-1940368
263319,HSS-1940372
257893,HSS-8094463
257145,HSS-8095040
257424,HSS-8093614
257152,HSS-8096319
257426,HSS-1111308
257427,HSS-8094303
257428,HSS-1110944
257429,HSS-1094457
257430,HSS-8093515
256928,HSS-8092959
257887,HSS-8096457
256258,HSS-8091597
256926,HSS-8092881
263232,HSS-8094680
246112,HSS-1047736
246114,HSS-1047785
246116,HSS-1047733
245903,HSS-1048531
245904,HSS-1048231
245906,HSS-1110811
245907,HSS-1047947
245909,HSS-1110918
245911,HSS-1048443
245912,HSS-1048971
245914,HSS-1049690
257442,HSS-8094671
257436,HSS-1111238
257438,HSS-8094272
257439,HSS-8094495
256261,HSS-8091590
256918,HSS-8094372
256919,HSS-1110787
256920,HSS-8093269
256922,HSS-8094351
256923,HSS-8093314
256924,HSS-8093180
260270,HSS-8092006
261734,HSS-1090970
261725,HSS-1904732
261723,HSS-1904736
261721,HSS-1904734
261808,HSS-8093171
261810,HSS-8093163
261811,HSS-1961928
278584,HSS-8096645
263374,HSS-1940365
263375,HSS-1940386
263376,HSS-8094729
263383,HSS-1940357
266473,HSS-1111239
274062,HSS-8095859
274058,HSS-8095699
274045,HSS-8095716
274039,HSS-8096176
257819,HSS-8093529
256808,HSS-8093056
256809,HSS-8093058
256810,HSS-8095451
257813,HSS-8094504
257815,HSS-8093623
257823,HSS-8094675
256800,HSS-8093126
256801,HSS-8093125
256803,HSS-8093055
256804,HSS-8093061
256805,HSS-8093115
256806,HSS-8092882
256758,HSS-8094004
256759,HSS-8094014
263223,HSS-8094723
257835,HSS-8094603
257837,HSS-8093659
257731,HSS-1110960
257839,HSS-8093846
257840,HSS-8094297
257841,HSS-8094382
266941,HSS-8095475
256756,HSS-8095025
256798,HSS-8093110
256766,HSS-8094002
257828,HSS-8093307
256818,HSS-8093047
256819,HSS-8093065
256820,HSS-8093119
256821,HSS-8093048
256419,HSS-8093219
256432,HSS-1049902
256427,HSS-8093217
256444,HSS-1961906
256445,HSS-1961907
256441,HSS-1110555
256436,HSS-8092935
256437,HSS-1049913
256439,HSS-8092537
256891,HSS-8093176
256892,HSS-1110755
256893,HSS-8093209
257456,HSS-8093766
257457,HSS-8092734
257458,HSS-8093761
257459,HSS-8093427
257451,HSS-8093847
256415,HSS-1961904
256412,HSS-1110605
256413,HSS-1961913
256407,HSS-8092891
274076,HSS-8093316
274077,HSS-8093327
274078,
274081,
278822,HSS-8096615
256881,HSS-8093107
256882,HSS-8093175
256883,HSS-8093177
257447,HSS-8094285
257449,HSS-8093922
257639,HSS-8093662
257636,HSS-8094619
257637,HSS-8094544
256403,HSS-1961908
256404,HSS-8092538
256400,HSS-1049912
256401,HSS-8092937
257478,HSS-8093609
257480,HSS-8094282
257784,HSS-8094606
257785,HSS-8093657
257793,HSS-8093714
257489,HSS-8094706
257490,HSS-8093513
257788,HSS-1110353
257467,HSS-8093522
257472,HSS-8094499
257474,HSS-1111135
257475,HSS-8094600
273425,HSS-8095890
273069,HSS-8094809
263577,HSS-1940400
263722,HSS-1940006
263584,HSS-8094781
263171,HSS-1940362
272734,HSS-8096093
272717,HSS-8096087
269011,HSS-8096205
269017,HSS-8096467
265839,HSS-1110691
265842,HSS-8092708
268999,HSS-8096203
273877,HSS-8096042
268984,HSS-8096193
280808,HSS-8096768
277530,HSS-1111991
269006,HSS-8096202
250764,HSS-8090534
256960,HSS-8092957
248313,HSS-1048693
248309,HSS-8091269
248299,HSS-1903197
248305,HSS-1048661
248307,HSS-1048657
248081,HSS-8091513
248078,HSS-8091598
248499,HSS-1049279
248056,HSS-1049032
248073,HSS-8092741
248063,HSS-8091826
248068,HSS-8091936
248052,HSS-1049006
248049,HSS-8091761
248060,HSS-1049044
248042,HSS-8091827
248044,HSS-8091754
250754,HSS-1048457
250914,HSS-8092337
248965,HSS-1048227
250747,HSS-1048387
250741,HSS-1048371
256714,HSS-8094196
250908,HSS-8092313
248487,HSS-1049128
247304,HSS-8090351
266820,HSS-1111317
268968,HSS-8096192
280850,HSS-8096874
273404,HSS-8095860
280914,HSS-8096706
279863,HSS-8096492
279867,HSS-8096491
279829,HSS-1111858
279216,HSS-8096694
29775,C000642
29494,HSS-8077865
29659,HSS-8073318
29676,HSS-8059644
30701,C003511
42223,HSS-1030877
30413,C015219
30419,HSS-1042953
30500,
42702,HSS-8024386
42900,HSS-1034429
42391,HSS-8018674
42515,HSS-8068244
43259,HSS-1042283
43268,HSS-8078277
43462,C015206
43344,HSS-8018788
43350,HSS-8070911
43029,HSS-8075902
43032,C003991
43087,HSS-1019004
43014,HSS-8075430
15123,C002006
14815,ECN-77806
14924,HSS-1958715
14951,HSS-8067899
14961,HSS-8058912
14674,C002393
14726,C004880
14732,HSS-1042473
14762,HSS-8067144
14909,HSS-8066252
27434,HSS-8025029
27373,HSS-8072092
27284,HSS-8016014
27038,HSS-8072113
27261,HSS-1037484
27678,
27568,HSS-8017971
27841,HSS-8074582
27782,HSS-8067044
28519,105746
28471,HSS-8014803
28410,HSS-1964268
28186,HSS-8074413
28075,HSS-8060537
28125,HSS-8059647
28138,HSS-8073086
1271,HSS-8058011
1773,C000991
1774,C002015
1783,HSS-1034358
611,HSS-1041637
688,
800,HSS-8059616
801,HSS-1031474
1029,HSS-8016547
1012,HSS-1035302
560,HSS-8076639
198983,HSS-8081062
162013,HSS-1045028
161471,HSS-8081158
159855,HSS-8081067
103713,HSS-8081624
157995,HSS-8083343
139983,HSS-8081631
140808,HSS-8082307
9653,HSS-8083322
13560,HSS-8082311
234075,HSS-8086407
234076,HSS-1046526
234077,HSS-8085254
96908,HSS-8082025
100899,HSS-1045003
101700,HSS-8084234
225689,HSS-8082570
233924,HSS-8085265
233925,HSS-1045940
233926,HSS-1045952
86991,HSS-1044936
84630,HSS-8082035
252053,HSS-1110652
233921,HSS-8086365
234072,HSS-1046500
10150,HSS-1044802
230108,HSS-8082636
67570,HSS-8075398
67581,HSS-8077191
67811,HSS-8078154
67928,HSS-1021036
67964,HSS-1010791
68126,HSS-8075408
68000,C003676
68001,C003707
66917,HSS-8078296
66980,HSS-1040159
67231,HSS-8061665
67107,HSS-8059622
67117,HSS-8079927
67314,HSS-8067913
67323,HSS-8076687
67303,HSS-1991929
65961,
66175,HSS-8078664
66414,HSS-8074463
66447,HSS-8079655
66578,C003507
66602,C004874
66617,HSS-8077551
65895,HSS-1979440
65796,HSS-1032325
65801,HSS-8018375
65772,HSS-1043850
65642,HSS-8027383
65648,HSS-8080126
65517,HSS-8081052
65697,HSS-8076132
65702,HSS-1037602
65726,HSS-1042141
65130,HSS-1032030
64937,HSS-1030876
64941,HSS-8066235
53363,HSS-8080127
53366,C001841
53319,HSS-8073083
52635,HSS-8066059
52863,
52967,146659
109987,HSS-8071771
110450,HSS-8081407
110563,HSS-1028527
110290,HSS-1043123
110334,HSS-1042660
109604,HSS-8068185
109506,HSS-1026492
109573,HSS-1041722
109450,C003626
109406,HSS-8076665
109849,HSS-8080568
109867,HSS-8070317
109761,HSS-8069532
109765,HSS-8071529
111155,HSS-8071214
111185,HSS-8065164
111262,
111266,
111576,HSS-8059600
111569,HSS-8024263
111530,HSS-8059628
110758,HSS-8080515
111071,HSS-1030345
111137,HSS-1035167
110975,HSS-1040836
111017,HSS-8070851
111025,HSS-8025349
126709,HSS-8059437
126768,HSS-8079151
126771,HSS-8065359
126673,HSS-8065179
126894,HSS-8025833
126946,HSS-1037840
127203,HSS-8076620
127728,HSS-8027718
139443,HSS-8072754
127796,HSS-8065873
127300,HSS-8015527
127331,HSS-8059652
127223,HSS-8075741
126201,HSS-8073280
126249,C003748
126344,HSS-8025028
125929,HSS-8078660
125658,
125665,VIHA-1056637
125705,HSS-8076139
125721,HSS-8071535
125204,HSS-1038632
125298,HSS-1019730
125361,HSS-8073080
125550,C000135
124465,HSS-1037835
124178,HSS-8012158
112720,C000011
112721,C000096
124155,HSS-8019365
124628,C004881
124740,ECN-66011
124747,HSS-1027260
124755,HSS-8060935
112645,HSS-8076922
112530,
112531,
112184,HSS-8058475
112451,HSS-1030717
112459,HSS-8059645
111707,HSS-8067588
111852,HSS-8067937
111853,HSS-8059609
111979,HSS-8067882
111943,
111945,103026
51761,75997
51762,76002
51778,HSS-8078712
51796,HSS-1035370
51849,HSS-8059038
51742,HSS-8066038
51818,
51930,HSS-8017839
51994,HSS-1025170
51090,HSS-8022371
51323,HSS-8022577
51152,HSS-8075404
51167,HSS-8009166
51181,HSS-1031925
38474,HSS-1036808
5233,HSS-8021559
5164,HSS-8070837
5289,HSS-8071532
5342,HSS-8077575
5377,HSS-8068245
7499,HSS-1968265
7454,HSS-8079146
7669,C003700
7244,
7173,HSS-8068210
7420,HSS-1033371
6840,HSS-1033712
6855,HSS-8073291
6621,76004
6622,76007
6623,76009
6624,76011
6625,76013
6626,76015
4196,C003865
4420,HSS-8076942
4465,HSS-8062116
4502,HSS-8058879
4512,HSS-8062121
5127,
45041,HSS-1044720
4154,C000246
30765,HSS-1044741
206511,HSS-1992832
206710,HSS-8080800
4931,HSS-1039464
4971,HSS-1042370
4778,HSS-8059490
4612,HSS-8078275
131863,HSS-8081982
134085,HSS-8080823
151512,HSS-8082078
184990,HSS-8080785
52336,HSS-8082367
71120,HSS-8082600
71729,HSS-8081879
71930,HSS-8081999
70267,HSS-8083335
73809,HSS-8081110
73537,HSS-8080796
112657,HSS-8082004
114050,HSS-8080799
97050,HSS-8081976
97051,HSS-8082018
115230,HSS-8081669
163346,HSS-1992408
225695,HSS-8082576
76571,HSS-8081630
95548,HSS-8082003
277986,HSS-8096701
277987,HSS-8096684
46783,HSS-8081986
232777,HSS-8092952
225711,HSS-8083292
233259,HSS-8094405
18823,HSS-8081671
156143,HSS-1044868
235562,HSS-8088511
8605,HSS-1044875
34376,HSS-8082362
33273,HSS-8082039
36809,HSS-8083331
18331,HSS-8082361
17922,HSS-8081074
238775,HSS-1047386
233248,HSS-8094392
233249,HSS-8094413
236397,HSS-8087954
236401,HSS-1046110
184913,HSS-8082007
189425,HSS-8081991
63575,HSS-8084058
244576,HSS-8090539
97680,HSS-8084344
235300,HSS-8093436
84253,HSS-8081113
242091,47320
242096,47325
242098,47326
229495,HSS-8082843
277965,HSS-8096580
277966,HSS-8096566
277990,HSS-8096576
172376,HSS-1031307
171978,HSS-8073877
172208,HSS-1036045
172215,HSS-8073317
173488,HSS-8021236
173417,HSS-1971862
172999,HSS-8076145
173026,HSS-8079924
158614,HSS-8059330
158641,HSS-8065213
158521,HSS-8067893
158493,
171288,HSS-8016215
171619,HSS-8058872
171645,HSS-8077300
171586,
171591,HSS-1038995
171685,HSS-1035431
171692,HSS-8061674
171534,HSS-1042744
171395,HSS-1027266
157129,HSS-1039894
156931,HSS-8075899
156832,HSS-1964280
156189,HSS-8071488
156126,HSS-8059012
156149,146658
156070,C009070
156448,HSS-1037823
156573,HSS-8074464
156287,HSS-8069791
156367,HSS-1035400
156385,105042
157998,HSS-1041182
158331,C002387
158178,HSS-1974230
157372,HSS-8058998
157390,
157266,
157268,HSS-8073286
157277,
157481,76001
157510,HSS-8078689
140833,
140733,HSS-1043116
140896,HSS-8068541
140940,HSS-8025367
141094,HSS-8079119
141071,HSS-8079618
141353,HSS-8070863
141379,HSS-8077530
141380,HSS-8076904
141621,HSS-8081450
139523,HSS-8078326
139574,HSS-8012795
139652,HSS-8066208
139807,HSS-8004293
139986,HSS-8078328
140102,HSS-8075901
139896,HSS-8075910
140167,C004042
140326,HSS-1039742
140353,
140380,C015218
140381,C015211
140582,HSS-8005980
140646,
142738,HSS-8080794
142592,HSS-1967624
142660,HSS-1988136
142976,PB8L50B
142025,HSS-8067134
141795,HSS-8068217
141827,
141840,HSS-1038224
142211,HSS-1043110
142169,HSS-8070909
142180,HSS-8070153
143167,C004003
154973,HSS-8066216
155330,HSS-1043422
155080,HSS-8068189
155153,HSS-8060564
202783,PC076164
202754,C012372
202848,ECN-77807
204239,HSS-8017474
204463,
203824,HSS-1027718
203839,HSS-8025193
204007,HSS-8071524
204044,HSS-1034678
235568,HSS-8088488
215442,
215503,
256813,HSS-8096044
215963,
169586,HSS-8082023
216054,
216370,
182251,HSS-8084031
216477,
125183,HSS-8081446
216748,
217183,
217383,
217388,
204501,HSS-8058897
238788,HSS-1047385
238790,HSS-1047352
238791,HSS-8087475
238792,HSS-1047384
214653,
214719,
34254,HSS-1992409
185514,HSS-8084039
214958,
215004,
215246,
235263,HSS-8093369
228245,HSS-8082841
93527,HSS-8082036
230068,HSS-8082313
228336,HSS-1994415
198552,HSS-8081644
85581,HSS-8084032
228272,HSS-8082655
228290,HSS-8082842
228238,HSS-8067959
226528,HSS-1045135
226504,HSS-8082908
230630,HSS-1045252
228174,HSS-8082836
230804,HSS-8083699
226506,HSS-1045349
229996,HSS-1045116
230035,HSS-8082305
41391,HSS-8082557
230629,HSS-8082837
228966,HSS-8082835
228967,HSS-8082819
178526,HSS-8081462
215716,
122534,HSS-8081641
136744,HSS-8081468
136862,HSS-8081665
217578,
217584,
217697,
217819,
217857,
121827,
217967,
243511,HSS-8093506
227599,HSS-8084627
25437,
227626,HSS-8084282
227758,HSS-8084303
133545,BCH-0100091
228106,HSS-8093988
193938,HSS-8081403
67110,HSS-8081075
200945,HSS-1045546
199195,HSS-8081992
198816,HSS-1044719
198822,HSS-1044938
161184,HSS-8081409
201657,HSS-8081664
134824,HSS-1044766
234084,HSS-8085264
225287,HSS-8082630
227583,HSS-8082879
24075,HSS-1044686
230059,HSS-8083442
230047,HSS-8084242
230063,HSS-8084341
230064,HSS-8084235
230066,HSS-8083336
230072,HSS-1045448
230079,HSS-8093706
230383,HSS-1047774
230384,HSS-1994425
230386,HSS-8084062
230360,HSS-8085840
230366,HSS-8083617
230373,HSS-8093986
230438,HSS-8084633
230406,HSS-8084299
228628,HSS-8084616
228641,HSS-8093696
230305,HSS-1994411
230314,HSS-8084017
228663,HSS-8083848
228901,HSS-1045549
228928,HSS-8084618
228932,HSS-1994409
228933,HSS-8084265
228988,HSS-8083300
228994,HSS-1045408
228949,HSS-8084253
228913,HSS-8084283
228941,HSS-8084275
229070,HSS-8084012
230650,HSS-8085887
229068,HSS-8093702
230628,HSS-8084328
230634,HSS-1994427
230609,HSS-1045301
229162,HSS-8094121
229168,HSS-8084237
229118,HSS-8084057
230678,HSS-8085864
229036,HSS-1045291
230686,HSS-8086374
230681,HSS-8085892
230566,HSS-8084236
230514,HSS-1045292
230485,HSS-8085257
228446,HSS-8084281
228429,HSS-8093704
228469,HSS-8084566
228333,HSS-8093712
228337,HSS-8084337
228397,HSS-8084019
228387,HSS-8084334
228380,HSS-1045401
229270,HSS-8083348
228271,HSS-8082888
229255,HSS-8083846
229258,HSS-8084116
229260,HSS-8093836
228293,HSS-1045296
228296,HSS-8083632
228299,HSS-8083307
229241,HSS-8084028
229202,HSS-8084018
233297,HSS-8091001
254481,HSS-8091949
229634,HSS-8093697
229636,HSS-8084313
229642,HSS-8084270
229659,HSS-8094032
229660,HSS-8093695
229661,HSS-8084324
254269,HSS-1904937
254259,HSS-1110429
254315,HSS-1049671
254316,HSS-8092893
229536,HSS-8093834
229598,HSS-8084812
230721,HSS-8084338
230723,HSS-8084023
230724,HSS-8084271
229512,HSS-1994568
230926,HSS-8084300
236658,HSS-1047772
230981,HSS-8093367
230945,HSS-8085323
236735,HSS-8088655
230920,HSS-8093285
244182,HSS-8088994
244174,HSS-1047460
244176,HSS-8088851
269303,HSS-8096269
233560,HSS-1045809
233561,HSS-1045802
238896,HSS-1047545
265768,HSS-8094497
265769,HSS-8093315
265770,HSS-8093939
233570,HSS-8086525
233571,HSS-1045811
233572,HSS-8085846
233573,HSS-8085859
233574,HSS-8085852
236260,HSS-1046109
236337,HSS-1047135
244165,HSS-8089017
235660,HSS-8087720
231071,HSS-8093282
231076,HSS-8083703
231035,HSS-8093691
231068,HSS-8093428
231079,HSS-8083700
231080,HSS-8086592
250704,HSS-1048325
250705,HSS-1048326
250707,HSS-1048330
250708,HSS-1048308
250709,HSS-1048334
277971,HSS-8096296
258352,HSS-8091852
250640,HSS-1048747
250641,HSS-1048750
250642,HSS-8091173
250643,HSS-1048515
277973,HSS-8096676
277974,HSS-8096290
277975,HSS-8096702
277976,HSS-8096577
277977,HSS-8096295
278447,HSS-8096572
278001,HSS-1111995
278002,HSS-1111996
277954,HSS-8096287
277951,HSS-8096581
277952,HSS-8096304
236263,HSS-1047103
233592,HSS-1045889
233593,HSS-1045881
233594,HSS-1045883
261868,HSS-8093167
235249,HSS-1046400
235250,HSS-8086343
250633,HSS-1048385
250636,HSS-8091599
250637,HSS-1048441
250959,HSS-1110040
250954,HSS-1110033
263759,HSS-1940385
247079,HSS-8089638
269179,HSS-8096198
249193,HSS-1048137
249203,HSS-1048136
256723,HSS-8094125
256724,HSS-8094133
256725,HSS-8094195
249748,HSS-8091600
249877,HSS-1048633
249874,HSS-8091290
249880,HSS-1048584
250474,HSS-1049395
251017,HSS-8093214
249864,HSS-8091068
249862,HSS-1904935
273225,HSS-8095457
273219,HSS-8095599
273215,HSS-8096445
273213,HSS-8096059
273204,HSS-8095616
273200,HSS-8096116
273139,HSS-8095048
273141,HSS-8095195
273187,HSS-8094913
273179,HSS-8095227
273198,HSS-8095878
273194,HSS-8095864
273128,HSS-8095697
273129,HSS-8095862
273118,HSS-8096092
273102,HSS-8095212
273104,HSS-8095241
273099,HSS-8095814
273095,HSS-8096104
273089,HSS-8095032
273093,HSS-8096173
272878,HSS-8095617
272879,HSS-8094859
272871,HSS-8095201
272872,HSS-8096361
272865,HSS-8096061
272868,HSS-8095809
272869,HSS-8094803
272855,HSS-8096088
272859,HSS-8095867
272853,HSS-8095594
272848,HSS-8095808
272843,HSS-8095127
272809,HSS-8096111
272840,HSS-8095590
272834,HSS-8095880
272827,HSS-8096356
272813,HSS-8095611
272807,HSS-8094804
272800,HSS-8095703
273085,HSS-8096075
273076,HSS-8095714
272925,HSS-8095891
272920,HSS-8095027
272904,HSS-8096062
272902,HSS-8095496
272900,HSS-8096099
272894,HSS-8095446
272896,HSS-8094811
272890,HSS-8096081
272898,HSS-8095233
273137,HSS-8096117
273121,HSS-8095706
238784,HSS-1047333
273599,HSS-8095189
273596,HSS-8095901
273569,HSS-8095221
273570,HSS-8095900
273589,HSS-8095034
273638,HSS-8095383
273626,HSS-8094886
273618,HSS-8095144
273634,HSS-8095145
273623,HSS-8095200
273615,HSS-8095192
273613,HSS-8095629
273611,HSS-8096097
273607,HSS-8096451
273601,HSS-8096063
273555,HSS-8095884
273539,HSS-8096072
273552,HSS-8095598
273534,HSS-8095708
273536,HSS-8095595
273521,HSS-8095724
273492,HSS-8095696
273517,HSS-8094875
273507,HSS-8096444
273497,HSS-8096082
273282,HSS-8096365
18601,HSS-8059028
18966,HSS-8059326
18808,HSS-1042697
18844,
18750,HSS-1043817
18892,HSS-8075890
30884,HSS-8068249
47564,HSS-8066240
47710,HSS-8026038
47720,HSS-8075923
48024,HSS-8073520
47950,HSS-8071173
47828,HSS-8076166
47896,C006311
48155,HSS-8072748
48195,HSS-8071439
48325,HSS-1035461
48090,HSS-1034664
48051,HSS-8076945
48063,HSS-1031671
48583,
48722,HSS-8078666
47475,HSS-8081424
47503,HSS-8059488
47195,HSS-8024794
47319,HSS-8019879
47272,HSS-1031665
47277,HSS-8081645
47384,c004064
46701,C015204
46632,HSS-8067416
46781,HSS-8065874
46817,HSS-5027654
46730,HSS-8016107
47061,HSS-8075159
47013,HSS-8080153
46975,HSS-8075905
33775,HSS-8012843
33456,HSS-8074070
33540,HSS-1036605
33566,C002004
33595,HSS-8077817
33704,HSS-8070902
33717,C015220
33718,C015223
33040,99326
32907,HSS-8022364
33304,HSS-1039446
33335,HSS-8067886
33073,HSS-8080064
46188,HSS-8022906
46226,HSS-8076644
46425,HSS-1027059
46280,HSS-8075100
34006,HSS-8075873
34022,HSS-8078673
33983,HSS-8006266
34093,HSS-1031309
34335,HSS-1988142
34361,HSS-8068234
34437,HSS-8014283
34588,
34608,HSS-8069313
34617,HSS-8012909
242,HSS-1040512
132,76008
133,76010
134,76012
135,76014
136,76016
416,HSS-1042659
432,HSS-8078103
461,HSS-8075096
349,C002000
297,HSS-8069300
226497,HSS-8082896
226505,HSS-8083290
226507,HSS-8082912
225228,HSS-1045438
225229,HSS-1045433
225221,HSS-1045382
225222,HSS-1045396
226517,HSS-8082917
226525,HSS-1045195
15914,HSS-8082056
19218,HSS-8081460
15435,HSS-8073384
239005,HSS-8087481
238448,HSS-1998314
238255,HSS-1998545
238974,HSS-1046998
238996,HSS-8087165
238997,HSS-8087166
238976,HSS-8087477
238978,HSS-8087479
238421,HSS-1998349
238422,HSS-1998346
238423,HSS-1998344
235413,HSS-8087235
235414,HSS-8087234
238030,HSS-8094126
238032,HSS-8089121
238355,HSS-1998229
238357,HSS-1998328
238358,HSS-1998233
235378,HSS-8088076
235383,HSS-8088080
235385,HSS-8088079
237927,HSS-8087693
235391,HSS-8089502
235394,HSS-8089792
235398,HSS-8088857
235399,HSS-8092834
235402,HSS-8091276
235410,HSS-8087208
237802,HSS-8087529
237718,HSS-8087955
237841,HSS-8087739
237845,HSS-8087738
237854,HSS-8088819
237849,HSS-1047757
237884,HSS-8087719
237890,HSS-8087469
237893,HSS-8087468
237906,HSS-8087474
237685,HSS-8088446
237706,HSS-8087755
237656,HSS-8088095
237622,HSS-8087238
237536,HSS-1046108
237548,HSS-1046099
237556,HSS-8088061
93762,HSS-8080561
93785,HSS-8024083
93929,HSS-6001154
94199,HSS-8015714
94181,HSS-8072343
93935,HSS-8059450
93952,HSS-8066032
94036,C000159
94076,HSS-8075915
94080,HSS-8074022
105989,
105876,HSS-8078688
106038,HSS-8076422
106045,HSS-8068485
105738,HSS-8078279
105739,HSS-8061639
105796,HSS-8078710
94243,HSS-8076427
93053,HSS-8025022
93230,HSS-1035371
93293,HSS-8074422
93389,C000979
93391,C001020
93538,HSS-8065344
93457,HSS-8024369
92490,HSS-8076189
92770,HSS-8080156
92719,HSS-8080576
92817,HSS-8072757
92826,HSS-8075450
92652,HSS-8025339
92631,HSS-1036112
106856,HSS-8074021
106918,HSS-8025031
106955,HSS-1030270
107229,HSS-1988147
107233,HSS-8059022
107156,
106075,HSS-8069787
62734,HSS-8069141
64716,HSS-8074079
64738,HSS-8077871
64888,HSS-8076392
64844,
64852,95627
64745,HSS-1038862
64106,HSS-8074416
64042,HSS-1044236
64054,HSS-8068184
64172,91514
64157,HSS-8076684
64159,HSS-8076154
64243,HSS-1019159
61499,
61581,HSS-8075928
62076,HSS-1044476
61822,HSS-8010063
61891,
62405,HSS-8076138
62315,HSS-8072733
62258,HSS-1041864
62285,HSS-1034183
62560,HSS-8076678
62570,C003678
62507,HSS-8075951
48856,HSS-8021685
48804,HSS-1042195
48739,HSS-8079404
48784,HSS-8024412
48954,HSS-8059458
61293,HSS-1032058
61310,HSS-1009745
61418,HSS-1033728
49628,HSS-8077813
49568,HSS-1044685
49582,C003980
49301,HSS-8073087
49460,HSS-8025199
49424,HSS-8022372
49382,HSS-1040004
91571,HSS-8067964
91905,HSS-8076952
92097,C002008
92029,HSS-1035925
92310,HSS-8065662
91386,HSS-8058453
91558,HSS-1030872
91560,HSS-8070319
91367,HSS-8018782
91268,HSS-1035427
91087,HSS-8076941
90949,HSS-1063959
91114,HSS-1016130
91117,
91119,HSS-1043432
79416,HSS-8073133
79607,
79625,HSS-8077805
79633,HSS-8069546
78738,HSS-8071775
78697,HSS-8024222
78809,HSS-8076910
79104,HSS-8066056
76873,HSS-1991925
76890,HSS-1033144
76784,HSS-1037170
76736,HSS-8065843
77057,HSS-1030035
76620,HSS-8061676
76520,HSS-1043477
76219,HSS-8015846
76278,HSS-8075403
76211,C004894
77544,HSS-1037600
77454,HSS-8070857
77337,HSS-8080095
77814,
77762,HSS-8024414
77768,C000002
77770,C000099
78045,HSS-8025196
78126,HSS-1033707
78152,
78213,HSS-8079145
77904,HSS-8075926
77920,HSS-8012375
138535,HSS-8080591
138392,HSS-1971400
138235,HSS-8076682
138033,HSS-1032706
137444,HSS-8075954
137571,HSS-8076700
137634,HSS-1043589
137086,HSS-8079832
137016,HSS-8079101
137152,HSS-1036542
137376,HSS-8065658
137353,C005038
136752,HSS-1037195
136673,HSS-8070850
136666,HSS-1964314
136151,HSS-8076679
136557,HSS-8075948
136580,HSS-1024302
197803,HSS-1039879
197942,HSS-8079647
198251,HSS-8017856
198299,HSS-8076650
198145,HSS-8066219
197535,HSS-8066210
197536,HSS-8069790
197541,HSS-1964329
197542,HSS-8080094
197562,HSS-1032324
197043,HSS-8070880
197366,100385
198914,C000929
198807,HSS-8065875
198553,HSS-1022207
198504,HSS-8014341
198450,HSS-8079643
198991,HSS-8025197
199170,HSS-8009101
199173,HSS-1958717
199118,HSS-8070833
199149,HSS-8059004
199599,HSS-8078630
199663,
199389,HSS-1044306
199362,HSS-8066215
200391,HSS-8078095
226691,HSS-8084842
232781,HSS-8092426
17650,HSS-8081440
226683,HSS-8084857
226686,HSS-8084847
226689,HSS-8084845
211538,
227558,HSS-8093590
200223,HSS-8077528
200356,HSS-1037153
200368,HSS-8078633
200215,HSS-1041760
200072,HSS-1021136
199923,C004884
199758,HSS-8023534
199870,HSS-1043142
226681,HSS-8083631
232814,HSS-8092946
212010,
212011,
230752,HSS-8084268
230764,HSS-8085865
230768,HSS-8085855
230756,HSS-8084272
230757,HSS-8086333
226671,HSS-8084863
226676,HSS-8083873
226677,HSS-8084844
226678,HSS-8084860
226679,HSS-8083628
227564,HSS-8093700
227569,HSS-8084293
211631,
211760,
226702,HSS-8084254
212769,
212861,
19674,HSS-1992417
213065,
213085,
213086,
213100,
213148,
232966,HSS-1045736
229530,HSS-8082875
234086,HSS-8086359
174403,HSS-8081984
89511,HSS-8081456
226491,HSS-8082858
226511,HSS-8082873
225338,HSS-1045237
101916,HSS-1044966
101955,HSS-8081981
242100,47328
242103,47332
230203,HSS-8082844
232787,HSS-8092939
227407,HSS-8082809
59115,HSS-1044845
27760,HSS-1992418
222077,
233264,HSS-8094892
152437,HSS-8081447
233928,HSS-8086818
233929,HSS-8085345
226521,HSS-8082900
113767,HSS-1044886
233931,HSS-8086356
181680,HSS-8081427
222495,
222499,
222679,
222784,
235865,HSS-8088824
227388,HSS-1045351
212247,
212248,
230772,HSS-8085294
230774,HSS-8085293
226527,HSS-8082915
212184,
226695,HSS-8084858
212675,
226699,HSS-8084239
226700,HSS-8084859
227399,HSS-8083131
212403,
212425,
212547,
176461,HSS-1992403
233272,HSS-8094408
233943,HSS-8085344
235270,HSS-8093442
235882,HSS-8088813
235581,HSS-8088811
235583,HSS-1047802
232971,HSS-1045722
49121,HSS-1044725
238796,HSS-1047014
238797,HSS-1047028
242104,47333
269242,HSS-8096243
234089,HSS-1046644
234090,HSS-8085251
232824,HSS-8092750
7071,HSS-8084238
235578,HSS-8087223
245943,HSS-1110690
245944,HSS-1048598
245945,HSS-1110456
245507,HSS-8089172
233949,HSS-8085309
233951,HSS-8085292
242106,47334
242359,47341
233961,HSS-8086399
233963,HSS-1046867
234052,HSS-8085346
234047,HSS-1046823
234145,HSS-8085606
234148,HSS-8086408
234149,HSS-8086531
234150,HSS-8086534
234092,HSS-1045953
234094,HSS-8084849
234101,HSS-1046517
234103,HSS-8084865
235273,HSS-8093370
234043,HSS-8085301
234045,HSS-8086998
234155,HSS-1045950
257615,HSS-8093317
257616,HSS-8093938
257617,HSS-8093526
256386,HSS-1110881
256388,HSS-1961914
256381,HSS-8093216
256382,HSS-1961916
256383,HSS-1111212
256391,HSS-1961921
256392,HSS-1111334
256394,HSS-8093052
256395,HSS-1110728
256396,HSS-1961905
256397,HSS-8093068
256398,HSS-1110583
245954,HSS-1047994
245515,HSS-8089259
254176,
254175,HSS-8080057
277937,HSS-8096610
277938,HSS-8096579
244015,HSS-8089013
240594,HSS-1046730
240597,HSS-1046696
252959,HSS-1902871
252960,HSS-1902872
252961,HSS-1902873
235281,HSS-8093257
245962,HSS-1112225
256367,HSS-1961909
256368,HSS-1111240
256369,HSS-1110964
256370,HSS-8093112
256372,HSS-1961922
256373,HSS-8093525
256374,HSS-1049904
256375,HSS-1961920
257587,HSS-8093760
257588,HSS-1111476
257589,HSS-8093660
256364,HSS-1110962
256365,HSS-1049905
257763,HSS-8095971
257764,HSS-8094461
257765,HSS-1111321
257768,HSS-1111427
257761,HSS-8093531
246065,HSS-1047752
246066,HSS-1047739
246063,HSS-1047780
246054,HSS-8089796
246055,HSS-1048118
246052,HSS-8089417
246060,HSS-1047775
246061,HSS-1047751
246069,HSS-8091268
246070,HSS-1047742
246073,HSS-1047748
247118,HSS-1047712
247774,HSS-8090014
247120,HSS-1047718
247771,HSS-1048304
246087,HSS-1047745
246088,HSS-1047646
246084,HSS-1047788
247125,HSS-8089648
246094,HSS-8089900
246092,HSS-1047735
246075,HSS-1047776
246076,HSS-8089293
246077,HSS-1047749
247777,HSS-1903199
246082,HSS-1047746
247791,HSS-8089933
247792,HSS-1047719
245278,HSS-8089030
247144,HSS-1047804
247152,HSS-1047803
247146,HSS-1047806
247147,HSS-8091061
247149,HSS-1047809
247150,HSS-1047797
246098,HSS-1047726
246099,HSS-1047784
274040,HSS-8095620
274033,HSS-8095467
274034,HSS-8094919
274031,HSS-8095196
274022,HSS-8096035
274004,HSS-8095613
273997,HSS-8095883
273994,HSS-8095379
273980,HSS-8096090
273976,HSS-8096041
273970,HSS-8095815
273966,HSS-8095246
269248,HSS-8096276
269249,HSS-8096241
273989,HSS-8095220
269070,HSS-8096215
270704,HSS-8096757
263389,HSS-8094789
263390,HSS-8094772
263391,HSS-8094681
263394,HSS-1940382
263402,HSS-1940361
278301,HSS-8096578
278304,HSS-8096626
267026,HSS-8095501
278323,HSS-8096668
278327,HSS-8096536
278597,HSS-8096543
278602,HSS-8096621
278603,HSS-8096529
278330,HSS-8096537
278333,HSS-8096654
278612,HSS-8096594
274082,HSS-8093050
269080,HSS-8096189
269081,HSS-8096240
269082,HSS-8096232
269065,HSS-8096216
269008,HSS-8096274
269055,HSS-8096273
269259,HSS-8096191
269263,HSS-8096282
246045,HSS-8089645
246046,HSS-8089402
246047,HSS-8089646
246050,HSS-1047715
247769,HSS-8089934
246043,HSS-8089396
246033,HSS-8089299
246035,HSS-1047717
246037,HSS-8089499
246038,HSS-1047737
257853,HSS-1110704
257830,HSS-1110351
257831,HSS-8094616
257842,HSS-8094406
257843,HSS-8093621
257846,HSS-1111307
257847,HSS-8093618
257849,HSS-8093523
257850,HSS-8094607
257855,HSS-8094440
257859,HSS-8094597
257861,HSS-1111313
257863,HSS-8092770
278388,HSS-8096591
263224,HSS-1940004
257869,HSS-8093320
246031,HSS-8089404
257871,HSS-8093851
244870,HSS-8090588
246029,HSS-1047896
256830,HSS-8094373
256814,HSS-8093122
256815,HSS-8093063
256816,HSS-8093043
256825,HSS-8094407
256353,HSS-8093625
256823,HSS-8093066
256347,HSS-1961910
256348,HSS-8093215
256888,HSS-8094348
257777,HSS-8093528
257779,HSS-8094623
257462,HSS-8093518
257463,HSS-8093516
257464,HSS-8093318
257773,HSS-8093622
257541,HSS-8094605
257546,HSS-1110951
257548,HSS-1049353
257501,HSS-8092781
257502,HSS-8093665
257503,HSS-8094670
257504,HSS-1111235
257505,HSS-8094270
257506,HSS-1110950
257507,HSS-8092780
257509,HSS-8094490
257538,HSS-8094608
257806,HSS-8094621
257808,HSS-8094591
257495,HSS-8094609
257492,HSS-8094541
257800,HSS-8094302
257497,HSS-8094601
257499,HSS-8093929
261798,HSS-8092446
261793,HSS-8092438
261794,HSS-8093160
261767,HSS-1961924
261765,HSS-1961927
261784,HSS-8092559
261815,HSS-8096244
261770,HSS-1961933
261773,HSS-8092441
261775,HSS-1961925
261779,HSS-8092557
261780,HSS-8093168
261781,HSS-8092636
261782,HSS-1961929
261812,HSS-8095997
263537,HSS-1940369
263514,HSS-1940392
263521,HSS-8094678
263108,HSS-1940014
263111,HSS-1940005
263117,HSS-1940388
263492,HSS-1940387
263493,HSS-8096045
278649,HSS-8096541
263454,HSS-8094785
263458,HSS-1940374
263461,HSS-1940366
263462,HSS-1940383
263465,HSS-1940011
263469,HSS-1940367
263471,HSS-1940384
263104,HSS-8094792
261819,HSS-8092553
261820,HSS-8092542
261821,HSS-1940495
261824,HSS-8092440
261825,HSS-8093164
271493,HSS-8096368
263432,HSS-1940391
263439,HSS-1940016
265778,HSS-1110937
265779,HSS-8093852
265780,HSS-8093319
269030,HSS-8096250
269031,HSS-8096214
265776,HSS-8094672
269053,HSS-8096213
263185,HSS-8094775
279563,HSS-8096767
263542,HSS-1940371
263549,HSS-1940378
265786,HSS-1110574
265789,HSS-8093521
269035,HSS-8096280
261850,HSS-8093170
261855,HSS-1940494
261858,HSS-8092431
250613,HSS-1049825
250596,HSS-1049432
250589,HSS-1049420
250590,HSS-1049427
251218,HSS-8092591
251219,HSS-8092589
250603,HSS-8092212
250604,HSS-8092213
250605,HSS-1049746
250606,HSS-1049777
250668,HSS-1903164
250686,HSS-8091287
250688,HSS-1048139
250678,HSS-1048504
250679,HSS-1048517
250680,HSS-8091266
250681,HSS-1048516
250682,HSS-8091307
250683,HSS-8091309
250672,HSS-8091190
250673,HSS-8091181
250674,HSS-8091191
250675,HSS-8091182
250676,HSS-8091172
250651,HSS-1048507
250652,HSS-8091275
250657,HSS-1048220
250658,HSS-1048309
250961,HSS-1110036
251226,HSS-8091312
251227,HSS-1049773
251229,HSS-8092360
251230,HSS-8092315
251231,HSS-8092356
250644,HSS-1048514
250645,HSS-1048513
250647,HSS-1048511
250648,HSS-1048510
250649,HSS-1048509
249741,HSS-8091743
249737,HSS-1049082
250971,HSS-8092549
250968,HSS-8092556
249464,HSS-8090550
249445,HSS-8090551
249447,HSS-8091310
249448,HSS-8091180
249482,HSS-1048518
249474,HSS-1903176
256730,HSS-8094181
250982,HSS-8092359
249841,HSS-8091449
249842,HSS-8091365
249560,HSS-8091470
249575,HSS-1048662
250500,HSS-1048602
249554,HSS-8091179
249550,HSS-8091289
257180,HSS-1111523
249888,HSS-8091381
257173,HSS-8096446
257174,HSS-8096358
249823,HSS-8091193
249829,HSS-8091244
251416,HSS-1048117
249818,HSS-8091323
249855,HSS-1048810
249859,HSS-8091461
252782,HSS-8092181
252783,HSS-8092607
256736,HSS-8094007
252774,HSS-8091862
252775,HSS-8091989
256732,HSS-8094187
250515,HSS-8091980
250518,HSS-8091974
250504,HSS-1049421
250507,HSS-1049382
250509,HSS-1049429
250510,HSS-1049428
252777,HSS-8091506
252778,HSS-8092182
150473,HSS-1016132
150627,HSS-1032504
150573,HSS-8080061
150580,HSS-1043430
135655,C001165
147415,HSS-8070355
135518,HSS-1037836
135348,HSS-8070859
135392,HSS-8074014
148168,HSS-8080110
148202,HSS-8068252
148246,HSS-1036528
148270,HSS-1961960
148296,HSS-8058866
148007,HSS-1043315
147691,HSS-1040029
147582,HSS-8067915
147558,HSS-8061659
149689,HSS-8080129
149691,HSS-8068235
149451,HSS-8075946
149773,HSS-1044464
149390,HSS-8071773
149037,105379
148477,HSS-1036020
148544,
132841,HSS-1958691
132929,C22B15M013
133077,HSS-8078291
133383,C000675
133214,HSS-8058902
133736,HSS-8058882
133796,HSS-8071538
133807,HSS-1964219
133613,HSS-8066055
133597,C003923
134572,HSS-8080108
135126,HSS-8075413
134995,HSS-8074013
134419,C005039
134310,HSS-8016398
134294,HSS-1034677
119015,C002827
118839,HSS-8079837
119304,HSS-8076135
119379,HSS-1024232
119260,
119261,
119633,HSS-8067917
119461,HSS-1043720
119787,HSS-1962570
119662,HSS-8077576
119896,
131938,HSS-1042983
132094,HSS-1043429
119932,HSS-8081457
120024,HSS-8024375
120046,C004902
131822,HSS-8075947
131841,HSS-8024265
131851,088541
131878,HSS-8076156
131926,HSS-1042759
132468,HSS-8066037
132392,HSS-8078453
132431,HSS-8078150
132451,HSS-8069789
132185,HSS-8070907
132279,HSS-8011880
132286,HSS-8073095
132756,HSS-8075379
132649,C003771
132664,HSS-1039901
132677,HSS-1043661
166527,HSS-8059646
166623,HSS-8078669
166416,HSS-1021148
166676,HSS-1038999
166680,HSS-1032032
166938,HSS-8071188
178502,HSS-8059623
167222,C000999
167223,C001004
167225,C001019
167227,C001170
164196,HSS-8068242
164303,HSS-8073092
164272,HSS-8058487
225279,HSS-1995855
208452,
208494,
208555,
208663,
225088,HSS-1995840
225277,HSS-8083665
225090,HSS-1995848
225091,HSS-8084068
225096,HSS-8084052
225251,HSS-1045328
225252,HSS-8083381
225248,HSS-8083330
225249,HSS-8083377
225246,HSS-1045586
196652,
208289,
208290,
225275,HSS-1045372
196511,
196527,HSS-8078648
196546,ECN-77805
196494,HSS-1032930
196553,HSS-1032716
196589,HSS-1954755
229405,HSS-1045094
229420,HSS-8067880
229983,HSS-1045242
229899,HSS-8082822
230170,HSS-8082299
230174,HSS-1045056
229951,HSS-8082315
235268,HSS-8093434
228404,HSS-8082312
229304,HSS-8082316
229308,HSS-8083623
229192,HSS-8083133
230283,HSS-1045219
230395,HSS-8082649
201727,HSS-1044298
82409,HSS-8088299
117045,HSS-1992426
247754,HSS-8089932
235253,HSS-1997576
235254,HSS-1997601
247751,HSS-8090015
247752,HSS-8089795
257551,HSS-1940354
236269,HSS-8087952
238898,HSS-1047546
235238,HSS-1998544
235239,HSS-8085939
235240,HSS-8085927
182536,HSS-8082000
232785,HSS-8092951
233937,HSS-1046518
228320,HSS-1045141
136424,HSS-8081429
230527,HSS-8082314
230601,HSS-8082831
230631,HSS-8082346
229565,HSS-1045098
229572,HSS-1044767
229783,HSS-8082327
229796,HSS-8083627
228797,HSS-8082298
228808,HSS-8068506
227417,HSS-1045226
179390,HSS-8081058
179449,HSS-5048773
192510,HSS-8081145
225133,HSS-1995865
209790,
225131,HSS-8083443
227556,HSS-8095350
14503,HSS-1044726
211004,
211237,
2179,HSS-5029399
225126,HSS-8084048
225127,HSS-8084044
209905,
210112,
210302,
210455,
244765,HSS-8090272
248389,HSS-8090086
244759,HSS-8090863
261740,HSS-8093166
263194,HSS-1940398
243724,HSS-1003983
244752,HSS-8090876
244747,HSS-8090856
236193,HSS-1047212
236221,HSS-1046623
232798,HSS-8092430
233198,HSS-8094482
233200,HSS-8094368
233201,HSS-8094357
233202,HSS-8094479
233205,HSS-8094354
233206,HSS-8094363
233207,HSS-8094485
233212,HSS-8094475
233215,HSS-8094471
247758,HSS-8091054
247759,HSS-8090019
232790,HSS-8092940
232791,HSS-8092941
232792,HSS-8092934
232793,HSS-8092956
232794,HSS-8092933
232795,HSS-8091935
236537,HSS-1047136
233193,HSS-8094480
233196,HSS-8094507
233197,HSS-8094384
244746,HSS-8090881
236317,HSS-1046529
257555,HSS-8093524
246011,HSS-1047786
233182,HSS-8094489
233184,HSS-8094355
233185,HSS-8094376
257552,HSS-8094438
233189,HSS-8094362
234555,HSS-1997582
234556,HSS-1997611
234562,HSS-1997604
234559,HSS-1997610
233112,HSS-8094876
233113,HSS-8094552
233159,HSS-8095582
236277,HSS-8088273
233161,HSS-8094871
233109,HSS-1998348
233898,HSS-8085272
256356,HSS-1961919
233894,HSS-8085076
233149,HSS-8094905
233150,HSS-8094867
233151,HSS-8094888
233154,HSS-8095047
233155,HSS-8094476
233156,HSS-8094872
234578,HSS-1997586
234579,HSS-1997627
234582,HSS-1997621
233178,HSS-8094467
232851,HSS-8084110
233180,HSS-8094484
233181,HSS-8094503
236369,HSS-1047753
234569,HSS-1997614
234567,HSS-1997625
234564,HSS-1997584
234565,HSS-1997599
234572,HSS-1997597
234573,HSS-1997595
234574,HSS-1997612
234576,HSS-1997607
233354,HSS-8084307
233144,HSS-8095050
232769,HSS-8091934
233134,HSS-8094483
232772,HSS-8091940
247173,HSS-8089918
244864,HSS-8091279
256770,HSS-8094015
256772,HSS-8093844
257188,HSS-1111522
247161,HSS-1047799
247158,HSS-1047796
257191,HSS-8094960
256360,HSS-1961917
256361,HSS-1111406
256362,HSS-1961912
244823,HSS-8091283
244825,HSS-8091766
244828,HSS-8091452
244836,HSS-8090538
244835,HSS-8090544
244838,HSS-8090555
244839,HSS-8090537
244840,HSS-8090543
246022,HSS-1048112
244312,HSS-1048933
244803,HSS-8091459
233243,HSS-8094403
233232,HSS-8094880
247205,HSS-8090001
247206,HSS-8090013
278417,HSS-8096556
278418,HSS-8096614
245879,HSS-1047564
245880,HSS-1047565
247018,HSS-8089403
245454,HSS-1047561
247208,HSS-8089816
245496,HSS-8089274
244924,HSS-1047450
256695,HSS-8094134
256696,HSS-8094141
256697,HSS-8094143
256690,HSS-8094136
256691,HSS-1111717
247803,HSS-8089786
256692,HSS-8094128
256693,HSS-8094250
247804,HSS-8089780
254080,HSS-1049364
247196,HSS-8090017
247197,HSS-1047953
247198,HSS-1047954
247795,HSS-8089813
247216,HSS-1047958
247200,HSS-1047900
247202,HSS-8089817
247218,HSS-8089997
247220,HSS-8090007
245935,HSS-1048900
245941,HSS-1047995
245890,HSS-1048972
245891,HSS-1111146
245895,HSS-1048472
245896,HSS-1111198
245897,HSS-1048732
245898,HSS-1110455
245899,HSS-1047708
256686,HSS-8094197
256687,HSS-8094183
256689,HSS-8094132
248210,HSS-8090587
250720,HSS-1048459
250721,HSS-8091245
247510,HSS-1906085
247530,HSS-8091174
248214,HSS-8090264
247521,HSS-1906086
256942,HSS-8092892
256943,HSS-8092894
256944,HSS-8092949
246872,HSS-8089425
246909,HSS-8089408
277314,HSS-7068419
256700,HSS-8094191
103695,75573
103508,HSS-1961377
103549,HSS-8013612
103237,HSS-8070834
102983,HSS-8075406
103039,HSS-1031924
103226,HSS-8070148
103167,HSS-1038114
105044,HSS-1034665
105163,HSS-8027690
105251,HSS-8077806
105306,HSS-1043059
105411,HSS-8060578
105378,HSS-1960811
105573,HSS-8060511
105450,HSS-1042272
104254,HSS-8080564
104372,HSS-8066220
104504,HSS-8070343
104515,
104774,HSS-1043608
104723,HSS-8023779
117451,
117473,HSS-8069123
117391,HSS-8079865
117256,HSS-1039893
117673,C003788
117567,HSS-1032705
117501,C003946
116599,HSS-1033040
116624,
116652,HSS-8065840
117047,HSS-8068246
117068,HSS-8025227
116832,HSS-8079155
118224,C002271
117781,HSS-1032594
117726,HSS-8068177
117875,HSS-8026048
117973,HSS-8080130
117978,103009
118523,HSS-8068222
118788,HSS-1038116
118686,HSS-1035107
118364,HSS-8078665
118280,C004890
118517,HSS-8079621
118442,C004876
75522,HSS-8075906
75649,HSS-1042842
75581,HSS-1043377
75841,C004050
75837,HSS-1032921
87203,HSS-8075889
87325,C008685
87444,HSS-8060540
87539,HSS-8080062
87832,HSS-1039735
87635,HSS-8016941
87758,HSS-8061264
88075,HSS-8080069
89283,
89306,HSS-8076704
89415,HSS-8077814
88743,HSS-8066387
88900,HSS-8069788
89059,C015212
89196,HSS-1036898
88533,HSS-1043486
88598,HSS-8018885
88621,HSS-1028668
88319,HSS-8068180
88321,HSS-1040158
88155,105175
88234,HSS-8066026
88236,HSS-8014786
102226,HSS-8061707
102213,75574
102397,HSS-8075420
102399,HSS-1032257
102456,HSS-8069798
90590,HSS-8070324
90618,HSS-8058907
90629,HSS-8070903
90886,C003806
90887,C003814
90910,HSS-8059638
89815,HSS-1013096
73271,HSS-8075896
73558,HSS-8073082
73404,HSS-1044443
73451,HSS-8080802
60123,HSS-8020194
59968,HSS-8075912
59988,
60367,C004049
60148,HSS-8065181
60291,HSS-8066232
60527,HSS-8078652
60621,HSS-8059640
60592,
60694,HSS-8075939
60766,HSS-8079597
60837,HSS-1043184
60815,HSS-1968230
60928,HSS-1042840
60932,HSS-1043434
61023,HSS-8075453
61025,HSS-8018096
61216,HSS-8065200
61223,98714
61226,98712
61234,HSS-8018464
61076,HSS-8068255
61134,HSS-8025818
72438,HSS-8075439
72462,HSS-1033880
72482,HSS-1031302
72485,HSS-8078274
72559,HSS-8065146
72571,HSS-8067921
72540,HSS-8059474
72927,HSS-8066230
72932,HSS-8076140
72942,
72715,HSS-8059626
11560,HSS-1964319
11621,HSS-8076431
3774,HSS-8075892
3720,HSS-8014339
3656,HSS-8079620
3269,HSS-8078087
3285,HSS-8057882
3488,HSS-8076892
2699,
3227,HSS-8059632
3154,HSS-8014299
3157,HSS-8074577
3168,HSS-8024081
2014,HSS-1958720
2232,HSS-8059473
13533,HSS-8069302
13428,HSS-8077306
13467,
13727,HSS-8074055
13729,HSS-8012798
14333,HSS-8061664
14337,HSS-1962219
14169,HSS-8079644
14179,HSS-8013362
14189,HSS-8025614
14230,HSS-1042914
12623,HSS-1967652
12185,HSS-8080542
12231,HSS-1036018
12261,HSS-1952476
12148,HSS-8057887
12039,HSS-8073064
13017,HSS-1044235
12515,HSS-8023776
12943,HSS-8078704
12831,HSS-1027468
29101,HSS-8075953
29114,HSS-1032254
29367,HSS-8075431
29194,HSS-8076917
29036,HSS-8059641
30273,HSS-1988128
30206,HSS-8075897
30038,HSS-1042839
30039,HSS-8025228
30059,HSS-8060577
30073,HSS-8076419
29764,HSS-8010527
271511,HSS-8096377
271646,HSS-8096523
263572,HSS-1940393
263716,HSS-8094717
263581,HSS-1940375
263169,HSS-1940359
273882,HSS-8096094
272719,HSS-8095194
248939,HSS-1048229
271513,HSS-8096512
265838,HSS-8093411
265841,HSS-8092852
265843,HSS-8092706
268996,HSS-8096275
273878,HSS-8096357
268960,HSS-8096460
274295,HSS-8093619
280747,HSS-8096705
250763,HSS-1048072
250759,HSS-8090878
248282,HSS-8090292
248315,HSS-1048730
248494,HSS-1049333
248302,HSS-8091872
248306,HSS-1048656
248083,HSS-8091520
248076,HSS-8091822
248497,HSS-1049278
248501,HSS-1049283
248071,HSS-8091804
248088,HSS-1903206
248067,HSS-8091947
248069,HSS-8091938
248048,HSS-8091759
248058,HSS-1049047
248062,HSS-8091823
248043,HSS-8091828
250753,HSS-1048455
250756,HSS-1048440
250751,HSS-1048454
250745,HSS-1048389
256717,HSS-8094135
256716,HSS-8094189
248492,HSS-1049192
249667,HSS-1048959
247301,HSS-8090352
247319,HSS-8090774
269279,HSS-8096206
280826,HSS-8096711
273410,HSS-8096052
280360,HSS-8096752
279860,HSS-8096490
279858,HSS-8096502
279826,HSS-1112157
279831,HSS-1111861
